Description,StockCode,TotalRevenue
Backpack,SKU_1995,16542.71
Backpack,SKU_1185,15320.19
Backpack,SKU_1983,15197.54
Backpack,SKU_1203,13772.34
Backpack,SKU_1676,13650.02
Backpack,SKU_1743,13615.63
Backpack,SKU_1487,12283.3
Backpack,SKU_1771,12144.11
Backpack,SKU_1906,12120.73
Backpack,SKU_1539,11907.76
Backpack,SKU_1656,11889.31
Backpack,SKU_1521,11846.61
Backpack,SKU_1522,11742.08
Backpack,SKU_1682,11718.9
Backpack,SKU_1791,11661.01
Backpack,SKU_1848,11634.65
Backpack,SKU_1099,11586.57
Backpack,SKU_1590,11557.51
Backpack,SKU_1893,11433.9
Backpack,SKU_1757,11419.81
Backpack,SKU_1854,11337.19
Backpack,SKU_1818,11332.18
Backpack,SKU_1012,11331.98
Backpack,SKU_1044,11330.12
Backpack,SKU_1430,11306.66
Backpack,SKU_1654,11275.51
Backpack,SKU_1866,11249.22
Backpack,SKU_1359,11158.29
Backpack,SKU_1985,11155.33
Backpack,SKU_1109,11022.04
Backpack,SKU_1076,10992.23
Backpack,SKU_1951,10988.44
Backpack,SKU_1112,10919.99
Backpack,SKU_1022,10862.31
Backpack,SKU_1473,10608.86
Backpack,SKU_1950,10526.4
Backpack,SKU_1023,10525.17
Backpack,SKU_1657,10335.93
Backpack,SKU_1641,10317.45
Backpack,SKU_1726,10285.6
Backpack,SKU_1153,10168.88
Backpack,SKU_1744,10015.64
Backpack,SKU_1869,9985.42
Backpack,SKU_1308,9963.98
Backpack,SKU_1469,9873.45
Backpack,SKU_1061,9866.4
Backpack,SKU_1593,9828.85
Backpack,SKU_1339,9753.49
Backpack,SKU_1811,9725.96
Backpack,SKU_1836,9703.82
Backpack,SKU_1343,9696.93
Backpack,SKU_1351,9640.15
Backpack,SKU_1545,9585.74
Backpack,SKU_1440,9571.93
Backpack,SKU_1306,9530.56
Backpack,SKU_1786,9483.86
Backpack,SKU_1795,9468.56
Backpack,SKU_1037,9444.5
Backpack,SKU_1121,9368.23
Backpack,SKU_1139,9328.22
Backpack,SKU_1507,9313.49
Backpack,SKU_1611,9277.74
Backpack,SKU_1806,9271.15
Backpack,SKU_1949,9232.68
Backpack,SKU_1081,9190.15
Backpack,SKU_1386,9158.02
Backpack,SKU_1697,9073.93
Backpack,SKU_1891,9033.18
Backpack,SKU_1274,9028.43
Backpack,SKU_1246,9006.2
Backpack,SKU_1926,8994.97
Backpack,SKU_1241,8955.77
Backpack,SKU_1736,8912.4
Backpack,SKU_1434,8905.99
Backpack,SKU_1244,8894.22
Backpack,SKU_1998,8893.94
Backpack,SKU_1458,8885.33
Backpack,SKU_1612,8765.66
Backpack,SKU_1965,8765.22
Backpack,SKU_1216,8705.44
Backpack,SKU_1485,8688.15
Backpack,SKU_1735,8674.61
Backpack,SKU_1753,8649.62
Backpack,SKU_1843,8648.58
Backpack,SKU_1038,8608.96
Backpack,SKU_1422,8578.9
Backpack,SKU_1157,8555.45
Backpack,SKU_1780,8481.7
Backpack,SKU_1853,8437.24
Backpack,SKU_1263,8432.73
Backpack,SKU_1151,8427.16
Backpack,SKU_1394,8423.77
Backpack,SKU_1739,8408.65
Backpack,SKU_1303,8403.73
Backpack,SKU_1712,8359.19
Backpack,SKU_1596,8349.92
Backpack,SKU_1346,8344.97
Backpack,SKU_1680,8335.84
Backpack,SKU_1218,8329.6
Backpack,SKU_1314,8290.9
Backpack,SKU_1058,8281.47
Backpack,SKU_1938,8248.2
Backpack,SKU_1594,8226.27
Backpack,SKU_1579,8156.27
Backpack,SKU_1041,8154.39
Backpack,SKU_1028,8117.12
Backpack,SKU_1605,8113.2
Backpack,SKU_1769,8012.53
Backpack,SKU_1189,7997.39
Backpack,SKU_1653,7973.25
Backpack,SKU_1451,7948.52
Backpack,SKU_1486,7922.82
Backpack,SKU_1257,7919.3
Backpack,SKU_1981,7901.76
Backpack,SKU_1307,7881.54
Backpack,SKU_1341,7863.27
Backpack,SKU_1514,7844.69
Backpack,SKU_1419,7836.69
Backpack,SKU_1688,7824.78
Backpack,SKU_1106,7773.19
Backpack,SKU_1477,7760.28
Backpack,SKU_1964,7757.87
Backpack,SKU_1322,7725.63
Backpack,SKU_1427,7721.53
Backpack,SKU_1517,7720.92
Backpack,SKU_1259,7709.39
Backpack,SKU_1917,7628.64
Backpack,SKU_1294,7605.7
Backpack,SKU_1436,7603.95
Backpack,SKU_1839,7586.52
Backpack,SKU_1077,7559.87
Backpack,SKU_1468,7543.55
Backpack,SKU_1999,7522.31
Backpack,SKU_1923,7514.92
Backpack,SKU_1937,7481.67
Backpack,SKU_1646,7411.73
Backpack,SKU_1711,7405.36
Backpack,SKU_1664,7399.01
Backpack,SKU_1047,7364.51
Backpack,SKU_1194,7355.94
Backpack,SKU_1847,7353.37
Backpack,SKU_1895,7315.42
Backpack,SKU_1750,7288.93
Backpack,SKU_1669,7287.24
Backpack,SKU_1577,7284.79
Backpack,SKU_1395,7259.07
Backpack,SKU_1002,7249.03
Backpack,SKU_1213,7220.39
Backpack,SKU_1761,7201.79
Backpack,SKU_1373,7183.6
Backpack,SKU_1383,7161.75
Backpack,SKU_1478,7155.85
Backpack,SKU_1471,7145.31
Backpack,SKU_1742,7144.28
Backpack,SKU_1902,7131.76
Backpack,SKU_1021,7123.3
Backpack,SKU_1729,7113.49
Backpack,SKU_1782,7110.38
Backpack,SKU_1629,7102.2
Backpack,SKU_1939,7094.43
Backpack,SKU_1269,7087.5
Backpack,SKU_1179,7052.47
Backpack,SKU_1088,7043.47
Backpack,SKU_1667,7033.89
Backpack,SKU_1690,7012.87
Backpack,SKU_1292,7005.56
Backpack,SKU_1375,6997.9
Backpack,SKU_1005,6981.68
Backpack,SKU_1039,6975.16
Backpack,SKU_1387,6969.62
Backpack,SKU_1564,6967.72
Backpack,SKU_1437,6965.84
Backpack,SKU_1051,6918.5
Backpack,SKU_1289,6839.65
Backpack,SKU_1027,6815.63
Backpack,SKU_1087,6804.96
Backpack,SKU_1064,6804.02
Backpack,SKU_1353,6800.78
Backpack,SKU_1480,6759.03
Backpack,SKU_1221,6742.1
Backpack,SKU_1024,6736.09
Backpack,SKU_1516,6702.9
Backpack,SKU_1766,6691.56
Backpack,SKU_1363,6680.99
Backpack,SKU_1709,6624.09
Backpack,SKU_1334,6607.01
Backpack,SKU_1536,6600.39
Backpack,SKU_1129,6595.34
Backpack,SKU_1737,6589.76
Backpack,SKU_1597,6578.79
Backpack,SKU_1834,6562.44
Backpack,SKU_1497,6555.5
Backpack,SKU_1361,6543.98
Backpack,SKU_1284,6516.17
Backpack,SKU_1234,6507.92
Backpack,SKU_1557,6485.74
Backpack,SKU_1725,6471.0
Backpack,SKU_1352,6465.75
Backpack,SKU_1285,6456.38
Backpack,SKU_1512,6452.04
Backpack,SKU_1556,6434.49
Backpack,SKU_1510,6406.39
Backpack,SKU_1860,6398.44
Backpack,SKU_1856,6371.26
Backpack,SKU_1429,6310.15
Backpack,SKU_1137,6307.63
Backpack,SKU_1374,6305.6
Backpack,SKU_1461,6292.4
Backpack,SKU_1683,6290.56
Backpack,SKU_1584,6264.62
Backpack,SKU_1991,6238.18
Backpack,SKU_1315,6216.72
Backpack,SKU_1236,6147.81
Backpack,SKU_1844,6140.7
Backpack,SKU_1217,6133.84
Backpack,SKU_1526,6128.55
Backpack,SKU_1225,6110.51
Backpack,SKU_1944,6099.65
Backpack,SKU_1574,6089.95
Backpack,SKU_1792,6089.91
Backpack,SKU_1457,6089.19
Backpack,SKU_1280,6086.18
Backpack,SKU_1370,6078.0
Backpack,SKU_1749,6077.37
Backpack,SKU_1300,6074.48
Backpack,SKU_1309,6070.1
Backpack,SKU_1248,6056.91
Backpack,SKU_1589,6053.22
Backpack,SKU_1177,6050.47
Backpack,SKU_1163,6037.0
Backpack,SKU_1500,6029.57
Backpack,SKU_1718,5999.26
Backpack,SKU_1566,5996.22
Backpack,SKU_1045,5995.24
Backpack,SKU_1355,5993.49
Backpack,SKU_1773,5988.64
Backpack,SKU_1167,5987.59
Backpack,SKU_1107,5971.84
Backpack,SKU_1040,5956.46
Backpack,SKU_1438,5947.5
Backpack,SKU_1311,5941.87
Backpack,SKU_1411,5941.48
Backpack,SKU_1727,5931.26
Backpack,SKU_1626,5917.85
Backpack,SKU_1092,5904.26
Backpack,SKU_1340,5897.59
Backpack,SKU_1227,5888.25
Backpack,SKU_1881,5885.68
Backpack,SKU_1532,5858.78
Backpack,SKU_1329,5851.22
Backpack,SKU_1431,5849.29
Backpack,SKU_1887,5807.0
Backpack,SKU_1701,5806.92
Backpack,SKU_1265,5801.01
Backpack,SKU_1171,5799.42
Backpack,SKU_1925,5797.29
Backpack,SKU_1861,5793.1
Backpack,SKU_1407,5778.26
Backpack,SKU_1301,5775.54
Backpack,SKU_1384,5769.92
Backpack,SKU_1080,5761.31
Backpack,SKU_1366,5757.47
Backpack,SKU_1560,5750.5
Backpack,SKU_1695,5745.49
Backpack,SKU_1455,5721.37
Backpack,SKU_1687,5706.09
Backpack,SKU_1613,5691.47
Backpack,SKU_1128,5686.83
Backpack,SKU_1675,5682.5
Backpack,SKU_1435,5660.21
Backpack,SKU_1114,5646.92
Backpack,SKU_1872,5646.06
Backpack,SKU_1959,5641.92
Backpack,SKU_1627,5637.5
Backpack,SKU_1442,5621.24
Backpack,SKU_1035,5618.89
Backpack,SKU_1588,5599.67
Backpack,SKU_1980,5580.2
Backpack,SKU_1423,5556.05
Backpack,SKU_1250,5538.87
Backpack,SKU_1846,5527.93
Backpack,SKU_1371,5527.48
Backpack,SKU_1745,5520.51
Backpack,SKU_1661,5513.98
Backpack,SKU_1135,5512.86
Backpack,SKU_1763,5499.5
Backpack,SKU_1198,5468.8
Backpack,SKU_1886,5458.21
Backpack,SKU_1266,5442.12
Backpack,SKU_1928,5433.94
Backpack,SKU_1181,5419.79
Backpack,SKU_1247,5417.28
Backpack,SKU_1555,5415.45
Backpack,SKU_1651,5408.43
Backpack,SKU_1165,5403.86
Backpack,SKU_1150,5392.44
Backpack,SKU_1947,5364.79
Backpack,SKU_1131,5362.53
Backpack,SKU_1541,5361.7
Backpack,SKU_1754,5360.19
Backpack,SKU_1418,5359.81
Backpack,SKU_1400,5354.03
Backpack,SKU_1187,5347.95
Backpack,SKU_1238,5347.41
Backpack,SKU_1622,5345.0
Backpack,SKU_1337,5342.8
Backpack,SKU_1916,5319.91
Backpack,SKU_1209,5308.07
Backpack,SKU_1115,5304.45
Backpack,SKU_1714,5304.38
Backpack,SKU_1105,5274.91
Backpack,SKU_1276,5266.0
Backpack,SKU_1842,5255.41
Backpack,SKU_1504,5254.67
Backpack,SKU_1601,5253.92
Backpack,SKU_1614,5211.46
Backpack,SKU_1295,5193.99
Backpack,SKU_1232,5186.56
Backpack,SKU_1415,5181.6
Backpack,SKU_1751,5180.29
Backpack,SKU_1670,5166.09
Backpack,SKU_1262,5158.86
Backpack,SKU_1823,5155.65
Backpack,SKU_1915,5149.28
Backpack,SKU_1827,5147.27
Backpack,SKU_1287,5128.07
Backpack,SKU_1681,5112.37
Backpack,SKU_1931,5112.16
Backpack,SKU_1914,5105.89
Backpack,SKU_1243,5101.64
Backpack,SKU_1424,5097.32
Backpack,SKU_1297,5085.58
Backpack,SKU_1494,5077.93
Backpack,SKU_1962,5072.09
Backpack,SKU_1433,5060.53
Backpack,SKU_1945,5043.41
Backpack,SKU_1875,5041.23
Backpack,SKU_1922,5034.07
Backpack,SKU_1799,5018.4
Backpack,SKU_1007,4996.3
Backpack,SKU_1331,4992.85
Backpack,SKU_1528,4981.17
Backpack,SKU_1347,4972.02
Backpack,SKU_1220,4962.45
Backpack,SKU_1520,4961.44
Backpack,SKU_1543,4959.36
Backpack,SKU_1316,4916.09
Backpack,SKU_1125,4909.66
Backpack,SKU_1911,4890.59
Backpack,SKU_1752,4866.19
Backpack,SKU_1826,4865.96
Backpack,SKU_1068,4865.72
Backpack,SKU_1984,4845.8
Backpack,SKU_1488,4838.69
Backpack,SKU_1717,4834.0
Backpack,SKU_1977,4827.07
Backpack,SKU_1779,4810.23
Backpack,SKU_1943,4806.35
Backpack,SKU_1798,4804.14
Backpack,SKU_1214,4795.8
Backpack,SKU_1348,4791.93
Backpack,SKU_1020,4789.23
Backpack,SKU_1103,4782.31
Backpack,SKU_1176,4776.68
Backpack,SKU_1149,4772.92
Backpack,SKU_1619,4766.71
Backpack,SKU_1324,4757.57
Backpack,SKU_1059,4749.63
Backpack,SKU_1907,4735.09
Backpack,SKU_1010,4727.66
Backpack,SKU_1813,4717.34
Backpack,SKU_1196,4707.69
Backpack,SKU_1679,4706.78
Backpack,SKU_1814,4705.06
Backpack,SKU_1624,4698.17
Backpack,SKU_1874,4692.74
Backpack,SKU_1686,4683.3
Backpack,SKU_1056,4681.41
Backpack,SKU_1506,4680.98
Backpack,SKU_1967,4668.75
Backpack,SKU_1096,4656.34
Backpack,SKU_1705,4652.53
Backpack,SKU_1942,4651.23
Backpack,SKU_1684,4645.66
Backpack,SKU_1043,4644.82
Backpack,SKU_1432,4641.33
Backpack,SKU_1781,4637.71
Backpack,SKU_1271,4627.2
Backpack,SKU_1728,4622.5
Backpack,SKU_1668,4622.08
Backpack,SKU_1492,4612.11
Backpack,SKU_1996,4607.56
Backpack,SKU_1570,4600.94
Backpack,SKU_1578,4595.39
Backpack,SKU_1851,4595.0
Backpack,SKU_1903,4590.65
Backpack,SKU_1787,4573.82
Backpack,SKU_1756,4565.76
Backpack,SKU_1288,4549.53
Backpack,SKU_1982,4529.55
Backpack,SKU_1013,4525.15
Backpack,SKU_1242,4516.47
Backpack,SKU_1946,4514.16
Backpack,SKU_1495,4512.65
Backpack,SKU_1222,4511.69
Backpack,SKU_1625,4509.84
Backpack,SKU_1658,4507.36
Backpack,SKU_1229,4498.34
Backpack,SKU_1342,4485.73
Backpack,SKU_1879,4482.79
Backpack,SKU_1607,4470.68
Backpack,SKU_1643,4467.91
Backpack,SKU_1169,4454.67
Backpack,SKU_1275,4443.6
Backpack,SKU_1878,4439.34
Backpack,SKU_1379,4429.79
Backpack,SKU_1812,4426.92
Backpack,SKU_1053,4415.45
Backpack,SKU_1871,4415.28
Backpack,SKU_1583,4411.97
Backpack,SKU_1172,4410.31
Backpack,SKU_1941,4404.74
Backpack,SKU_1665,4399.45
Backpack,SKU_1019,4369.97
Backpack,SKU_1145,4360.52
Backpack,SKU_1302,4329.17
Backpack,SKU_1261,4320.17
Backpack,SKU_1228,4310.08
Backpack,SKU_1050,4309.42
Backpack,SKU_1224,4303.55
Backpack,SKU_1231,4299.76
Backpack,SKU_1489,4297.44
Backpack,SKU_1662,4297.34
Backpack,SKU_1138,4292.72
Backpack,SKU_1660,4288.89
Backpack,SKU_1994,4285.39
Backpack,SKU_1358,4285.07
Backpack,SKU_1993,4282.33
Backpack,SKU_1164,4281.19
Backpack,SKU_1382,4269.9
Backpack,SKU_1207,4254.81
Backpack,SKU_1378,4248.74
Backpack,SKU_1319,4248.11
Backpack,SKU_1948,4241.7
Backpack,SKU_1161,4239.64
Backpack,SKU_1496,4215.71
Backpack,SKU_1713,4213.62
Backpack,SKU_1858,4212.08
Backpack,SKU_1134,4209.69
Backpack,SKU_1014,4196.84
Backpack,SKU_1533,4170.71
Backpack,SKU_1119,4168.14
Backpack,SKU_1055,4165.09
Backpack,SKU_1810,4158.95
Backpack,SKU_1016,4148.32
Backpack,SKU_1399,4140.93
Backpack,SKU_1063,4132.44
Backpack,SKU_1901,4096.88
Backpack,SKU_1530,4083.38
Backpack,SKU_1987,4078.87
Backpack,SKU_1604,4075.78
Backpack,SKU_1144,4069.85
Backpack,SKU_1240,4063.58
Backpack,SKU_1403,4052.0
Backpack,SKU_1277,4042.27
Backpack,SKU_1260,4029.69
Backpack,SKU_1168,4025.39
Backpack,SKU_1958,4025.09
Backpack,SKU_1606,4023.75
Backpack,SKU_1082,4017.66
Backpack,SKU_1426,3995.06
Backpack,SKU_1829,3965.94
Backpack,SKU_1598,3964.33
Backpack,SKU_1616,3957.84
Backpack,SKU_1859,3945.92
Backpack,SKU_1472,3928.21
Backpack,SKU_1390,3910.56
Backpack,SKU_1647,3897.19
Backpack,SKU_1825,3895.79
Backpack,SKU_1065,3887.63
Backpack,SKU_1819,3885.37
Backpack,SKU_1963,3880.35
Backpack,SKU_1930,3866.56
Backpack,SKU_1561,3865.38
Backpack,SKU_1450,3864.29
Backpack,SKU_1632,3862.66
Backpack,SKU_1519,3858.22
Backpack,SKU_1498,3847.09
Backpack,SKU_1004,3844.19
Backpack,SKU_1304,3815.33
Backpack,SKU_1897,3808.8
Backpack,SKU_1703,3800.87
Backpack,SKU_1807,3790.89
Backpack,SKU_1416,3790.59
Backpack,SKU_1264,3769.26
Backpack,SKU_1966,3769.14
Backpack,SKU_1730,3761.67
Backpack,SKU_1141,3752.48
Backpack,SKU_1997,3741.07
Backpack,SKU_1873,3720.05
Backpack,SKU_1775,3709.05
Backpack,SKU_1391,3695.13
Backpack,SKU_1960,3689.61
Backpack,SKU_1267,3686.93
Backpack,SKU_1199,3683.79
Backpack,SKU_1554,3683.51
Backpack,SKU_1691,3680.99
Backpack,SKU_1299,3672.58
Backpack,SKU_1104,3669.37
Backpack,SKU_1973,3664.18
Backpack,SKU_1602,3659.62
Backpack,SKU_1790,3657.51
Backpack,SKU_1237,3653.73
Backpack,SKU_1484,3646.66
Backpack,SKU_1466,3645.86
Backpack,SKU_1481,3642.47
Backpack,SKU_1635,3636.41
Backpack,SKU_1072,3634.29
Backpack,SKU_1465,3631.18
Backpack,SKU_1095,3612.46
Backpack,SKU_1918,3612.25
Backpack,SKU_1190,3608.08
Backpack,SKU_1325,3605.61
Backpack,SKU_1587,3599.17
Backpack,SKU_1113,3597.21
Backpack,SKU_1078,3595.56
Backpack,SKU_1182,3590.73
Backpack,SKU_1908,3589.54
Backpack,SKU_1832,3585.36
Backpack,SKU_1132,3584.36
Backpack,SKU_1899,3579.17
Backpack,SKU_1490,3576.46
Backpack,SKU_1838,3569.39
Backpack,SKU_1652,3563.64
Backpack,SKU_1152,3563.24
Backpack,SKU_1476,3561.68
Backpack,SKU_1659,3560.86
Backpack,SKU_1046,3559.06
Backpack,SKU_1830,3544.76
Backpack,SKU_1009,3544.32
Backpack,SKU_1864,3506.12
Backpack,SKU_1955,3503.19
Backpack,SKU_1768,3486.38
Backpack,SKU_1892,3485.03
Backpack,SKU_1085,3481.22
Backpack,SKU_1333,3462.52
Backpack,SKU_1600,3447.35
Backpack,SKU_1254,3444.88
Backpack,SKU_1026,3440.93
Backpack,SKU_1509,3440.4
Backpack,SKU_1116,3430.56
Backpack,SKU_1192,3429.01
Backpack,SKU_1090,3428.21
Backpack,SKU_1317,3417.08
Backpack,SKU_1608,3416.29
Backpack,SKU_1066,3413.33
Backpack,SKU_1793,3407.35
Backpack,SKU_1233,3406.98
Backpack,SKU_1253,3402.17
Backpack,SKU_1354,3396.75
Backpack,SKU_1772,3389.34
Backpack,SKU_1905,3365.3
Backpack,SKU_1420,3362.02
Backpack,SKU_1123,3353.29
Backpack,SKU_1599,3349.64
Backpack,SKU_1666,3343.61
Backpack,SKU_1069,3340.79
Backpack,SKU_1408,3313.61
Backpack,SKU_1008,3311.02
Backpack,SKU_1356,3292.49
Backpack,SKU_1885,3286.19
Backpack,SKU_1396,3274.04
Backpack,SKU_1245,3273.96
Backpack,SKU_1258,3251.49
Backpack,SKU_1278,3245.15
Backpack,SKU_1197,3244.33
Backpack,SKU_1804,3241.83
Backpack,SKU_1335,3237.76
Backpack,SKU_1193,3218.37
Backpack,SKU_1412,3215.39
Backpack,SKU_1909,3188.42
Backpack,SKU_1568,3188.22
Backpack,SKU_1042,3185.99
Backpack,SKU_1805,3185.72
Backpack,SKU_1615,3184.86
Backpack,SKU_1015,3183.73
Backpack,SKU_1863,3161.15
Backpack,SKU_1722,3158.55
Backpack,SKU_1591,3157.94
Backpack,SKU_1628,3152.65
Backpack,SKU_1505,3145.23
Backpack,SKU_1649,3141.79
Backpack,SKU_1410,3131.65
Backpack,SKU_1449,3129.79
Backpack,SKU_1454,3129.03
Backpack,SKU_1100,3126.61
Backpack,SKU_1001,3124.05
Backpack,SKU_1610,3122.54
Backpack,SKU_1719,3121.94
Backpack,SKU_1071,3119.57
Backpack,SKU_1136,3093.44
Backpack,SKU_1439,3091.16
Backpack,SKU_1620,3087.31
Backpack,SKU_1025,3086.46
Backpack,SKU_1630,3078.67
Backpack,SKU_1513,3069.46
Backpack,SKU_1393,3059.79
Backpack,SKU_1800,3036.3
Backpack,SKU_1482,3034.96
Backpack,SKU_1972,3033.6
Backpack,SKU_1003,3032.89
Backpack,SKU_1733,3025.68
Backpack,SKU_1296,3021.61
Backpack,SKU_1140,3019.42
Backpack,SKU_1515,3019.15
Backpack,SKU_1849,3014.22
Backpack,SKU_1380,2996.08
Backpack,SKU_1323,2984.84
Backpack,SKU_1202,2984.32
Backpack,SKU_1971,2980.73
Backpack,SKU_1634,2965.53
Backpack,SKU_1815,2962.46
Backpack,SKU_1877,2962.22
Backpack,SKU_1098,2951.28
Backpack,SKU_1252,2950.05
Backpack,SKU_1857,2945.61
Backpack,SKU_1732,2943.11
Backpack,SKU_1033,2913.21
Backpack,SKU_1765,2905.1
Backpack,SKU_1406,2897.72
Backpack,SKU_1888,2894.06
Backpack,SKU_1405,2878.2
Backpack,SKU_1310,2876.93
Backpack,SKU_1704,2871.13
Backpack,SKU_1462,2866.64
Backpack,SKU_1079,2865.83
Backpack,SKU_1759,2853.33
Backpack,SKU_1212,2852.62
Backpack,SKU_1755,2851.98
Backpack,SKU_1845,2844.89
Backpack,SKU_1531,2838.17
Backpack,SKU_1706,2813.62
Backpack,SKU_1344,2812.35
Backpack,SKU_1470,2811.3
Backpack,SKU_1142,2804.6
Backpack,SKU_1156,2796.13
Backpack,SKU_1708,2788.24
Backpack,SKU_1699,2787.15
Backpack,SKU_1969,2781.7
Backpack,SKU_1558,2779.22
Backpack,SKU_1073,2769.76
Backpack,SKU_1979,2767.16
Backpack,SKU_1414,2756.58
Backpack,SKU_1746,2747.78
Backpack,SKU_1867,2747.47
Backpack,SKU_1677,2746.03
Backpack,SKU_1904,2739.77
Backpack,SKU_1256,2733.91
Backpack,SKU_1770,2720.58
Backpack,SKU_1817,2707.54
Backpack,SKU_1350,2704.41
Backpack,SKU_1525,2702.93
Backpack,SKU_1623,2702.2
Backpack,SKU_1402,2694.26
Backpack,SKU_1385,2683.97
Backpack,SKU_1453,2682.69
Backpack,SKU_1286,2678.37
Backpack,SKU_1345,2677.21
Backpack,SKU_1835,2657.32
Backpack,SKU_1880,2656.05
Backpack,SKU_1332,2644.83
Backpack,SKU_1673,2644.61
Backpack,SKU_1503,2642.25
Backpack,SKU_1094,2640.0
Backpack,SKU_1226,2633.36
Backpack,SKU_1184,2632.62
Backpack,SKU_1360,2631.92
Backpack,SKU_1102,2631.9
Backpack,SKU_1921,2623.39
Backpack,SKU_1086,2591.87
Backpack,SKU_1648,2587.59
Backpack,SKU_1828,2583.82
Backpack,SKU_1089,2576.75
Backpack,SKU_1940,2569.47
Backpack,SKU_1550,2563.65
Backpack,SKU_1889,2542.91
Backpack,SKU_1425,2534.36
Backpack,SKU_1133,2534.29
Backpack,SKU_1741,2526.24
Backpack,SKU_1508,2525.79
Backpack,SKU_1883,2514.52
Backpack,SKU_1862,2512.68
Backpack,SKU_1785,2498.6
Backpack,SKU_1609,2496.19
Backpack,SKU_1502,2493.15
Backpack,SKU_1215,2491.0
Backpack,SKU_1802,2487.6
Backpack,SKU_1552,2487.22
Backpack,SKU_1447,2468.28
Backpack,SKU_1054,2464.93
Backpack,SKU_1576,2443.17
Backpack,SKU_1636,2427.66
Backpack,SKU_1821,2417.44
Backpack,SKU_1201,2413.4
Backpack,SKU_1803,2408.69
Backpack,SKU_1855,2403.01
Backpack,SKU_1956,2389.06
Backpack,SKU_1230,2378.76
Backpack,SKU_1118,2374.54
Backpack,SKU_1833,2374.15
Backpack,SKU_1685,2361.79
Backpack,SKU_1208,2358.86
Backpack,SKU_1696,2355.4
Backpack,SKU_1034,2347.92
Backpack,SKU_1562,2343.55
Backpack,SKU_1702,2323.86
Backpack,SKU_1511,2315.63
Backpack,SKU_1223,2315.02
Backpack,SKU_1101,2312.95
Backpack,SKU_1392,2312.5
Backpack,SKU_1011,2311.17
Backpack,SKU_1183,2306.58
Backpack,SKU_1376,2294.83
Backpack,SKU_1413,2285.56
Backpack,SKU_1320,2284.13
Backpack,SKU_1110,2277.56
Backpack,SKU_1083,2269.57
Backpack,SKU_1544,2266.64
Backpack,SKU_1122,2252.39
Backpack,SKU_1986,2245.74
Backpack,SKU_1298,2245.67
Backpack,SKU_1534,2244.19
Backpack,SKU_1777,2233.97
Backpack,SKU_1640,2233.79
Backpack,SKU_1518,2222.19
Backpack,SKU_1603,2211.05
Backpack,SKU_1178,2210.68
Backpack,SKU_1459,2202.32
Backpack,SKU_1870,2200.39
Backpack,SKU_1788,2199.52
Backpack,SKU_1692,2197.58
Backpack,SKU_1290,2195.07
Backpack,SKU_1580,2184.59
Backpack,SKU_1694,2181.29
Backpack,SKU_1160,2173.92
Backpack,SKU_1279,2165.02
Backpack,SKU_1173,2165.0
Backpack,SKU_1778,2154.3
Backpack,SKU_1057,2146.03
Backpack,SKU_1868,2144.88
Backpack,SKU_1549,2140.69
Backpack,SKU_1934,2124.78
Backpack,SKU_1586,2120.72
Backpack,SKU_1767,2118.42
Backpack,SKU_1369,2109.96
Backpack,SKU_1524,2106.12
Backpack,SKU_1120,2097.85
Backpack,SKU_1146,2086.29
Backpack,SKU_1074,2082.66
Backpack,SKU_1970,2076.66
Backpack,SKU_1381,2066.95
Backpack,SKU_1357,2055.78
Backpack,SKU_1084,2047.2
Backpack,SKU_1389,2040.36
Backpack,SKU_1108,2032.65
Backpack,SKU_1159,2028.76
Backpack,SKU_1211,2026.96
Backpack,SKU_1927,2018.24
Backpack,SKU_1774,2012.85
Backpack,SKU_1180,2011.36
Backpack,SKU_1448,1982.72
Backpack,SKU_1723,1982.35
Backpack,SKU_1338,1976.92
Backpack,SKU_1527,1966.88
Backpack,SKU_1894,1955.11
Backpack,SKU_1032,1952.22
Backpack,SKU_1499,1950.91
Backpack,SKU_1313,1948.38
Backpack,SKU_1166,1945.0
Backpack,SKU_1483,1941.46
Backpack,SKU_1446,1941.09
Backpack,SKU_1898,1934.65
Backpack,SKU_1186,1929.37
Backpack,SKU_1563,1918.53
Backpack,SKU_1143,1909.36
Backpack,SKU_1479,1909.34
Backpack,SKU_1048,1908.03
Backpack,SKU_1953,1907.64
Backpack,SKU_1919,1903.03
Backpack,SKU_1631,1900.33
Backpack,SKU_1760,1893.7
Backpack,SKU_1475,1889.11
Backpack,SKU_1523,1880.07
Backpack,SKU_1200,1877.19
Backpack,SKU_1585,1866.67
Backpack,SKU_1865,1861.44
Backpack,SKU_1036,1846.78
Backpack,SKU_1367,1838.65
Backpack,SKU_1716,1829.32
Backpack,SKU_1738,1828.22
Backpack,SKU_1062,1821.02
Backpack,SKU_1747,1814.58
Backpack,SKU_1326,1807.7
Backpack,SKU_1111,1804.19
Backpack,SKU_1989,1795.82
Backpack,SKU_1388,1792.89
Backpack,SKU_1850,1770.92
Backpack,SKU_1572,1768.85
Backpack,SKU_1255,1763.88
Backpack,SKU_1456,1758.91
Backpack,SKU_1715,1741.31
Backpack,SKU_1852,1737.21
Backpack,SKU_1368,1735.46
Backpack,SKU_1210,1734.14
Backpack,SKU_1017,1732.04
Backpack,SKU_1924,1717.32
Backpack,SKU_1932,1705.02
Backpack,SKU_1174,1702.89
Backpack,SKU_1992,1699.7
Backpack,SKU_1349,1698.11
Backpack,SKU_1195,1691.22
Backpack,SKU_1890,1686.63
Backpack,SKU_1318,1676.96
Backpack,SKU_1700,1668.81
Backpack,SKU_1030,1651.56
Backpack,SKU_1148,1649.16
Backpack,SKU_1540,1642.4
Backpack,SKU_1910,1626.53
Backpack,SKU_1920,1624.95
Backpack,SKU_1929,1619.23
Backpack,SKU_1175,1617.89
Backpack,SKU_1445,1613.67
Backpack,SKU_1650,1611.65
Backpack,SKU_1639,1610.25
Backpack,SKU_1553,1606.84
Backpack,SKU_1158,1606.76
Backpack,SKU_1637,1605.74
Backpack,SKU_1896,1602.27
Backpack,SKU_1328,1602.25
Backpack,SKU_1529,1592.8
Backpack,SKU_1764,1591.42
Backpack,SKU_1822,1584.74
Backpack,SKU_1882,1578.46
Backpack,SKU_1097,1556.25
Backpack,SKU_1674,1555.69
Backpack,SKU_1961,1553.49
Backpack,SKU_1537,1550.44
Backpack,SKU_1501,1550.39
Backpack,SKU_1205,1543.85
Backpack,SKU_1936,1542.25
Backpack,SKU_1559,1541.44
Backpack,SKU_1029,1537.52
Backpack,SKU_1884,1536.29
Backpack,SKU_1731,1523.39
Backpack,SKU_1444,1521.29
Backpack,SKU_1809,1514.31
Backpack,SKU_1724,1506.48
Backpack,SKU_1091,1475.39
Backpack,SKU_1638,1460.22
Backpack,SKU_1548,1448.92
Backpack,SKU_1291,1437.26
Backpack,SKU_1018,1435.07
Backpack,SKU_1452,1428.75
Backpack,SKU_1595,1407.99
Backpack,SKU_1538,1406.22
Backpack,SKU_1124,1393.11
Backpack,SKU_1551,1391.67
Backpack,SKU_1491,1384.12
Backpack,SKU_1876,1383.88
Backpack,SKU_1644,1381.91
Backpack,SKU_1933,1350.88
Backpack,SKU_1758,1331.03
Backpack,SKU_1251,1319.15
Backpack,SKU_1837,1305.36
Backpack,SKU_1581,1294.14
Backpack,SKU_1988,1283.87
Backpack,SKU_1270,1280.43
Backpack,SKU_1401,1277.88
Backpack,SKU_1443,1275.17
Backpack,SKU_1404,1264.8
Backpack,SKU_1327,1251.86
Backpack,SKU_1693,1242.51
Backpack,SKU_1776,1238.07
Backpack,SKU_1592,1207.5
Backpack,SKU_1655,1187.74
Backpack,SKU_1794,1163.34
Backpack,SKU_1621,1149.41
Backpack,SKU_1239,1148.97
Backpack,SKU_1976,1135.21
Backpack,SKU_1582,1123.67
Backpack,SKU_1698,1123.1
Backpack,SKU_1052,1114.2
Backpack,SKU_1957,1104.06
Backpack,SKU_1000,1102.58
Backpack,SKU_1618,1102.41
Backpack,SKU_1117,1101.52
Backpack,SKU_1633,1092.89
Backpack,SKU_1707,1092.28
Backpack,SKU_1542,1080.63
Backpack,SKU_1968,1060.4
Backpack,SKU_1645,1043.2
Backpack,SKU_1913,1038.4
Backpack,SKU_1330,1029.54
Backpack,SKU_1428,1027.68
Backpack,SKU_1421,1022.59
Backpack,SKU_1575,1011.26
Backpack,SKU_1441,985.22
Backpack,SKU_1720,979.83
Backpack,SKU_1912,948.01
Backpack,SKU_1305,926.05
Backpack,SKU_1672,907.71
Backpack,SKU_1796,904.92
Backpack,SKU_1130,883.2
Backpack,SKU_1067,879.38
Backpack,SKU_1493,879.12
Backpack,SKU_1155,877.11
Backpack,SKU_1321,871.58
Backpack,SKU_1816,865.63
Backpack,SKU_1820,844.02
Backpack,SKU_1463,826.17
Backpack,SKU_1464,825.27
Backpack,SKU_1282,824.31
Backpack,SKU_1364,824.01
Backpack,SKU_1535,809.88
Backpack,SKU_1671,787.69
Backpack,SKU_1162,782.11
Backpack,SKU_1546,780.19
Backpack,SKU_1721,779.85
Backpack,SKU_1365,777.72
Backpack,SKU_1990,774.08
Backpack,SKU_1460,773.9
Backpack,SKU_1268,761.07
Backpack,SKU_1978,759.32
Backpack,SKU_1467,726.66
Backpack,SKU_1409,716.41
Backpack,SKU_1783,704.35
Backpack,SKU_1547,700.49
Backpack,SKU_1841,696.96
Backpack,SKU_1398,690.75
Backpack,SKU_1377,682.59
Backpack,SKU_1748,680.81
Backpack,SKU_1154,670.06
Backpack,SKU_1734,667.34
Backpack,SKU_1170,663.18
Backpack,SKU_1952,655.41
Backpack,SKU_1075,631.7
Backpack,SKU_1935,630.78
Backpack,SKU_1573,602.0
Backpack,SKU_1824,585.89
Backpack,SKU_1006,583.06
Backpack,SKU_1678,581.46
Backpack,SKU_1474,552.55
Backpack,SKU_1565,550.06
Backpack,SKU_1710,547.08
Backpack,SKU_1031,537.3
Backpack,SKU_1206,515.16
Backpack,SKU_1831,493.12
Backpack,SKU_1272,490.04
Backpack,SKU_1975,486.33
Backpack,SKU_1070,467.01
Backpack,SKU_1900,443.04
Backpack,SKU_1617,442.39
Backpack,SKU_1312,432.06
Backpack,SKU_1642,431.19
Backpack,SKU_1663,421.13
Backpack,SKU_1397,418.67
Backpack,SKU_1281,388.79
Backpack,SKU_1362,374.59
Backpack,SKU_1417,369.57
Backpack,SKU_1126,369.49
Backpack,SKU_1689,320.57
Backpack,SKU_1188,290.33
Backpack,SKU_1372,280.98
Backpack,SKU_1093,271.14
Backpack,SKU_1060,268.95
Backpack,SKU_1740,263.2
Backpack,SKU_1569,225.8
Backpack,SKU_1797,207.17
Backpack,SKU_1147,200.86
Backpack,SKU_1789,199.68
Backpack,SKU_1571,192.72
Backpack,SKU_1784,186.41
Backpack,SKU_1762,139.55
Backpack,SKU_1219,128.17
Backpack,SKU_1974,123.92
Backpack,SKU_1249,116.98
Backpack,SKU_1283,100.67
Backpack,SKU_1049,71.56
Backpack,SKU_1273,43.3
Backpack,SKU_1336,14.04
Backpack,SKU_1127,12.04
Blue Pen,SKU_1875,22946.44
Blue Pen,SKU_1123,15839.41
Blue Pen,SKU_1820,15350.32
Blue Pen,SKU_1963,14073.06
Blue Pen,SKU_1802,13350.1
Blue Pen,SKU_1793,12906.32
Blue Pen,SKU_1918,12810.07
Blue Pen,SKU_1516,12494.75
Blue Pen,SKU_1593,12461.22
Blue Pen,SKU_1675,12101.86
Blue Pen,SKU_1818,11899.47
Blue Pen,SKU_1590,11801.07
Blue Pen,SKU_1552,11771.77
Blue Pen,SKU_1562,11745.26
Blue Pen,SKU_1189,11686.15
Blue Pen,SKU_1163,11606.17
Blue Pen,SKU_1358,11596.07
Blue Pen,SKU_1540,11341.12
Blue Pen,SKU_1357,10971.98
Blue Pen,SKU_1067,10950.17
Blue Pen,SKU_1711,10928.16
Blue Pen,SKU_1390,10871.64
Blue Pen,SKU_1600,10869.23
Blue Pen,SKU_1889,10450.35
Blue Pen,SKU_1717,10399.85
Blue Pen,SKU_1122,10374.83
Blue Pen,SKU_1489,10220.94
Blue Pen,SKU_1974,10211.61
Blue Pen,SKU_1173,10188.28
Blue Pen,SKU_1620,10172.84
Blue Pen,SKU_1531,9920.46
Blue Pen,SKU_1416,9906.81
Blue Pen,SKU_1389,9820.39
Blue Pen,SKU_1147,9816.26
Blue Pen,SKU_1076,9814.85
Blue Pen,SKU_1759,9792.26
Blue Pen,SKU_1931,9772.04
Blue Pen,SKU_1194,9654.56
Blue Pen,SKU_1069,9509.81
Blue Pen,SKU_1242,9505.93
Blue Pen,SKU_1375,9488.14
Blue Pen,SKU_1144,9475.4
Blue Pen,SKU_1060,9466.31
Blue Pen,SKU_1530,9415.49
Blue Pen,SKU_1827,9395.74
Blue Pen,SKU_1153,9364.78
Blue Pen,SKU_1068,9293.77
Blue Pen,SKU_1723,9209.48
Blue Pen,SKU_1112,9192.16
Blue Pen,SKU_1160,9190.32
Blue Pen,SKU_1345,9163.85
Blue Pen,SKU_1286,9116.97
Blue Pen,SKU_1940,9101.73
Blue Pen,SKU_1131,9067.03
Blue Pen,SKU_1888,8975.41
Blue Pen,SKU_1182,8963.39
Blue Pen,SKU_1733,8960.49
Blue Pen,SKU_1130,8862.45
Blue Pen,SKU_1024,8845.88
Blue Pen,SKU_1344,8812.3
Blue Pen,SKU_1070,8773.53
Blue Pen,SKU_1317,8749.23
Blue Pen,SKU_1528,8735.71
Blue Pen,SKU_1349,8721.52
Blue Pen,SKU_1300,8697.36
Blue Pen,SKU_1005,8692.07
Blue Pen,SKU_1062,8661.5
Blue Pen,SKU_1761,8605.7
Blue Pen,SKU_1626,8569.85
Blue Pen,SKU_1475,8565.66
Blue Pen,SKU_1159,8548.45
Blue Pen,SKU_1237,8542.65
Blue Pen,SKU_1874,8532.35
Blue Pen,SKU_1560,8510.61
Blue Pen,SKU_1231,8485.6
Blue Pen,SKU_1645,8479.08
Blue Pen,SKU_1726,8438.71
Blue Pen,SKU_1218,8417.15
Blue Pen,SKU_1207,8397.63
Blue Pen,SKU_1696,8387.75
Blue Pen,SKU_1197,8384.74
Blue Pen,SKU_1812,8334.61
Blue Pen,SKU_1256,8327.57
Blue Pen,SKU_1328,8220.46
Blue Pen,SKU_1224,8220.09
Blue Pen,SKU_1970,8195.09
Blue Pen,SKU_1466,8189.02
Blue Pen,SKU_1836,8126.51
Blue Pen,SKU_1023,8119.04
Blue Pen,SKU_1061,8105.59
Blue Pen,SKU_1913,8100.03
Blue Pen,SKU_1962,8100.0
Blue Pen,SKU_1830,8047.39
Blue Pen,SKU_1418,8002.41
Blue Pen,SKU_1058,8000.27
Blue Pen,SKU_1221,7997.71
Blue Pen,SKU_1365,7985.94
Blue Pen,SKU_1919,7981.67
Blue Pen,SKU_1681,7974.87
Blue Pen,SKU_1495,7965.51
Blue Pen,SKU_1368,7874.58
Blue Pen,SKU_1538,7860.88
Blue Pen,SKU_1391,7802.77
Blue Pen,SKU_1491,7755.46
Blue Pen,SKU_1406,7722.08
Blue Pen,SKU_1955,7657.19
Blue Pen,SKU_1291,7644.24
Blue Pen,SKU_1373,7643.81
Blue Pen,SKU_1689,7615.37
Blue Pen,SKU_1702,7585.94
Blue Pen,SKU_1907,7576.13
Blue Pen,SKU_1083,7565.73
Blue Pen,SKU_1120,7555.13
Blue Pen,SKU_1348,7473.82
Blue Pen,SKU_1517,7446.53
Blue Pen,SKU_1990,7429.63
Blue Pen,SKU_1421,7415.39
Blue Pen,SKU_1579,7400.26
Blue Pen,SKU_1978,7354.49
Blue Pen,SKU_1446,7323.02
Blue Pen,SKU_1042,7313.32
Blue Pen,SKU_1185,7296.0
Blue Pen,SKU_1546,7278.31
Blue Pen,SKU_1637,7273.35
Blue Pen,SKU_1335,7252.59
Blue Pen,SKU_1209,7242.31
Blue Pen,SKU_1329,7227.22
Blue Pen,SKU_1917,7158.78
Blue Pen,SKU_1094,7146.85
Blue Pen,SKU_1512,7132.9
Blue Pen,SKU_1796,7109.56
Blue Pen,SKU_1296,7100.87
Blue Pen,SKU_1435,7096.62
Blue Pen,SKU_1278,7094.97
Blue Pen,SKU_1656,7092.37
Blue Pen,SKU_1535,7087.89
Blue Pen,SKU_1809,7052.43
Blue Pen,SKU_1385,7042.95
Blue Pen,SKU_1865,7036.0
Blue Pen,SKU_1056,7011.61
Blue Pen,SKU_1631,7009.0
Blue Pen,SKU_1617,6974.04
Blue Pen,SKU_1672,6947.75
Blue Pen,SKU_1091,6936.4
Blue Pen,SKU_1822,6928.43
Blue Pen,SKU_1518,6901.71
Blue Pen,SKU_1791,6864.89
Blue Pen,SKU_1877,6847.08
Blue Pen,SKU_1017,6838.47
Blue Pen,SKU_1773,6835.01
Blue Pen,SKU_1326,6831.2
Blue Pen,SKU_1904,6811.25
Blue Pen,SKU_1004,6802.27
Blue Pen,SKU_1805,6794.05
Blue Pen,SKU_1549,6783.44
Blue Pen,SKU_1725,6779.68
Blue Pen,SKU_1577,6777.91
Blue Pen,SKU_1392,6773.7
Blue Pen,SKU_1813,6764.18
Blue Pen,SKU_1196,6764.01
Blue Pen,SKU_1137,6760.63
Blue Pen,SKU_1950,6746.74
Blue Pen,SKU_1409,6744.17
Blue Pen,SKU_1671,6743.17
Blue Pen,SKU_1250,6731.6
Blue Pen,SKU_1594,6730.87
Blue Pen,SKU_1310,6719.18
Blue Pen,SKU_1298,6706.97
Blue Pen,SKU_1825,6678.13
Blue Pen,SKU_1033,6650.74
Blue Pen,SKU_1582,6613.39
Blue Pen,SKU_1117,6580.73
Blue Pen,SKU_1279,6568.25
Blue Pen,SKU_1201,6558.88
Blue Pen,SKU_1125,6558.84
Blue Pen,SKU_1107,6553.42
Blue Pen,SKU_1422,6552.07
Blue Pen,SKU_1991,6544.9
Blue Pen,SKU_1078,6544.35
Blue Pen,SKU_1772,6540.69
Blue Pen,SKU_1073,6533.01
Blue Pen,SKU_1878,6519.21
Blue Pen,SKU_1259,6460.88
Blue Pen,SKU_1533,6455.05
Blue Pen,SKU_1618,6446.94
Blue Pen,SKU_1339,6437.62
Blue Pen,SKU_1220,6421.57
Blue Pen,SKU_1025,6418.46
Blue Pen,SKU_1783,6412.2
Blue Pen,SKU_1176,6411.79
Blue Pen,SKU_1784,6407.43
Blue Pen,SKU_1099,6404.16
Blue Pen,SKU_1015,6403.81
Blue Pen,SKU_1768,6393.57
Blue Pen,SKU_1766,6390.65
Blue Pen,SKU_1710,6346.68
Blue Pen,SKU_1026,6332.77
Blue Pen,SKU_1951,6331.06
Blue Pen,SKU_1986,6327.89
Blue Pen,SKU_1387,6323.95
Blue Pen,SKU_1653,6313.58
Blue Pen,SKU_1621,6307.78
Blue Pen,SKU_1588,6301.53
Blue Pen,SKU_1556,6294.48
Blue Pen,SKU_1288,6292.69
Blue Pen,SKU_1832,6287.6
Blue Pen,SKU_1040,6283.14
Blue Pen,SKU_1731,6255.02
Blue Pen,SKU_1787,6253.87
Blue Pen,SKU_1105,6229.47
Blue Pen,SKU_1515,6225.21
Blue Pen,SKU_1071,6214.3
Blue Pen,SKU_1547,6211.81
Blue Pen,SKU_1625,6203.4
Blue Pen,SKU_1439,6201.5
Blue Pen,SKU_1981,6185.07
Blue Pen,SKU_1096,6168.26
Blue Pen,SKU_1899,6166.5
Blue Pen,SKU_1429,6163.71
Blue Pen,SKU_1511,6148.53
Blue Pen,SKU_1018,6112.62
Blue Pen,SKU_1265,6108.56
Blue Pen,SKU_1509,6107.41
Blue Pen,SKU_1027,6103.24
Blue Pen,SKU_1643,6082.41
Blue Pen,SKU_1148,6077.5
Blue Pen,SKU_1568,6075.81
Blue Pen,SKU_1372,6060.54
Blue Pen,SKU_1225,6055.47
Blue Pen,SKU_1896,6055.42
Blue Pen,SKU_1685,6044.24
Blue Pen,SKU_1098,6034.91
Blue Pen,SKU_1804,6032.65
Blue Pen,SKU_1632,6031.56
Blue Pen,SKU_1457,6012.23
Blue Pen,SKU_1299,5971.37
Blue Pen,SKU_1775,5965.45
Blue Pen,SKU_1415,5939.38
Blue Pen,SKU_1053,5918.56
Blue Pen,SKU_1866,5916.41
Blue Pen,SKU_1851,5912.93
Blue Pen,SKU_1662,5908.57
Blue Pen,SKU_1311,5903.13
Blue Pen,SKU_1395,5882.89
Blue Pen,SKU_1952,5873.98
Blue Pen,SKU_1151,5873.77
Blue Pen,SKU_1988,5866.65
Blue Pen,SKU_1925,5857.75
Blue Pen,SKU_1894,5807.51
Blue Pen,SKU_1677,5802.94
Blue Pen,SKU_1701,5796.76
Blue Pen,SKU_1471,5795.19
Blue Pen,SKU_1441,5793.07
Blue Pen,SKU_1398,5791.65
Blue Pen,SKU_1198,5786.43
Blue Pen,SKU_1075,5785.75
Blue Pen,SKU_1366,5779.59
Blue Pen,SKU_1008,5773.63
Blue Pen,SKU_1880,5772.28
Blue Pen,SKU_1801,5756.8
Blue Pen,SKU_1780,5749.94
Blue Pen,SKU_1505,5746.38
Blue Pen,SKU_1020,5746.05
Blue Pen,SKU_1247,5737.67
Blue Pen,SKU_1873,5731.92
Blue Pen,SKU_1239,5729.75
Blue Pen,SKU_1797,5729.38
Blue Pen,SKU_1009,5719.94
Blue Pen,SKU_1816,5714.98
Blue Pen,SKU_1262,5709.19
Blue Pen,SKU_1655,5705.42
Blue Pen,SKU_1216,5692.5
Blue Pen,SKU_1714,5691.16
Blue Pen,SKU_1776,5689.87
Blue Pen,SKU_1630,5685.25
Blue Pen,SKU_1152,5684.5
Blue Pen,SKU_1226,5669.96
Blue Pen,SKU_1501,5651.37
Blue Pen,SKU_1571,5645.84
Blue Pen,SKU_1947,5640.96
Blue Pen,SKU_1334,5627.21
Blue Pen,SKU_1627,5617.6
Blue Pen,SKU_1975,5617.35
Blue Pen,SKU_1965,5616.05
Blue Pen,SKU_1789,5600.97
Blue Pen,SKU_1558,5588.53
Blue Pen,SKU_1700,5570.72
Blue Pen,SKU_1108,5557.48
Blue Pen,SKU_1208,5549.98
Blue Pen,SKU_1610,5514.66
Blue Pen,SKU_1570,5512.9
Blue Pen,SKU_1609,5510.76
Blue Pen,SKU_1737,5507.94
Blue Pen,SKU_1404,5505.88
Blue Pen,SKU_1693,5504.33
Blue Pen,SKU_1667,5504.24
Blue Pen,SKU_1834,5486.15
Blue Pen,SKU_1438,5450.96
Blue Pen,SKU_1857,5445.39
Blue Pen,SKU_1651,5438.09
Blue Pen,SKU_1312,5437.33
Blue Pen,SKU_1660,5424.96
Blue Pen,SKU_1765,5401.58
Blue Pen,SKU_1363,5399.51
Blue Pen,SKU_1211,5396.8
Blue Pen,SKU_1946,5383.84
Blue Pen,SKU_1638,5379.09
Blue Pen,SKU_1437,5367.54
Blue Pen,SKU_1414,5363.29
Blue Pen,SKU_1932,5360.64
Blue Pen,SKU_1353,5351.69
Blue Pen,SKU_1585,5348.24
Blue Pen,SKU_1838,5340.42
Blue Pen,SKU_1867,5333.64
Blue Pen,SKU_1592,5320.5
Blue Pen,SKU_1064,5319.13
Blue Pen,SKU_1085,5313.8
Blue Pen,SKU_1320,5307.88
Blue Pen,SKU_1641,5302.62
Blue Pen,SKU_1425,5294.8
Blue Pen,SKU_1116,5267.83
Blue Pen,SKU_1377,5263.92
Blue Pen,SKU_1980,5250.81
Blue Pen,SKU_1110,5247.08
Blue Pen,SKU_1308,5240.94
Blue Pen,SKU_1788,5227.11
Blue Pen,SKU_1304,5225.21
Blue Pen,SKU_1103,5224.53
Blue Pen,SKU_1903,5220.8
Blue Pen,SKU_1541,5205.72
Blue Pen,SKU_1664,5193.04
Blue Pen,SKU_1504,5192.57
Blue Pen,SKU_1034,5140.36
Blue Pen,SKU_1551,5123.43
Blue Pen,SKU_1629,5123.24
Blue Pen,SKU_1170,5112.46
Blue Pen,SKU_1043,5088.97
Blue Pen,SKU_1532,5086.64
Blue Pen,SKU_1100,5085.43
Blue Pen,SKU_1443,5075.85
Blue Pen,SKU_1179,5065.15
Blue Pen,SKU_1915,5057.1
Blue Pen,SKU_1134,5043.91
Blue Pen,SKU_1778,5040.15
Blue Pen,SKU_1133,5039.34
Blue Pen,SKU_1332,5031.07
Blue Pen,SKU_1735,5025.21
Blue Pen,SKU_1910,5019.69
Blue Pen,SKU_1595,5013.36
Blue Pen,SKU_1529,5000.7
Blue Pen,SKU_1129,4996.22
Blue Pen,SKU_1859,4977.25
Blue Pen,SKU_1688,4971.55
Blue Pen,SKU_1849,4957.76
Blue Pen,SKU_1281,4954.79
Blue Pen,SKU_1104,4954.42
Blue Pen,SKU_1606,4952.34
Blue Pen,SKU_1868,4939.87
Blue Pen,SKU_1412,4939.17
Blue Pen,SKU_1727,4931.3
Blue Pen,SKU_1402,4928.67
Blue Pen,SKU_1193,4926.88
Blue Pen,SKU_1900,4920.7
Blue Pen,SKU_1729,4919.56
Blue Pen,SKU_1371,4906.03
Blue Pen,SKU_1376,4865.04
Blue Pen,SKU_1770,4864.18
Blue Pen,SKU_1255,4863.33
Blue Pen,SKU_1876,4854.15
Blue Pen,SKU_1905,4853.19
Blue Pen,SKU_1815,4852.92
Blue Pen,SKU_1589,4850.87
Blue Pen,SKU_1367,4839.07
Blue Pen,SKU_1285,4832.75
Blue Pen,SKU_1442,4806.77
Blue Pen,SKU_1790,4790.48
Blue Pen,SKU_1704,4789.68
Blue Pen,SKU_1200,4785.09
Blue Pen,SKU_1399,4782.72
Blue Pen,SKU_1826,4775.05
Blue Pen,SKU_1087,4772.98
Blue Pen,SKU_1680,4757.9
Blue Pen,SKU_1933,4755.22
Blue Pen,SKU_1330,4752.46
Blue Pen,SKU_1047,4751.61
Blue Pen,SKU_1935,4750.44
Blue Pen,SKU_1746,4739.98
Blue Pen,SKU_1853,4725.77
Blue Pen,SKU_1388,4719.01
Blue Pen,SKU_1604,4718.28
Blue Pen,SKU_1666,4705.43
Blue Pen,SKU_1949,4701.6
Blue Pen,SKU_1337,4700.12
Blue Pen,SKU_1427,4698.76
Blue Pen,SKU_1280,4688.14
Blue Pen,SKU_1734,4685.76
Blue Pen,SKU_1451,4677.56
Blue Pen,SKU_1619,4659.27
Blue Pen,SKU_1001,4655.11
Blue Pen,SKU_1845,4636.19
Blue Pen,SKU_1713,4635.6
Blue Pen,SKU_1204,4626.2
Blue Pen,SKU_1111,4615.37
Blue Pen,SKU_1275,4612.01
Blue Pen,SKU_1460,4605.7
Blue Pen,SKU_1333,4599.29
Blue Pen,SKU_1054,4595.24
Blue Pen,SKU_1213,4592.85
Blue Pen,SKU_1469,4588.29
Blue Pen,SKU_1272,4579.62
Blue Pen,SKU_1646,4566.64
Blue Pen,SKU_1992,4561.85
Blue Pen,SKU_1293,4561.77
Blue Pen,SKU_1901,4547.7
Blue Pen,SKU_1936,4546.92
Blue Pen,SKU_1884,4546.91
Blue Pen,SKU_1715,4545.82
Blue Pen,SKU_1521,4530.07
Blue Pen,SKU_1757,4526.03
Blue Pen,SKU_1156,4516.4
Blue Pen,SKU_1462,4506.97
Blue Pen,SKU_1648,4503.04
Blue Pen,SKU_1270,4494.53
Blue Pen,SKU_1485,4463.3
Blue Pen,SKU_1246,4455.13
Blue Pen,SKU_1057,4447.11
Blue Pen,SKU_1065,4443.44
Blue Pen,SKU_1613,4442.42
Blue Pen,SKU_1550,4424.91
Blue Pen,SKU_1982,4423.9
Blue Pen,SKU_1846,4395.15
Blue Pen,SKU_1128,4393.63
Blue Pen,SKU_1670,4374.96
Blue Pen,SKU_1607,4356.37
Blue Pen,SKU_1354,4344.16
Blue Pen,SKU_1707,4343.32
Blue Pen,SKU_1444,4337.66
Blue Pen,SKU_1405,4334.41
Blue Pen,SKU_1257,4323.26
Blue Pen,SKU_1553,4321.25
Blue Pen,SKU_1319,4318.66
Blue Pen,SKU_1730,4315.82
Blue Pen,SKU_1494,4312.95
Blue Pen,SKU_1174,4294.55
Blue Pen,SKU_1431,4279.6
Blue Pen,SKU_1463,4263.15
Blue Pen,SKU_1803,4261.53
Blue Pen,SKU_1694,4259.49
Blue Pen,SKU_1887,4230.78
Blue Pen,SKU_1294,4229.77
Blue Pen,SKU_1118,4212.59
Blue Pen,SKU_1206,4212.08
Blue Pen,SKU_1171,4200.57
Blue Pen,SKU_1841,4200.36
Blue Pen,SKU_1379,4196.79
Blue Pen,SKU_1046,4185.5
Blue Pen,SKU_1720,4181.04
Blue Pen,SKU_1902,4173.93
Blue Pen,SKU_1500,4164.74
Blue Pen,SKU_1145,4150.38
Blue Pen,SKU_1132,4147.07
Blue Pen,SKU_1243,4138.44
Blue Pen,SKU_1848,4126.34
Blue Pen,SKU_1573,4125.24
Blue Pen,SKU_1470,4119.02
Blue Pen,SKU_1032,4115.45
Blue Pen,SKU_1267,4114.66
Blue Pen,SKU_1983,4107.15
Blue Pen,SKU_1342,4100.58
Blue Pen,SKU_1977,4093.39
Blue Pen,SKU_1403,4076.31
Blue Pen,SKU_1498,4067.95
Blue Pen,SKU_1923,4060.17
Blue Pen,SKU_1870,4059.01
Blue Pen,SKU_1639,4050.88
Blue Pen,SKU_1407,4044.87
Blue Pen,SKU_1321,4043.06
Blue Pen,SKU_1575,4042.28
Blue Pen,SKU_1245,4038.11
Blue Pen,SKU_1092,4026.12
Blue Pen,SKU_1938,4021.65
Blue Pen,SKU_1192,4018.54
Blue Pen,SKU_1698,4016.53
Blue Pen,SKU_1150,4005.87
Blue Pen,SKU_1740,4004.11
Blue Pen,SKU_1191,4002.38
Blue Pen,SKU_1136,4001.35
Blue Pen,SKU_1602,4000.47
Blue Pen,SKU_1341,4000.46
Blue Pen,SKU_1355,3999.99
Blue Pen,SKU_1461,3999.66
Blue Pen,SKU_1493,3999.65
Blue Pen,SKU_1864,3989.03
Blue Pen,SKU_1158,3964.6
Blue Pen,SKU_1195,3941.64
Blue Pen,SKU_1828,3937.38
Blue Pen,SKU_1483,3930.38
Blue Pen,SKU_1908,3930.04
Blue Pen,SKU_1747,3928.05
Blue Pen,SKU_1019,3925.63
Blue Pen,SKU_1097,3913.82
Blue Pen,SKU_1559,3897.89
Blue Pen,SKU_1467,3888.19
Blue Pen,SKU_1821,3880.91
Blue Pen,SKU_1748,3872.74
Blue Pen,SKU_1682,3868.34
Blue Pen,SKU_1340,3861.74
Blue Pen,SKU_1254,3860.59
Blue Pen,SKU_1837,3853.03
Blue Pen,SKU_1432,3846.38
Blue Pen,SKU_1513,3831.42
Blue Pen,SKU_1370,3818.39
Blue Pen,SKU_1503,3805.34
Blue Pen,SKU_1668,3803.74
Blue Pen,SKU_1232,3801.02
Blue Pen,SKU_1184,3797.38
Blue Pen,SKU_1271,3785.39
Blue Pen,SKU_1578,3779.81
Blue Pen,SKU_1205,3777.91
Blue Pen,SKU_1420,3770.74
Blue Pen,SKU_1022,3765.68
Blue Pen,SKU_1522,3764.31
Blue Pen,SKU_1284,3753.27
Blue Pen,SKU_1519,3736.47
Blue Pen,SKU_1705,3721.7
Blue Pen,SKU_1261,3717.44
Blue Pen,SKU_1183,3716.85
Blue Pen,SKU_1021,3713.53
Blue Pen,SKU_1674,3708.71
Blue Pen,SKU_1374,3698.2
Blue Pen,SKU_1044,3696.55
Blue Pen,SKU_1472,3693.69
Blue Pen,SKU_1860,3688.87
Blue Pen,SKU_1190,3688.84
Blue Pen,SKU_1400,3684.38
Blue Pen,SKU_1786,3683.81
Blue Pen,SKU_1306,3672.39
Blue Pen,SKU_1831,3670.16
Blue Pen,SKU_1751,3667.11
Blue Pen,SKU_1750,3666.39
Blue Pen,SKU_1003,3665.23
Blue Pen,SKU_1154,3665.1
Blue Pen,SKU_1114,3641.7
Blue Pen,SKU_1013,3626.09
Blue Pen,SKU_1642,3620.14
Blue Pen,SKU_1244,3616.42
Blue Pen,SKU_1605,3599.0
Blue Pen,SKU_1829,3595.99
Blue Pen,SKU_1883,3595.94
Blue Pen,SKU_1456,3575.54
Blue Pen,SKU_1165,3569.66
Blue Pen,SKU_1695,3569.63
Blue Pen,SKU_1954,3564.87
Blue Pen,SKU_1699,3564.31
Blue Pen,SKU_1777,3561.29
Blue Pen,SKU_1785,3551.35
Blue Pen,SKU_1381,3547.11
Blue Pen,SKU_1316,3546.46
Blue Pen,SKU_1928,3540.69
Blue Pen,SKU_1644,3535.01
Blue Pen,SKU_1045,3533.51
Blue Pen,SKU_1755,3522.99
Blue Pen,SKU_1580,3522.38
Blue Pen,SKU_1810,3517.57
Blue Pen,SKU_1738,3516.63
Blue Pen,SKU_1290,3516.19
Blue Pen,SKU_1811,3507.64
Blue Pen,SKU_1228,3505.29
Blue Pen,SKU_1601,3489.53
Blue Pen,SKU_1411,3487.89
Blue Pen,SKU_1555,3470.33
Blue Pen,SKU_1612,3460.36
Blue Pen,SKU_1235,3454.73
Blue Pen,SKU_1732,3433.62
Blue Pen,SKU_1268,3433.0
Blue Pen,SKU_1739,3422.93
Blue Pen,SKU_1186,3421.85
Blue Pen,SKU_1976,3415.74
Blue Pen,SKU_1583,3408.48
Blue Pen,SKU_1090,3402.97
Blue Pen,SKU_1564,3400.96
Blue Pen,SKU_1565,3398.86
Blue Pen,SKU_1506,3384.55
Blue Pen,SKU_1000,3375.45
Blue Pen,SKU_1138,3372.95
Blue Pen,SKU_1014,3371.28
Blue Pen,SKU_1753,3360.21
Blue Pen,SKU_1338,3354.5
Blue Pen,SKU_1264,3333.4
Blue Pen,SKU_1181,3333.07
Blue Pen,SKU_1881,3324.63
Blue Pen,SKU_1581,3313.39
Blue Pen,SKU_1143,3312.68
Blue Pen,SKU_1997,3312.12
Blue Pen,SKU_1808,3310.09
Blue Pen,SKU_1430,3308.78
Blue Pen,SKU_1614,3307.68
Blue Pen,SKU_1397,3296.41
Blue Pen,SKU_1635,3288.01
Blue Pen,SKU_1591,3280.58
Blue Pen,SKU_1800,3279.12
Blue Pen,SKU_1318,3278.56
Blue Pen,SKU_1007,3276.93
Blue Pen,SKU_1433,3264.31
Blue Pen,SKU_1969,3251.43
Blue Pen,SKU_1401,3245.35
Blue Pen,SKU_1869,3232.31
Blue Pen,SKU_1217,3230.08
Blue Pen,SKU_1260,3227.5
Blue Pen,SKU_1611,3226.16
Blue Pen,SKU_1336,3218.81
Blue Pen,SKU_1081,3216.84
Blue Pen,SKU_1771,3197.8
Blue Pen,SKU_1898,3187.78
Blue Pen,SKU_1325,3183.26
Blue Pen,SKU_1119,3174.91
Blue Pen,SKU_1561,3168.19
Blue Pen,SKU_1248,3160.02
Blue Pen,SKU_1716,3160.01
Blue Pen,SKU_1722,3133.51
Blue Pen,SKU_1428,3130.18
Blue Pen,SKU_1922,3124.38
Blue Pen,SKU_1436,3097.49
Blue Pen,SKU_1854,3097.33
Blue Pen,SKU_1157,3092.5
Blue Pen,SKU_1863,3091.88
Blue Pen,SKU_1744,3078.57
Blue Pen,SKU_1199,3061.16
Blue Pen,SKU_1749,3049.75
Blue Pen,SKU_1178,3048.93
Blue Pen,SKU_1484,3044.98
Blue Pen,SKU_1543,3043.39
Blue Pen,SKU_1434,3043.36
Blue Pen,SKU_1663,3035.34
Blue Pen,SKU_1474,3033.99
Blue Pen,SKU_1697,3030.68
Blue Pen,SKU_1676,3025.27
Blue Pen,SKU_1089,3021.0
Blue Pen,SKU_1665,3018.31
Blue Pen,SKU_1942,3018.06
Blue Pen,SKU_1669,3012.84
Blue Pen,SKU_1539,3006.36
Blue Pen,SKU_1817,2998.79
Blue Pen,SKU_1063,2995.8
Blue Pen,SKU_1052,2985.42
Blue Pen,SKU_1036,2975.25
Blue Pen,SKU_1961,2970.48
Blue Pen,SKU_1661,2947.95
Blue Pen,SKU_1628,2938.26
Blue Pen,SKU_1450,2927.81
Blue Pen,SKU_1041,2926.83
Blue Pen,SKU_1754,2926.02
Blue Pen,SKU_1240,2913.24
Blue Pen,SKU_1536,2908.24
Blue Pen,SKU_1295,2904.98
Blue Pen,SKU_1283,2904.0
Blue Pen,SKU_1051,2901.97
Blue Pen,SKU_1011,2887.84
Blue Pen,SKU_1895,2886.42
Blue Pen,SKU_1168,2884.21
Blue Pen,SKU_1146,2884.06
Blue Pen,SKU_1736,2868.9
Blue Pen,SKU_1481,2867.55
Blue Pen,SKU_1598,2859.57
Blue Pen,SKU_1327,2859.32
Blue Pen,SKU_1346,2847.14
Blue Pen,SKU_1313,2843.9
Blue Pen,SKU_1109,2834.58
Blue Pen,SKU_1892,2828.4
Blue Pen,SKU_1944,2822.69
Blue Pen,SKU_1673,2822.6
Blue Pen,SKU_1142,2812.48
Blue Pen,SKU_1229,2811.0
Blue Pen,SKU_1566,2807.99
Blue Pen,SKU_1440,2798.92
Blue Pen,SKU_1252,2787.17
Blue Pen,SKU_1059,2784.79
Blue Pen,SKU_1480,2769.64
Blue Pen,SKU_1393,2763.5
Blue Pen,SKU_1767,2763.05
Blue Pen,SKU_1188,2745.83
Blue Pen,SKU_1706,2728.05
Blue Pen,SKU_1758,2710.72
Blue Pen,SKU_1249,2708.93
Blue Pen,SKU_1548,2706.6
Blue Pen,SKU_1314,2705.59
Blue Pen,SKU_1102,2698.89
Blue Pen,SKU_1658,2694.45
Blue Pen,SKU_1088,2690.33
Blue Pen,SKU_1162,2664.65
Blue Pen,SKU_1545,2661.65
Blue Pen,SKU_1782,2648.2
Blue Pen,SKU_1113,2641.78
Blue Pen,SKU_1448,2637.88
Blue Pen,SKU_1453,2635.38
Blue Pen,SKU_1477,2633.34
Blue Pen,SKU_1569,2632.68
Blue Pen,SKU_1510,2626.58
Blue Pen,SKU_1615,2625.75
Blue Pen,SKU_1597,2625.6
Blue Pen,SKU_1106,2621.11
Blue Pen,SKU_1077,2598.88
Blue Pen,SKU_1850,2576.2
Blue Pen,SKU_1386,2575.07
Blue Pen,SKU_1380,2568.01
Blue Pen,SKU_1426,2568.01
Blue Pen,SKU_1764,2555.68
Blue Pen,SKU_1423,2551.47
Blue Pen,SKU_1654,2550.51
Blue Pen,SKU_1557,2546.94
Blue Pen,SKU_1622,2544.92
Blue Pen,SKU_1234,2542.18
Blue Pen,SKU_1542,2532.1
Blue Pen,SKU_1223,2530.27
Blue Pen,SKU_1424,2514.45
Blue Pen,SKU_1526,2513.88
Blue Pen,SKU_1893,2508.0
Blue Pen,SKU_1624,2500.89
Blue Pen,SKU_1719,2498.26
Blue Pen,SKU_1616,2496.46
Blue Pen,SKU_1897,2494.95
Blue Pen,SKU_1305,2480.88
Blue Pen,SKU_1964,2472.47
Blue Pen,SKU_1872,2469.44
Blue Pen,SKU_1095,2468.31
Blue Pen,SKU_1230,2463.25
Blue Pen,SKU_1847,2450.86
Blue Pen,SKU_1939,2449.53
Blue Pen,SKU_1584,2446.18
Blue Pen,SKU_1523,2431.78
Blue Pen,SKU_1127,2423.87
Blue Pen,SKU_1253,2415.02
Blue Pen,SKU_1384,2413.49
Blue Pen,SKU_1302,2408.4
Blue Pen,SKU_1806,2391.52
Blue Pen,SKU_1882,2379.9
Blue Pen,SKU_1647,2379.17
Blue Pen,SKU_1180,2374.16
Blue Pen,SKU_1212,2370.19
Blue Pen,SKU_1953,2366.05
Blue Pen,SKU_1927,2359.42
Blue Pen,SKU_1502,2350.9
Blue Pen,SKU_1989,2342.73
Blue Pen,SKU_1454,2316.31
Blue Pen,SKU_1718,2314.99
Blue Pen,SKU_1161,2312.11
Blue Pen,SKU_1852,2307.42
Blue Pen,SKU_1086,2306.86
Blue Pen,SKU_1886,2295.29
Blue Pen,SKU_1840,2291.9
Blue Pen,SKU_1155,2290.76
Blue Pen,SKU_1973,2286.64
Blue Pen,SKU_1979,2266.41
Blue Pen,SKU_1049,2260.24
Blue Pen,SKU_1934,2257.9
Blue Pen,SKU_1233,2252.89
Blue Pen,SKU_1282,2251.73
Blue Pen,SKU_1839,2231.51
Blue Pen,SKU_1266,2227.12
Blue Pen,SKU_1084,2223.03
Blue Pen,SKU_1760,2217.64
Blue Pen,SKU_1679,2214.18
Blue Pen,SKU_1728,2210.92
Blue Pen,SKU_1236,2203.68
Blue Pen,SKU_1307,2198.74
Blue Pen,SKU_1482,2194.22
Blue Pen,SKU_1906,2177.2
Blue Pen,SKU_1993,2172.67
Blue Pen,SKU_1652,2169.4
Blue Pen,SKU_1984,2166.59
Blue Pen,SKU_1140,2163.06
Blue Pen,SKU_1166,2139.66
Blue Pen,SKU_1149,2135.43
Blue Pen,SKU_1396,2123.2
Blue Pen,SKU_1640,2122.42
Blue Pen,SKU_1508,2117.52
Blue Pen,SKU_1169,2117.23
Blue Pen,SKU_1650,2099.67
Blue Pen,SKU_1844,2097.58
Blue Pen,SKU_1879,2093.44
Blue Pen,SKU_1238,2087.82
Blue Pen,SKU_1678,2078.73
Blue Pen,SKU_1603,2076.24
Blue Pen,SKU_1352,2072.76
Blue Pen,SKU_1684,2067.31
Blue Pen,SKU_1452,2064.33
Blue Pen,SKU_1274,2055.28
Blue Pen,SKU_1703,2046.35
Blue Pen,SKU_1048,2045.76
Blue Pen,SKU_1350,2040.65
Blue Pen,SKU_1971,2038.32
Blue Pen,SKU_1574,2037.38
Blue Pen,SKU_1823,2029.07
Blue Pen,SKU_1996,2025.1
Blue Pen,SKU_1167,2016.62
Blue Pen,SKU_1741,2000.99
Blue Pen,SKU_1079,1996.29
Blue Pen,SKU_1172,1991.57
Blue Pen,SKU_1554,1986.19
Blue Pen,SKU_1413,1973.54
Blue Pen,SKU_1177,1970.01
Blue Pen,SKU_1871,1967.65
Blue Pen,SKU_1937,1964.76
Blue Pen,SKU_1347,1954.43
Blue Pen,SKU_1861,1951.49
Blue Pen,SKU_1855,1949.87
Blue Pen,SKU_1010,1948.71
Blue Pen,SKU_1115,1938.96
Blue Pen,SKU_1572,1922.09
Blue Pen,SKU_1999,1921.15
Blue Pen,SKU_1369,1914.82
Blue Pen,SKU_1708,1912.05
Blue Pen,SKU_1843,1872.49
Blue Pen,SKU_1692,1863.2
Blue Pen,SKU_1214,1861.28
Blue Pen,SKU_1819,1857.24
Blue Pen,SKU_1743,1856.3
Blue Pen,SKU_1203,1852.01
Blue Pen,SKU_1458,1849.78
Blue Pen,SKU_1241,1838.12
Blue Pen,SKU_1382,1833.86
Blue Pen,SKU_1273,1827.69
Blue Pen,SKU_1544,1820.36
Blue Pen,SKU_1912,1810.97
Blue Pen,SKU_1202,1806.2
Blue Pen,SKU_1175,1805.12
Blue Pen,SKU_1080,1799.27
Blue Pen,SKU_1994,1796.08
Blue Pen,SKU_1394,1793.1
Blue Pen,SKU_1941,1791.36
Blue Pen,SKU_1835,1781.55
Blue Pen,SKU_1507,1775.9
Blue Pen,SKU_1537,1775.14
Blue Pen,SKU_1417,1768.68
Blue Pen,SKU_1514,1764.91
Blue Pen,SKU_1038,1761.29
Blue Pen,SKU_1269,1755.73
Blue Pen,SKU_1862,1742.43
Blue Pen,SKU_1383,1741.82
Blue Pen,SKU_1948,1737.55
Blue Pen,SKU_1490,1736.0
Blue Pen,SKU_1459,1735.31
Blue Pen,SKU_1039,1735.14
Blue Pen,SKU_1037,1721.12
Blue Pen,SKU_1998,1709.27
Blue Pen,SKU_1419,1707.9
Blue Pen,SKU_1968,1697.11
Blue Pen,SKU_1029,1629.26
Blue Pen,SKU_1464,1622.44
Blue Pen,SKU_1126,1616.79
Blue Pen,SKU_1709,1601.18
Blue Pen,SKU_1258,1599.54
Blue Pen,SKU_1524,1591.13
Blue Pen,SKU_1795,1577.07
Blue Pen,SKU_1721,1573.64
Blue Pen,SKU_1035,1561.62
Blue Pen,SKU_1479,1560.9
Blue Pen,SKU_1683,1558.2
Blue Pen,SKU_1633,1525.99
Blue Pen,SKU_1972,1522.71
Blue Pen,SKU_1691,1513.17
Blue Pen,SKU_1227,1507.92
Blue Pen,SKU_1351,1494.23
Blue Pen,SKU_1408,1488.3
Blue Pen,SKU_1322,1487.14
Blue Pen,SKU_1687,1468.93
Blue Pen,SKU_1967,1466.56
Blue Pen,SKU_1476,1458.37
Blue Pen,SKU_1563,1455.49
Blue Pen,SKU_1799,1455.2
Blue Pen,SKU_1135,1445.57
Blue Pen,SKU_1945,1437.31
Blue Pen,SKU_1781,1425.85
Blue Pen,SKU_1031,1417.32
Blue Pen,SKU_1712,1400.23
Blue Pen,SKU_1139,1383.93
Blue Pen,SKU_1890,1361.1
Blue Pen,SKU_1916,1329.49
Blue Pen,SKU_1362,1328.25
Blue Pen,SKU_1634,1322.19
Blue Pen,SKU_1911,1306.84
Blue Pen,SKU_1072,1306.01
Blue Pen,SKU_1301,1305.75
Blue Pen,SKU_1636,1298.66
Blue Pen,SKU_1921,1294.76
Blue Pen,SKU_1324,1283.19
Blue Pen,SKU_1496,1235.94
Blue Pen,SKU_1410,1233.92
Blue Pen,SKU_1686,1221.9
Blue Pen,SKU_1798,1215.8
Blue Pen,SKU_1331,1204.96
Blue Pen,SKU_1082,1185.61
Blue Pen,SKU_1657,1181.52
Blue Pen,SKU_1959,1165.73
Blue Pen,SKU_1762,1162.42
Blue Pen,SKU_1856,1158.18
Blue Pen,SKU_1842,1137.52
Blue Pen,SKU_1124,1135.16
Blue Pen,SKU_1277,1131.79
Blue Pen,SKU_1756,1120.2
Blue Pen,SKU_1909,1099.12
Blue Pen,SKU_1251,1094.86
Blue Pen,SKU_1929,1088.15
Blue Pen,SKU_1303,1067.65
Blue Pen,SKU_1527,1065.01
Blue Pen,SKU_1447,1039.66
Blue Pen,SKU_1608,1030.71
Blue Pen,SKU_1361,1022.28
Blue Pen,SKU_1488,1014.32
Blue Pen,SKU_1824,1012.36
Blue Pen,SKU_1958,1006.6
Blue Pen,SKU_1885,1001.46
Blue Pen,SKU_1289,999.3
Blue Pen,SKU_1752,953.67
Blue Pen,SKU_1763,948.42
Blue Pen,SKU_1956,945.17
Blue Pen,SKU_1028,933.11
Blue Pen,SKU_1486,901.31
Blue Pen,SKU_1659,896.91
Blue Pen,SKU_1920,896.8
Blue Pen,SKU_1623,894.86
Blue Pen,SKU_1587,883.05
Blue Pen,SKU_1219,880.59
Blue Pen,SKU_1891,879.69
Blue Pen,SKU_1292,869.95
Blue Pen,SKU_1724,859.91
Blue Pen,SKU_1364,856.67
Blue Pen,SKU_1492,842.84
Blue Pen,SKU_1924,838.65
Blue Pen,SKU_1596,835.13
Blue Pen,SKU_1794,830.15
Blue Pen,SKU_1210,826.75
Blue Pen,SKU_1966,815.8
Blue Pen,SKU_1914,812.41
Blue Pen,SKU_1309,784.33
Blue Pen,SKU_1222,772.41
Blue Pen,SKU_1359,759.48
Blue Pen,SKU_1360,754.72
Blue Pen,SKU_1745,754.3
Blue Pen,SKU_1520,726.93
Blue Pen,SKU_1960,724.68
Blue Pen,SKU_1814,716.31
Blue Pen,SKU_1002,694.28
Blue Pen,SKU_1445,680.14
Blue Pen,SKU_1769,671.4
Blue Pen,SKU_1586,654.16
Blue Pen,SKU_1121,650.83
Blue Pen,SKU_1141,644.44
Blue Pen,SKU_1356,634.82
Blue Pen,SKU_1276,603.29
Blue Pen,SKU_1315,598.06
Blue Pen,SKU_1926,595.25
Blue Pen,SKU_1497,572.39
Blue Pen,SKU_1858,565.66
Blue Pen,SKU_1101,563.44
Blue Pen,SKU_1957,561.93
Blue Pen,SKU_1263,550.98
Blue Pen,SKU_1690,537.77
Blue Pen,SKU_1050,510.42
Blue Pen,SKU_1567,504.52
Blue Pen,SKU_1012,497.58
Blue Pen,SKU_1599,494.09
Blue Pen,SKU_1006,485.71
Blue Pen,SKU_1987,480.18
Blue Pen,SKU_1016,474.32
Blue Pen,SKU_1478,411.81
Blue Pen,SKU_1187,411.52
Blue Pen,SKU_1576,411.13
Blue Pen,SKU_1649,406.96
Blue Pen,SKU_1833,384.1
Blue Pen,SKU_1323,382.54
Blue Pen,SKU_1943,326.96
Blue Pen,SKU_1807,324.72
Blue Pen,SKU_1525,317.2
Blue Pen,SKU_1343,315.13
Blue Pen,SKU_1093,294.23
Blue Pen,SKU_1779,291.4
Blue Pen,SKU_1774,234.14
Blue Pen,SKU_1215,221.51
Blue Pen,SKU_1297,209.45
Blue Pen,SKU_1985,192.86
Blue Pen,SKU_1074,188.26
Blue Pen,SKU_1055,104.01
Blue Pen,SKU_1742,75.33
Blue Pen,SKU_1287,60.51
Blue Pen,SKU_1792,59.99
Blue Pen,SKU_1995,57.67
Blue Pen,SKU_1164,57.02
Blue Pen,SKU_1455,32.44
Blue Pen,SKU_1378,20.22
Desk Lamp,SKU_1432,16678.99
Desk Lamp,SKU_1881,16076.37
Desk Lamp,SKU_1210,15685.75
Desk Lamp,SKU_1148,14432.18
Desk Lamp,SKU_1600,14219.89
Desk Lamp,SKU_1140,13780.16
Desk Lamp,SKU_1368,13373.27
Desk Lamp,SKU_1074,13300.11
Desk Lamp,SKU_1784,12545.2
Desk Lamp,SKU_1035,12421.6
Desk Lamp,SKU_1860,12290.31
Desk Lamp,SKU_1632,12023.17
Desk Lamp,SKU_1386,11878.73
Desk Lamp,SKU_1266,11707.03
Desk Lamp,SKU_1514,11634.12
Desk Lamp,SKU_1068,11522.51
Desk Lamp,SKU_1895,11506.24
Desk Lamp,SKU_1591,11406.42
Desk Lamp,SKU_1587,11273.34
Desk Lamp,SKU_1770,11221.02
Desk Lamp,SKU_1288,10926.15
Desk Lamp,SKU_1826,10665.28
Desk Lamp,SKU_1444,10628.31
Desk Lamp,SKU_1830,10589.36
Desk Lamp,SKU_1510,10428.21
Desk Lamp,SKU_1741,10285.32
Desk Lamp,SKU_1342,10159.1
Desk Lamp,SKU_1947,10120.1
Desk Lamp,SKU_1387,10117.61
Desk Lamp,SKU_1459,10027.64
Desk Lamp,SKU_1360,10012.02
Desk Lamp,SKU_1725,10009.21
Desk Lamp,SKU_1150,10004.01
Desk Lamp,SKU_1504,9986.36
Desk Lamp,SKU_1489,9949.88
Desk Lamp,SKU_1926,9938.33
Desk Lamp,SKU_1995,9817.58
Desk Lamp,SKU_1198,9802.58
Desk Lamp,SKU_1516,9791.4
Desk Lamp,SKU_1007,9744.93
Desk Lamp,SKU_1229,9706.29
Desk Lamp,SKU_1919,9672.19
Desk Lamp,SKU_1285,9629.97
Desk Lamp,SKU_1142,9516.0
Desk Lamp,SKU_1111,9511.44
Desk Lamp,SKU_1498,9457.91
Desk Lamp,SKU_1776,9441.12
Desk Lamp,SKU_1940,9440.6
Desk Lamp,SKU_1121,9430.49
Desk Lamp,SKU_1809,9413.33
Desk Lamp,SKU_1011,9406.81
Desk Lamp,SKU_1721,9382.38
Desk Lamp,SKU_1012,9376.01
Desk Lamp,SKU_1116,9364.65
Desk Lamp,SKU_1220,9363.86
Desk Lamp,SKU_1764,9361.5
Desk Lamp,SKU_1214,9302.13
Desk Lamp,SKU_1433,9257.88
Desk Lamp,SKU_1706,9245.36
Desk Lamp,SKU_1125,9188.37
Desk Lamp,SKU_1269,9149.91
Desk Lamp,SKU_1876,9149.05
Desk Lamp,SKU_1644,9103.09
Desk Lamp,SKU_1531,8974.17
Desk Lamp,SKU_1089,8901.56
Desk Lamp,SKU_1237,8819.07
Desk Lamp,SKU_1413,8814.77
Desk Lamp,SKU_1276,8814.34
Desk Lamp,SKU_1998,8805.35
Desk Lamp,SKU_1485,8781.29
Desk Lamp,SKU_1732,8722.52
Desk Lamp,SKU_1230,8697.33
Desk Lamp,SKU_1329,8673.82
Desk Lamp,SKU_1735,8673.65
Desk Lamp,SKU_1811,8663.57
Desk Lamp,SKU_1393,8658.55
Desk Lamp,SKU_1041,8604.76
Desk Lamp,SKU_1042,8586.51
Desk Lamp,SKU_1949,8557.88
Desk Lamp,SKU_1566,8546.08
Desk Lamp,SKU_1166,8526.65
Desk Lamp,SKU_1520,8487.76
Desk Lamp,SKU_1364,8476.15
Desk Lamp,SKU_1021,8455.27
Desk Lamp,SKU_1502,8402.14
Desk Lamp,SKU_1533,8377.55
Desk Lamp,SKU_1303,8361.45
Desk Lamp,SKU_1138,8355.03
Desk Lamp,SKU_1394,8341.52
Desk Lamp,SKU_1421,8307.46
Desk Lamp,SKU_1054,8286.9
Desk Lamp,SKU_1287,8275.77
Desk Lamp,SKU_1739,8251.13
Desk Lamp,SKU_1321,8244.18
Desk Lamp,SKU_1552,8240.53
Desk Lamp,SKU_1415,8212.46
Desk Lamp,SKU_1046,8203.86
Desk Lamp,SKU_1657,8164.63
Desk Lamp,SKU_1208,8156.34
Desk Lamp,SKU_1787,8152.72
Desk Lamp,SKU_1235,8151.54
Desk Lamp,SKU_1736,8115.93
Desk Lamp,SKU_1790,8061.88
Desk Lamp,SKU_1060,8058.33
Desk Lamp,SKU_1348,8027.32
Desk Lamp,SKU_1344,8022.49
Desk Lamp,SKU_1719,8003.96
Desk Lamp,SKU_1295,7896.98
Desk Lamp,SKU_1493,7888.23
Desk Lamp,SKU_1896,7864.58
Desk Lamp,SKU_1102,7853.8
Desk Lamp,SKU_1885,7829.36
Desk Lamp,SKU_1224,7820.27
Desk Lamp,SKU_1636,7815.51
Desk Lamp,SKU_1322,7797.14
Desk Lamp,SKU_1027,7755.45
Desk Lamp,SKU_1798,7747.58
Desk Lamp,SKU_1930,7747.11
Desk Lamp,SKU_1762,7683.96
Desk Lamp,SKU_1083,7680.27
Desk Lamp,SKU_1482,7623.55
Desk Lamp,SKU_1225,7616.28
Desk Lamp,SKU_1801,7605.64
Desk Lamp,SKU_1305,7600.32
Desk Lamp,SKU_1359,7567.98
Desk Lamp,SKU_1588,7566.27
Desk Lamp,SKU_1685,7536.31
Desk Lamp,SKU_1440,7536.02
Desk Lamp,SKU_1317,7529.88
Desk Lamp,SKU_1965,7516.43
Desk Lamp,SKU_1683,7511.41
Desk Lamp,SKU_1409,7506.33
Desk Lamp,SKU_1750,7502.14
Desk Lamp,SKU_1928,7491.45
Desk Lamp,SKU_1263,7480.87
Desk Lamp,SKU_1343,7464.09
Desk Lamp,SKU_1256,7452.69
Desk Lamp,SKU_1422,7435.98
Desk Lamp,SKU_1595,7420.01
Desk Lamp,SKU_1231,7403.42
Desk Lamp,SKU_1635,7382.64
Desk Lamp,SKU_1984,7378.97
Desk Lamp,SKU_1761,7370.92
Desk Lamp,SKU_1653,7340.9
Desk Lamp,SKU_1215,7326.29
Desk Lamp,SKU_1486,7262.15
Desk Lamp,SKU_1211,7212.76
Desk Lamp,SKU_1470,7205.15
Desk Lamp,SKU_1906,7192.56
Desk Lamp,SKU_1521,7177.8
Desk Lamp,SKU_1852,7176.04
Desk Lamp,SKU_1812,7157.35
Desk Lamp,SKU_1423,7119.65
Desk Lamp,SKU_1457,7072.12
Desk Lamp,SKU_1369,7058.03
Desk Lamp,SKU_1029,7041.82
Desk Lamp,SKU_1185,7031.4
Desk Lamp,SKU_1155,7028.99
Desk Lamp,SKU_1996,6996.26
Desk Lamp,SKU_1401,6990.82
Desk Lamp,SKU_1944,6972.08
Desk Lamp,SKU_1419,6951.15
Desk Lamp,SKU_1579,6917.77
Desk Lamp,SKU_1090,6905.1
Desk Lamp,SKU_1044,6898.75
Desk Lamp,SKU_1692,6894.03
Desk Lamp,SKU_1522,6893.07
Desk Lamp,SKU_1843,6892.01
Desk Lamp,SKU_1497,6874.15
Desk Lamp,SKU_1569,6857.91
Desk Lamp,SKU_1886,6832.12
Desk Lamp,SKU_1596,6827.24
Desk Lamp,SKU_1169,6787.4
Desk Lamp,SKU_1938,6777.62
Desk Lamp,SKU_1651,6769.94
Desk Lamp,SKU_1733,6758.02
Desk Lamp,SKU_1375,6755.61
Desk Lamp,SKU_1690,6713.13
Desk Lamp,SKU_1748,6704.99
Desk Lamp,SKU_1170,6694.52
Desk Lamp,SKU_1681,6691.93
Desk Lamp,SKU_1159,6690.54
Desk Lamp,SKU_1825,6687.63
Desk Lamp,SKU_1622,6686.68
Desk Lamp,SKU_1960,6686.49
Desk Lamp,SKU_1216,6684.19
Desk Lamp,SKU_1443,6664.86
Desk Lamp,SKU_1218,6652.79
Desk Lamp,SKU_1900,6633.64
Desk Lamp,SKU_1283,6617.5
Desk Lamp,SKU_1694,6616.87
Desk Lamp,SKU_1032,6593.04
Desk Lamp,SKU_1158,6590.61
Desk Lamp,SKU_1879,6585.86
Desk Lamp,SKU_1911,6553.23
Desk Lamp,SKU_1647,6552.41
Desk Lamp,SKU_1749,6539.46
Desk Lamp,SKU_1557,6520.25
Desk Lamp,SKU_1112,6519.33
Desk Lamp,SKU_1702,6484.03
Desk Lamp,SKU_1475,6473.06
Desk Lamp,SKU_1391,6468.48
Desk Lamp,SKU_1726,6464.49
Desk Lamp,SKU_1414,6443.3
Desk Lamp,SKU_1769,6435.43
Desk Lamp,SKU_1656,6394.01
Desk Lamp,SKU_1973,6386.89
Desk Lamp,SKU_1841,6385.27
Desk Lamp,SKU_1412,6383.52
Desk Lamp,SKU_1191,6374.37
Desk Lamp,SKU_1471,6373.19
Desk Lamp,SKU_1167,6369.19
Desk Lamp,SKU_1294,6362.71
Desk Lamp,SKU_1867,6360.7
Desk Lamp,SKU_1070,6359.16
Desk Lamp,SKU_1799,6356.15
Desk Lamp,SKU_1408,6354.01
Desk Lamp,SKU_1580,6333.77
Desk Lamp,SKU_1186,6331.06
Desk Lamp,SKU_1024,6328.17
Desk Lamp,SKU_1274,6325.97
Desk Lamp,SKU_1385,6304.84
Desk Lamp,SKU_1095,6298.57
Desk Lamp,SKU_1909,6271.04
Desk Lamp,SKU_1937,6243.56
Desk Lamp,SKU_1845,6198.13
Desk Lamp,SKU_1045,6169.14
Desk Lamp,SKU_1247,6157.0
Desk Lamp,SKU_1319,6147.63
Desk Lamp,SKU_1097,6144.69
Desk Lamp,SKU_1098,6137.39
Desk Lamp,SKU_1398,6133.9
Desk Lamp,SKU_1689,6116.15
Desk Lamp,SKU_1945,6112.75
Desk Lamp,SKU_1613,6106.94
Desk Lamp,SKU_1818,6102.11
Desk Lamp,SKU_1602,6097.78
Desk Lamp,SKU_1795,6081.41
Desk Lamp,SKU_1476,6018.38
Desk Lamp,SKU_1669,6012.35
Desk Lamp,SKU_1740,6011.17
Desk Lamp,SKU_1371,6008.36
Desk Lamp,SKU_1912,5992.75
Desk Lamp,SKU_1047,5991.07
Desk Lamp,SKU_1277,5955.18
Desk Lamp,SKU_1754,5943.71
Desk Lamp,SKU_1355,5931.18
Desk Lamp,SKU_1320,5928.05
Desk Lamp,SKU_1927,5907.82
Desk Lamp,SKU_1023,5895.2
Desk Lamp,SKU_1161,5874.38
Desk Lamp,SKU_1188,5844.3
Desk Lamp,SKU_1966,5843.83
Desk Lamp,SKU_1649,5832.42
Desk Lamp,SKU_1953,5828.79
Desk Lamp,SKU_1245,5757.27
Desk Lamp,SKU_1576,5749.84
Desk Lamp,SKU_1406,5740.75
Desk Lamp,SKU_1556,5725.21
Desk Lamp,SKU_1036,5724.27
Desk Lamp,SKU_1052,5715.14
Desk Lamp,SKU_1549,5701.75
Desk Lamp,SKU_1744,5692.4
Desk Lamp,SKU_1518,5672.32
Desk Lamp,SKU_1313,5664.95
Desk Lamp,SKU_1114,5657.4
Desk Lamp,SKU_1959,5649.96
Desk Lamp,SKU_1629,5648.73
Desk Lamp,SKU_1957,5646.33
Desk Lamp,SKU_1403,5644.64
Desk Lamp,SKU_1503,5636.98
Desk Lamp,SKU_1405,5614.39
Desk Lamp,SKU_1923,5607.74
Desk Lamp,SKU_1560,5594.47
Desk Lamp,SKU_1747,5581.41
Desk Lamp,SKU_1623,5575.02
Desk Lamp,SKU_1528,5568.07
Desk Lamp,SKU_1612,5564.79
Desk Lamp,SKU_1543,5556.35
Desk Lamp,SKU_1892,5527.55
Desk Lamp,SKU_1328,5520.09
Desk Lamp,SKU_1034,5518.9
Desk Lamp,SKU_1458,5516.77
Desk Lamp,SKU_1565,5514.63
Desk Lamp,SKU_1888,5508.15
Desk Lamp,SKU_1752,5502.73
Desk Lamp,SKU_1849,5500.31
Desk Lamp,SKU_1777,5480.61
Desk Lamp,SKU_1132,5455.28
Desk Lamp,SKU_1597,5445.91
Desk Lamp,SKU_1970,5434.21
Desk Lamp,SKU_1643,5428.65
Desk Lamp,SKU_1703,5424.69
Desk Lamp,SKU_1417,5424.45
Desk Lamp,SKU_1542,5422.23
Desk Lamp,SKU_1264,5421.42
Desk Lamp,SKU_1168,5421.28
Desk Lamp,SKU_1513,5420.87
Desk Lamp,SKU_1122,5418.63
Desk Lamp,SKU_1382,5415.05
Desk Lamp,SKU_1189,5414.78
Desk Lamp,SKU_1899,5409.61
Desk Lamp,SKU_1254,5405.88
Desk Lamp,SKU_1339,5401.57
Desk Lamp,SKU_1537,5395.81
Desk Lamp,SKU_1529,5395.26
Desk Lamp,SKU_1687,5393.4
Desk Lamp,SKU_1323,5370.99
Desk Lamp,SKU_1773,5367.92
Desk Lamp,SKU_1648,5362.27
Desk Lamp,SKU_1439,5333.31
Desk Lamp,SKU_1962,5327.97
Desk Lamp,SKU_1553,5308.4
Desk Lamp,SKU_1870,5308.21
Desk Lamp,SKU_1723,5305.81
Desk Lamp,SKU_1115,5278.31
Desk Lamp,SKU_1363,5272.15
Desk Lamp,SKU_1203,5256.01
Desk Lamp,SKU_1724,5239.35
Desk Lamp,SKU_1931,5221.19
Desk Lamp,SKU_1372,5210.94
Desk Lamp,SKU_1236,5208.55
Desk Lamp,SKU_1399,5187.3
Desk Lamp,SKU_1099,5181.0
Desk Lamp,SKU_1932,5178.03
Desk Lamp,SKU_1929,5169.27
Desk Lamp,SKU_1187,5157.61
Desk Lamp,SKU_1713,5155.25
Desk Lamp,SKU_1855,5148.82
Desk Lamp,SKU_1129,5125.64
Desk Lamp,SKU_1824,5122.34
Desk Lamp,SKU_1638,5121.35
Desk Lamp,SKU_1658,5121.31
Desk Lamp,SKU_1961,5115.45
Desk Lamp,SKU_1110,5112.66
Desk Lamp,SKU_1568,5111.81
Desk Lamp,SKU_1680,5092.17
Desk Lamp,SKU_1289,5086.01
Desk Lamp,SKU_1670,5059.51
Desk Lamp,SKU_1666,5049.39
Desk Lamp,SKU_1334,5024.44
Desk Lamp,SKU_1487,5021.22
Desk Lamp,SKU_1785,5011.98
Desk Lamp,SKU_1117,5011.55
Desk Lamp,SKU_1727,5010.27
Desk Lamp,SKU_1278,5005.66
Desk Lamp,SKU_1994,5000.57
Desk Lamp,SKU_1859,4991.59
Desk Lamp,SKU_1850,4978.18
Desk Lamp,SKU_1480,4973.44
Desk Lamp,SKU_1541,4967.62
Desk Lamp,SKU_1311,4963.04
Desk Lamp,SKU_1871,4962.29
Desk Lamp,SKU_1561,4956.51
Desk Lamp,SKU_1802,4946.76
Desk Lamp,SKU_1671,4942.66
Desk Lamp,SKU_1583,4938.76
Desk Lamp,SKU_1783,4937.04
Desk Lamp,SKU_1820,4936.05
Desk Lamp,SKU_1037,4935.67
Desk Lamp,SKU_1964,4935.45
Desk Lamp,SKU_1162,4921.55
Desk Lamp,SKU_1630,4919.23
Desk Lamp,SKU_1887,4916.4
Desk Lamp,SKU_1300,4915.02
Desk Lamp,SKU_1999,4912.24
Desk Lamp,SKU_1101,4906.79
Desk Lamp,SKU_1948,4905.36
Desk Lamp,SKU_1506,4898.31
Desk Lamp,SKU_1609,4897.17
Desk Lamp,SKU_1794,4895.87
Desk Lamp,SKU_1664,4893.86
Desk Lamp,SKU_1955,4892.95
Desk Lamp,SKU_1551,4863.19
Desk Lamp,SKU_1239,4862.3
Desk Lamp,SKU_1389,4859.75
Desk Lamp,SKU_1425,4856.9
Desk Lamp,SKU_1488,4855.06
Desk Lamp,SKU_1365,4852.24
Desk Lamp,SKU_1570,4851.43
Desk Lamp,SKU_1096,4839.73
Desk Lamp,SKU_1772,4839.17
Desk Lamp,SKU_1662,4837.71
Desk Lamp,SKU_1743,4835.43
Desk Lamp,SKU_1179,4826.52
Desk Lamp,SKU_1381,4826.03
Desk Lamp,SKU_1661,4819.13
Desk Lamp,SKU_1975,4811.39
Desk Lamp,SKU_1424,4810.55
Desk Lamp,SKU_1392,4787.21
Desk Lamp,SKU_1627,4774.74
Desk Lamp,SKU_1667,4773.48
Desk Lamp,SKU_1815,4771.52
Desk Lamp,SKU_1646,4759.27
Desk Lamp,SKU_1838,4751.67
Desk Lamp,SKU_1455,4734.14
Desk Lamp,SKU_1861,4720.49
Desk Lamp,SKU_1366,4716.4
Desk Lamp,SKU_1875,4714.41
Desk Lamp,SKU_1160,4710.38
Desk Lamp,SKU_1584,4698.52
Desk Lamp,SKU_1943,4690.75
Desk Lamp,SKU_1782,4689.75
Desk Lamp,SKU_1430,4689.37
Desk Lamp,SKU_1907,4689.34
Desk Lamp,SKU_1298,4682.7
Desk Lamp,SKU_1219,4675.76
Desk Lamp,SKU_1577,4675.5
Desk Lamp,SKU_1492,4670.96
Desk Lamp,SKU_1079,4667.16
Desk Lamp,SKU_1827,4666.92
Desk Lamp,SKU_1956,4654.16
Desk Lamp,SKU_1075,4647.58
Desk Lamp,SKU_1284,4642.61
Desk Lamp,SKU_1865,4641.36
Desk Lamp,SKU_1567,4637.2
Desk Lamp,SKU_1092,4620.56
Desk Lamp,SKU_1603,4593.16
Desk Lamp,SKU_1017,4591.67
Desk Lamp,SKU_1538,4591.48
Desk Lamp,SKU_1448,4589.77
Desk Lamp,SKU_1077,4583.07
Desk Lamp,SKU_1227,4576.97
Desk Lamp,SKU_1788,4563.6
Desk Lamp,SKU_1837,4563.05
Desk Lamp,SKU_1550,4535.31
Desk Lamp,SKU_1051,4532.44
Desk Lamp,SKU_1469,4521.12
Desk Lamp,SKU_1722,4495.89
Desk Lamp,SKU_1808,4484.23
Desk Lamp,SKU_1153,4481.83
Desk Lamp,SKU_1558,4481.5
Desk Lamp,SKU_1234,4465.84
Desk Lamp,SKU_1028,4462.46
Desk Lamp,SKU_1828,4443.21
Desk Lamp,SKU_1048,4436.34
Desk Lamp,SKU_1877,4433.75
Desk Lamp,SKU_1131,4431.8
Desk Lamp,SKU_1977,4426.88
Desk Lamp,SKU_1376,4426.28
Desk Lamp,SKU_1094,4416.3
Desk Lamp,SKU_1009,4391.07
Desk Lamp,SKU_1367,4350.3
Desk Lamp,SKU_1431,4342.54
Desk Lamp,SKU_1340,4314.01
Desk Lamp,SKU_1650,4302.93
Desk Lamp,SKU_1065,4290.15
Desk Lamp,SKU_1779,4285.08
Desk Lamp,SKU_1291,4284.19
Desk Lamp,SKU_1073,4276.99
Desk Lamp,SKU_1753,4265.82
Desk Lamp,SKU_1356,4253.41
Desk Lamp,SKU_1213,4250.98
Desk Lamp,SKU_1144,4246.8
Desk Lamp,SKU_1539,4240.84
Desk Lamp,SKU_1262,4226.49
Desk Lamp,SKU_1674,4207.21
Desk Lamp,SKU_1268,4190.03
Desk Lamp,SKU_1124,4188.1
Desk Lamp,SKU_1902,4182.52
Desk Lamp,SKU_1003,4181.83
Desk Lamp,SKU_1575,4159.94
Desk Lamp,SKU_1610,4157.23
Desk Lamp,SKU_1349,4143.26
Desk Lamp,SKU_1286,4134.53
Desk Lamp,SKU_1525,4127.17
Desk Lamp,SKU_1491,4113.85
Desk Lamp,SKU_1205,4098.89
Desk Lamp,SKU_1001,4077.75
Desk Lamp,SKU_1106,4074.06
Desk Lamp,SKU_1814,4069.11
Desk Lamp,SKU_1718,4065.36
Desk Lamp,SKU_1536,4062.03
Desk Lamp,SKU_1226,4039.11
Desk Lamp,SKU_1574,4036.42
Desk Lamp,SKU_1548,4023.35
Desk Lamp,SKU_1255,4020.06
Desk Lamp,SKU_1407,4018.67
Desk Lamp,SKU_1330,4012.5
Desk Lamp,SKU_1481,4005.08
Desk Lamp,SKU_1435,3994.52
Desk Lamp,SKU_1611,3993.44
Desk Lamp,SKU_1903,3989.02
Desk Lamp,SKU_1756,3988.18
Desk Lamp,SKU_1731,3983.27
Desk Lamp,SKU_1221,3983.01
Desk Lamp,SKU_1714,3976.72
Desk Lamp,SKU_1008,3976.65
Desk Lamp,SKU_1831,3965.54
Desk Lamp,SKU_1190,3965.5
Desk Lamp,SKU_1260,3953.84
Desk Lamp,SKU_1941,3944.68
Desk Lamp,SKU_1193,3932.64
Desk Lamp,SKU_1848,3930.48
Desk Lamp,SKU_1851,3905.84
Desk Lamp,SKU_1982,3896.71
Desk Lamp,SKU_1139,3893.7
Desk Lamp,SKU_1606,3855.6
Desk Lamp,SKU_1306,3840.93
Desk Lamp,SKU_1495,3839.11
Desk Lamp,SKU_1890,3834.69
Desk Lamp,SKU_1217,3829.26
Desk Lamp,SKU_1290,3825.46
Desk Lamp,SKU_1765,3795.23
Desk Lamp,SKU_1978,3776.92
Desk Lamp,SKU_1275,3776.44
Desk Lamp,SKU_1207,3772.75
Desk Lamp,SKU_1302,3769.5
Desk Lamp,SKU_1605,3769.26
Desk Lamp,SKU_1332,3757.03
Desk Lamp,SKU_1711,3751.73
Desk Lamp,SKU_1326,3736.02
Desk Lamp,SKU_1345,3725.22
Desk Lamp,SKU_1380,3718.52
Desk Lamp,SKU_1178,3716.1
Desk Lamp,SKU_1145,3702.83
Desk Lamp,SKU_1378,3688.15
Desk Lamp,SKU_1151,3687.14
Desk Lamp,SKU_1163,3683.3
Desk Lamp,SKU_1716,3672.21
Desk Lamp,SKU_1427,3664.84
Desk Lamp,SKU_1922,3660.98
Desk Lamp,SKU_1853,3652.26
Desk Lamp,SKU_1373,3645.64
Desk Lamp,SKU_1107,3640.24
Desk Lamp,SKU_1333,3639.82
Desk Lamp,SKU_1728,3632.83
Desk Lamp,SKU_1908,3632.21
Desk Lamp,SKU_1120,3628.83
Desk Lamp,SKU_1864,3617.52
Desk Lamp,SKU_1839,3616.39
Desk Lamp,SKU_1091,3614.07
Desk Lamp,SKU_1085,3613.59
Desk Lamp,SKU_1411,3610.55
Desk Lamp,SKU_1069,3606.69
Desk Lamp,SKU_1337,3595.41
Desk Lamp,SKU_1464,3592.15
Desk Lamp,SKU_1742,3590.93
Desk Lamp,SKU_1512,3583.28
Desk Lamp,SKU_1058,3550.88
Desk Lamp,SKU_1822,3549.67
Desk Lamp,SKU_1064,3536.39
Desk Lamp,SKU_1446,3534.76
Desk Lamp,SKU_1299,3519.47
Desk Lamp,SKU_1196,3510.47
Desk Lamp,SKU_1076,3509.74
Desk Lamp,SKU_1346,3508.96
Desk Lamp,SKU_1043,3504.58
Desk Lamp,SKU_1854,3503.19
Desk Lamp,SKU_1362,3497.1
Desk Lamp,SKU_1157,3493.03
Desk Lamp,SKU_1517,3487.97
Desk Lamp,SKU_1410,3487.36
Desk Lamp,SKU_1261,3482.01
Desk Lamp,SKU_1697,3480.52
Desk Lamp,SKU_1390,3476.77
Desk Lamp,SKU_1176,3471.3
Desk Lamp,SKU_1258,3467.64
Desk Lamp,SKU_1637,3458.29
Desk Lamp,SKU_1615,3433.94
Desk Lamp,SKU_1316,3433.9
Desk Lamp,SKU_1006,3433.75
Desk Lamp,SKU_1625,3433.19
Desk Lamp,SKU_1184,3432.19
Desk Lamp,SKU_1505,3428.24
Desk Lamp,SKU_1259,3424.82
Desk Lamp,SKU_1997,3417.55
Desk Lamp,SKU_1164,3417.03
Desk Lamp,SKU_1395,3411.95
Desk Lamp,SKU_1589,3411.3
Desk Lamp,SKU_1182,3408.47
Desk Lamp,SKU_1840,3406.57
Desk Lamp,SKU_1578,3405.94
Desk Lamp,SKU_1209,3403.95
Desk Lamp,SKU_1534,3397.89
Desk Lamp,SKU_1296,3393.89
Desk Lamp,SKU_1154,3390.68
Desk Lamp,SKU_1880,3369.39
Desk Lamp,SKU_1905,3363.68
Desk Lamp,SKU_1143,3356.44
Desk Lamp,SKU_1684,3346.19
Desk Lamp,SKU_1361,3344.34
Desk Lamp,SKU_1660,3338.94
Desk Lamp,SKU_1147,3331.2
Desk Lamp,SKU_1251,3320.5
Desk Lamp,SKU_1972,3316.0
Desk Lamp,SKU_1816,3315.29
Desk Lamp,SKU_1642,3310.25
Desk Lamp,SKU_1292,3296.96
Desk Lamp,SKU_1396,3282.82
Desk Lamp,SKU_1257,3281.12
Desk Lamp,SKU_1901,3277.25
Desk Lamp,SKU_1991,3269.51
Desk Lamp,SKU_1468,3260.19
Desk Lamp,SKU_1449,3253.19
Desk Lamp,SKU_1992,3245.57
Desk Lamp,SKU_1791,3245.46
Desk Lamp,SKU_1404,3237.76
Desk Lamp,SKU_1760,3232.49
Desk Lamp,SKU_1936,3231.17
Desk Lamp,SKU_1350,3220.42
Desk Lamp,SKU_1640,3218.31
Desk Lamp,SKU_1624,3204.99
Desk Lamp,SKU_1519,3203.19
Desk Lamp,SKU_1710,3201.33
Desk Lamp,SKU_1250,3196.72
Desk Lamp,SKU_1793,3157.57
Desk Lamp,SKU_1530,3150.99
Desk Lamp,SKU_1135,3143.56
Desk Lamp,SKU_1025,3143.28
Desk Lamp,SKU_1249,3141.21
Desk Lamp,SKU_1797,3139.81
Desk Lamp,SKU_1149,3130.86
Desk Lamp,SKU_1729,3125.76
Desk Lamp,SKU_1715,3122.07
Desk Lamp,SKU_1663,3102.47
Desk Lamp,SKU_1592,3098.74
Desk Lamp,SKU_1813,3091.26
Desk Lamp,SKU_1426,3086.31
Desk Lamp,SKU_1910,3085.46
Desk Lamp,SKU_1473,3081.89
Desk Lamp,SKU_1172,3068.17
Desk Lamp,SKU_1546,3066.29
Desk Lamp,SKU_1308,3059.53
Desk Lamp,SKU_1327,3053.46
Desk Lamp,SKU_1057,3042.76
Desk Lamp,SKU_1555,3036.93
Desk Lamp,SKU_1619,3029.64
Desk Lamp,SKU_1682,3027.1
Desk Lamp,SKU_1137,3018.07
Desk Lamp,SKU_1958,3015.53
Desk Lamp,SKU_1467,3013.99
Desk Lamp,SKU_1934,2998.42
Desk Lamp,SKU_1384,2991.49
Desk Lamp,SKU_1383,2990.93
Desk Lamp,SKU_1271,2984.74
Desk Lamp,SKU_1005,2974.48
Desk Lamp,SKU_1071,2957.65
Desk Lamp,SKU_1499,2949.96
Desk Lamp,SKU_1420,2938.68
Desk Lamp,SKU_1730,2935.05
Desk Lamp,SKU_1807,2934.75
Desk Lamp,SKU_1240,2934.34
Desk Lamp,SKU_1659,2919.43
Desk Lamp,SKU_1572,2914.24
Desk Lamp,SKU_1242,2912.07
Desk Lamp,SKU_1173,2910.21
Desk Lamp,SKU_1474,2907.38
Desk Lamp,SKU_1641,2905.28
Desk Lamp,SKU_1177,2904.88
Desk Lamp,SKU_1314,2901.09
Desk Lamp,SKU_1315,2896.57
Desk Lamp,SKU_1832,2892.89
Desk Lamp,SKU_1105,2889.35
Desk Lamp,SKU_1165,2877.92
Desk Lamp,SKU_1200,2864.36
Desk Lamp,SKU_1745,2857.03
Desk Lamp,SKU_1388,2853.12
Desk Lamp,SKU_1335,2849.78
Desk Lamp,SKU_1202,2843.63
Desk Lamp,SKU_1078,2838.43
Desk Lamp,SKU_1445,2796.74
Desk Lamp,SKU_1436,2790.76
Desk Lamp,SKU_1354,2790.11
Desk Lamp,SKU_1358,2784.43
Desk Lamp,SKU_1686,2762.12
Desk Lamp,SKU_1918,2753.37
Desk Lamp,SKU_1353,2749.39
Desk Lamp,SKU_1786,2732.01
Desk Lamp,SKU_1428,2728.26
Desk Lamp,SKU_1562,2693.76
Desk Lamp,SKU_1527,2691.2
Desk Lamp,SKU_1805,2689.4
Desk Lamp,SKU_1986,2687.71
Desk Lamp,SKU_1759,2681.66
Desk Lamp,SKU_1778,2678.25
Desk Lamp,SKU_1968,2665.86
Desk Lamp,SKU_1914,2650.43
Desk Lamp,SKU_1509,2639.17
Desk Lamp,SKU_1180,2626.91
Desk Lamp,SKU_1571,2623.81
Desk Lamp,SKU_1582,2621.22
Desk Lamp,SKU_1963,2611.23
Desk Lamp,SKU_1709,2610.68
Desk Lamp,SKU_1451,2606.59
Desk Lamp,SKU_1004,2581.63
Desk Lamp,SKU_1501,2568.89
Desk Lamp,SKU_1452,2554.76
Desk Lamp,SKU_1967,2548.09
Desk Lamp,SKU_1232,2545.31
Desk Lamp,SKU_1127,2539.28
Desk Lamp,SKU_1347,2538.94
Desk Lamp,SKU_1916,2534.72
Desk Lamp,SKU_1441,2527.99
Desk Lamp,SKU_1033,2526.81
Desk Lamp,SKU_1677,2526.47
Desk Lamp,SKU_1987,2524.78
Desk Lamp,SKU_1547,2524.35
Desk Lamp,SKU_1325,2507.84
Desk Lamp,SKU_1280,2498.87
Desk Lamp,SKU_1856,2487.91
Desk Lamp,SKU_1882,2486.61
Desk Lamp,SKU_1652,2480.98
Desk Lamp,SKU_1067,2469.42
Desk Lamp,SKU_1969,2461.88
Desk Lamp,SKU_1540,2450.68
Desk Lamp,SKU_1134,2447.93
Desk Lamp,SKU_1913,2431.05
Desk Lamp,SKU_1757,2430.76
Desk Lamp,SKU_1990,2426.58
Desk Lamp,SKU_1281,2423.91
Desk Lamp,SKU_1087,2414.62
Desk Lamp,SKU_1472,2413.62
Desk Lamp,SKU_1246,2406.74
Desk Lamp,SKU_1979,2404.05
Desk Lamp,SKU_1026,2403.7
Desk Lamp,SKU_1053,2398.69
Desk Lamp,SKU_1282,2382.03
Desk Lamp,SKU_1456,2376.6
Desk Lamp,SKU_1194,2376.19
Desk Lamp,SKU_1128,2375.65
Desk Lamp,SKU_1691,2363.46
Desk Lamp,SKU_1010,2362.41
Desk Lamp,SKU_1136,2361.01
Desk Lamp,SKU_1862,2330.76
Desk Lamp,SKU_1920,2323.55
Desk Lamp,SKU_1616,2311.7
Desk Lamp,SKU_1626,2304.34
Desk Lamp,SKU_1133,2301.71
Desk Lamp,SKU_1293,2296.24
Desk Lamp,SKU_1038,2268.99
Desk Lamp,SKU_1309,2267.98
Desk Lamp,SKU_1634,2264.23
Desk Lamp,SKU_1834,2259.14
Desk Lamp,SKU_1500,2252.97
Desk Lamp,SKU_1884,2249.96
Desk Lamp,SKU_1181,2234.94
Desk Lamp,SKU_1055,2231.95
Desk Lamp,SKU_1123,2212.77
Desk Lamp,SKU_1462,2198.54
Desk Lamp,SKU_1233,2197.78
Desk Lamp,SKU_1803,2195.54
Desk Lamp,SKU_1002,2188.84
Desk Lamp,SKU_1897,2187.88
Desk Lamp,SKU_1819,2183.77
Desk Lamp,SKU_1781,2182.61
Desk Lamp,SKU_1563,2180.22
Desk Lamp,SKU_1494,2174.94
Desk Lamp,SKU_1688,2173.7
Desk Lamp,SKU_1324,2163.19
Desk Lamp,SKU_1633,2160.38
Desk Lamp,SKU_1866,2152.18
Desk Lamp,SKU_1108,2149.36
Desk Lamp,SKU_1040,2148.85
Desk Lamp,SKU_1201,2141.63
Desk Lamp,SKU_1336,2139.07
Desk Lamp,SKU_1554,2133.13
Desk Lamp,SKU_1989,2131.89
Desk Lamp,SKU_1698,2128.45
Desk Lamp,SKU_1453,2125.09
Desk Lamp,SKU_1768,2124.51
Desk Lamp,SKU_1675,2121.7
Desk Lamp,SKU_1454,2119.35
Desk Lamp,SKU_1980,2106.63
Desk Lamp,SKU_1031,2100.58
Desk Lamp,SKU_1810,2092.31
Desk Lamp,SKU_1066,2091.03
Desk Lamp,SKU_1478,2085.46
Desk Lamp,SKU_1526,2064.64
Desk Lamp,SKU_1126,2050.94
Desk Lamp,SKU_1447,2048.03
Desk Lamp,SKU_1946,2034.92
Desk Lamp,SKU_1081,2034.34
Desk Lamp,SKU_1013,2029.89
Desk Lamp,SKU_1774,2029.11
Desk Lamp,SKU_1586,2015.64
Desk Lamp,SKU_1704,2014.36
Desk Lamp,SKU_1244,1988.21
Desk Lamp,SKU_1416,1982.69
Desk Lamp,SKU_1780,1980.67
Desk Lamp,SKU_1604,1978.32
Desk Lamp,SKU_1817,1975.94
Desk Lamp,SKU_1307,1971.33
Desk Lamp,SKU_1199,1961.83
Desk Lamp,SKU_1465,1960.14
Desk Lamp,SKU_1893,1956.25
Desk Lamp,SKU_1917,1952.37
Desk Lamp,SKU_1243,1937.47
Desk Lamp,SKU_1898,1930.77
Desk Lamp,SKU_1836,1930.11
Desk Lamp,SKU_1156,1921.28
Desk Lamp,SKU_1933,1915.91
Desk Lamp,SKU_1253,1907.02
Desk Lamp,SKU_1063,1890.61
Desk Lamp,SKU_1174,1884.88
Desk Lamp,SKU_1515,1879.24
Desk Lamp,SKU_1746,1849.09
Desk Lamp,SKU_1993,1846.92
Desk Lamp,SKU_1080,1843.03
Desk Lamp,SKU_1104,1841.81
Desk Lamp,SKU_1050,1841.23
Desk Lamp,SKU_1720,1836.54
Desk Lamp,SKU_1581,1826.05
Desk Lamp,SKU_1894,1825.6
Desk Lamp,SKU_1869,1823.11
Desk Lamp,SKU_1767,1815.16
Desk Lamp,SKU_1118,1814.13
Desk Lamp,SKU_1056,1808.25
Desk Lamp,SKU_1192,1802.61
Desk Lamp,SKU_1559,1794.0
Desk Lamp,SKU_1738,1793.11
Desk Lamp,SKU_1429,1790.19
Desk Lamp,SKU_1800,1779.09
Desk Lamp,SKU_1460,1776.5
Desk Lamp,SKU_1016,1772.71
Desk Lamp,SKU_1601,1769.65
Desk Lamp,SKU_1988,1764.27
Desk Lamp,SKU_1113,1761.27
Desk Lamp,SKU_1020,1760.52
Desk Lamp,SKU_1212,1755.31
Desk Lamp,SKU_1806,1750.67
Desk Lamp,SKU_1082,1749.1
Desk Lamp,SKU_1310,1747.67
Desk Lamp,SKU_1645,1744.66
Desk Lamp,SKU_1590,1721.63
Desk Lamp,SKU_1874,1716.07
Desk Lamp,SKU_1858,1697.97
Desk Lamp,SKU_1766,1694.84
Desk Lamp,SKU_1924,1692.97
Desk Lamp,SKU_1889,1680.35
Desk Lamp,SKU_1086,1680.14
Desk Lamp,SKU_1450,1677.06
Desk Lamp,SKU_1804,1652.72
Desk Lamp,SKU_1883,1627.71
Desk Lamp,SKU_1668,1626.31
Desk Lamp,SKU_1442,1617.42
Desk Lamp,SKU_1072,1616.92
Desk Lamp,SKU_1535,1603.79
Desk Lamp,SKU_1206,1601.94
Desk Lamp,SKU_1273,1586.46
Desk Lamp,SKU_1847,1582.3
Desk Lamp,SKU_1377,1560.88
Desk Lamp,SKU_1370,1551.23
Desk Lamp,SKU_1951,1548.15
Desk Lamp,SKU_1297,1544.72
Desk Lamp,SKU_1141,1530.54
Desk Lamp,SKU_1863,1520.54
Desk Lamp,SKU_1607,1516.82
Desk Lamp,SKU_1434,1492.08
Desk Lamp,SKU_1223,1463.74
Desk Lamp,SKU_1511,1455.62
Desk Lamp,SKU_1022,1448.35
Desk Lamp,SKU_1357,1445.47
Desk Lamp,SKU_1084,1439.98
Desk Lamp,SKU_1655,1431.89
Desk Lamp,SKU_1204,1420.4
Desk Lamp,SKU_1617,1419.91
Desk Lamp,SKU_1699,1414.72
Desk Lamp,SKU_1846,1410.83
Desk Lamp,SKU_1585,1404.89
Desk Lamp,SKU_1564,1400.67
Desk Lamp,SKU_1351,1392.41
Desk Lamp,SKU_1014,1387.72
Desk Lamp,SKU_1672,1386.8
Desk Lamp,SKU_1705,1370.85
Desk Lamp,SKU_1119,1368.17
Desk Lamp,SKU_1717,1331.84
Desk Lamp,SKU_1925,1330.19
Desk Lamp,SKU_1523,1329.29
Desk Lamp,SKU_1676,1312.35
Desk Lamp,SKU_1318,1312.25
Desk Lamp,SKU_1823,1301.44
Desk Lamp,SKU_1524,1291.44
Desk Lamp,SKU_1701,1284.57
Desk Lamp,SKU_1171,1275.95
Desk Lamp,SKU_1093,1275.1
Desk Lamp,SKU_1796,1269.97
Desk Lamp,SKU_1631,1264.13
Desk Lamp,SKU_1950,1261.44
Desk Lamp,SKU_1976,1249.19
Desk Lamp,SKU_1921,1247.45
Desk Lamp,SKU_1418,1243.13
Desk Lamp,SKU_1015,1233.43
Desk Lamp,SKU_1479,1228.72
Desk Lamp,SKU_1598,1213.3
Desk Lamp,SKU_1599,1210.77
Desk Lamp,SKU_1789,1202.7
Desk Lamp,SKU_1019,1201.91
Desk Lamp,SKU_1265,1197.09
Desk Lamp,SKU_1152,1188.63
Desk Lamp,SKU_1379,1182.03
Desk Lamp,SKU_1477,1177.29
Desk Lamp,SKU_1844,1173.17
Desk Lamp,SKU_1678,1171.1
Desk Lamp,SKU_1983,1113.32
Desk Lamp,SKU_1673,1112.79
Desk Lamp,SKU_1109,1102.26
Desk Lamp,SKU_1771,1101.31
Desk Lamp,SKU_1484,1095.52
Desk Lamp,SKU_1700,1058.79
Desk Lamp,SKU_1981,1054.44
Desk Lamp,SKU_1829,1048.29
Desk Lamp,SKU_1490,1044.28
Desk Lamp,SKU_1402,1035.95
Desk Lamp,SKU_1331,1017.63
Desk Lamp,SKU_1228,1012.04
Desk Lamp,SKU_1341,1003.01
Desk Lamp,SKU_1775,997.94
Desk Lamp,SKU_1654,992.83
Desk Lamp,SKU_1049,982.04
Desk Lamp,SKU_1103,975.4
Desk Lamp,SKU_1620,953.76
Desk Lamp,SKU_1088,950.33
Desk Lamp,SKU_1618,927.01
Desk Lamp,SKU_1437,924.23
Desk Lamp,SKU_1466,920.27
Desk Lamp,SKU_1545,919.48
Desk Lamp,SKU_1222,913.69
Desk Lamp,SKU_1891,848.1
Desk Lamp,SKU_1039,844.94
Desk Lamp,SKU_1693,844.65
Desk Lamp,SKU_1954,842.03
Desk Lamp,SKU_1712,840.38
Desk Lamp,SKU_1374,831.22
Desk Lamp,SKU_1696,819.54
Desk Lamp,SKU_1061,811.84
Desk Lamp,SKU_1195,784.08
Desk Lamp,SKU_1857,767.58
Desk Lamp,SKU_1695,751.13
Desk Lamp,SKU_1483,749.66
Desk Lamp,SKU_1763,746.91
Desk Lamp,SKU_1835,745.42
Desk Lamp,SKU_1942,744.47
Desk Lamp,SKU_1755,742.71
Desk Lamp,SKU_1146,736.95
Desk Lamp,SKU_1508,735.17
Desk Lamp,SKU_1952,693.21
Desk Lamp,SKU_1100,691.37
Desk Lamp,SKU_1304,687.18
Desk Lamp,SKU_1708,678.89
Desk Lamp,SKU_1197,677.11
Desk Lamp,SKU_1338,667.33
Desk Lamp,SKU_1878,664.66
Desk Lamp,SKU_1792,664.22
Desk Lamp,SKU_1939,645.49
Desk Lamp,SKU_1758,639.71
Desk Lamp,SKU_1397,622.45
Desk Lamp,SKU_1621,607.61
Desk Lamp,SKU_1312,603.77
Desk Lamp,SKU_1272,598.45
Desk Lamp,SKU_1751,579.93
Desk Lamp,SKU_1438,576.54
Desk Lamp,SKU_1059,575.09
Desk Lamp,SKU_1974,557.55
Desk Lamp,SKU_1062,551.4
Desk Lamp,SKU_1593,543.22
Desk Lamp,SKU_1000,499.68
Desk Lamp,SKU_1532,497.35
Desk Lamp,SKU_1183,495.01
Desk Lamp,SKU_1628,476.34
Desk Lamp,SKU_1248,449.06
Desk Lamp,SKU_1175,434.99
Desk Lamp,SKU_1130,416.21
Desk Lamp,SKU_1833,396.2
Desk Lamp,SKU_1400,385.19
Desk Lamp,SKU_1734,381.55
Desk Lamp,SKU_1737,373.97
Desk Lamp,SKU_1868,343.84
Desk Lamp,SKU_1971,322.95
Desk Lamp,SKU_1679,321.24
Desk Lamp,SKU_1301,301.91
Desk Lamp,SKU_1252,300.85
Desk Lamp,SKU_1935,300.43
Desk Lamp,SKU_1507,248.75
Desk Lamp,SKU_1267,224.97
Desk Lamp,SKU_1904,224.25
Desk Lamp,SKU_1639,221.24
Desk Lamp,SKU_1463,210.63
Desk Lamp,SKU_1707,194.68
Desk Lamp,SKU_1594,175.25
Desk Lamp,SKU_1915,155.43
Desk Lamp,SKU_1573,62.75
Desk Lamp,SKU_1821,56.36
Desk Lamp,SKU_1461,44.67
Desk Lamp,SKU_1279,40.85
Desk Lamp,SKU_1608,20.58
Desk Lamp,SKU_1238,3.25
Desk Lamp,SKU_1873,2.38
Headphones,SKU_1893,18237.95
Headphones,SKU_1915,15523.96
Headphones,SKU_1761,15462.4
Headphones,SKU_1743,15106.22
Headphones,SKU_1465,14920.64
Headphones,SKU_1967,14295.71
Headphones,SKU_1079,14125.42
Headphones,SKU_1904,14122.91
Headphones,SKU_1976,13990.34
Headphones,SKU_1605,12834.48
Headphones,SKU_1185,12556.72
Headphones,SKU_1927,12418.63
Headphones,SKU_1890,12272.09
Headphones,SKU_1565,12189.22
Headphones,SKU_1490,12108.63
Headphones,SKU_1566,11854.96
Headphones,SKU_1928,11848.94
Headphones,SKU_1795,11783.71
Headphones,SKU_1686,11728.67
Headphones,SKU_1299,11566.56
Headphones,SKU_1258,11465.47
Headphones,SKU_1932,11331.9
Headphones,SKU_1204,11295.36
Headphones,SKU_1965,11171.2
Headphones,SKU_1643,11148.47
Headphones,SKU_1665,11028.61
Headphones,SKU_1245,10872.36
Headphones,SKU_1957,10770.51
Headphones,SKU_1894,10747.9
Headphones,SKU_1288,10633.3
Headphones,SKU_1611,10623.28
Headphones,SKU_1319,10572.3
Headphones,SKU_1239,10530.57
Headphones,SKU_1303,10507.15
Headphones,SKU_1866,10453.68
Headphones,SKU_1146,10401.82
Headphones,SKU_1538,10304.74
Headphones,SKU_1632,10303.22
Headphones,SKU_1235,10236.48
Headphones,SKU_1284,10212.59
Headphones,SKU_1099,10193.6
Headphones,SKU_1433,10132.61
Headphones,SKU_1323,10048.2
Headphones,SKU_1217,10040.96
Headphones,SKU_1098,9959.86
Headphones,SKU_1457,9932.15
Headphones,SKU_1575,9880.53
Headphones,SKU_1161,9787.7
Headphones,SKU_1954,9739.87
Headphones,SKU_1142,9721.65
Headphones,SKU_1606,9707.3
Headphones,SKU_1815,9536.03
Headphones,SKU_1613,9530.42
Headphones,SKU_1567,9501.23
Headphones,SKU_1786,9359.76
Headphones,SKU_1277,9198.43
Headphones,SKU_1437,9118.5
Headphones,SKU_1058,9063.71
Headphones,SKU_1002,9054.62
Headphones,SKU_1645,9019.49
Headphones,SKU_1972,8997.01
Headphones,SKU_1937,8897.33
Headphones,SKU_1046,8886.1
Headphones,SKU_1454,8883.54
Headphones,SKU_1069,8857.35
Headphones,SKU_1287,8847.75
Headphones,SKU_1257,8840.39
Headphones,SKU_1360,8823.61
Headphones,SKU_1945,8820.74
Headphones,SKU_1966,8731.24
Headphones,SKU_1179,8716.71
Headphones,SKU_1477,8668.71
Headphones,SKU_1023,8668.47
Headphones,SKU_1213,8638.84
Headphones,SKU_1821,8629.69
Headphones,SKU_1751,8592.91
Headphones,SKU_1882,8582.94
Headphones,SKU_1074,8571.84
Headphones,SKU_1115,8548.1
Headphones,SKU_1275,8518.1
Headphones,SKU_1290,8497.82
Headphones,SKU_1847,8487.54
Headphones,SKU_1759,8484.74
Headphones,SKU_1330,8479.65
Headphones,SKU_1873,8459.64
Headphones,SKU_1878,8444.92
Headphones,SKU_1602,8434.98
Headphones,SKU_1369,8422.79
Headphones,SKU_1620,8402.19
Headphones,SKU_1138,8380.1
Headphones,SKU_1188,8367.36
Headphones,SKU_1187,8307.89
Headphones,SKU_1196,8236.26
Headphones,SKU_1401,8196.68
Headphones,SKU_1649,8194.94
Headphones,SKU_1747,8193.28
Headphones,SKU_1857,8189.64
Headphones,SKU_1370,8180.71
Headphones,SKU_1230,8175.12
Headphones,SKU_1766,8172.22
Headphones,SKU_1416,8166.8
Headphones,SKU_1384,8090.84
Headphones,SKU_1908,8056.45
Headphones,SKU_1943,8055.02
Headphones,SKU_1629,8042.31
Headphones,SKU_1958,8019.11
Headphones,SKU_1166,8013.21
Headphones,SKU_1411,7960.77
Headphones,SKU_1497,7960.57
Headphones,SKU_1117,7944.59
Headphones,SKU_1876,7937.54
Headphones,SKU_1175,7927.66
Headphones,SKU_1948,7915.22
Headphones,SKU_1518,7900.37
Headphones,SKU_1350,7899.99
Headphones,SKU_1182,7838.85
Headphones,SKU_1851,7838.57
Headphones,SKU_1377,7797.5
Headphones,SKU_1029,7789.8
Headphones,SKU_1132,7780.96
Headphones,SKU_1885,7758.76
Headphones,SKU_1792,7723.42
Headphones,SKU_1461,7688.13
Headphones,SKU_1246,7669.88
Headphones,SKU_1314,7651.09
Headphones,SKU_1381,7628.14
Headphones,SKU_1808,7622.46
Headphones,SKU_1113,7585.36
Headphones,SKU_1583,7576.45
Headphones,SKU_1362,7534.95
Headphones,SKU_1005,7528.75
Headphones,SKU_1356,7526.15
Headphones,SKU_1929,7516.53
Headphones,SKU_1824,7508.0
Headphones,SKU_1600,7505.91
Headphones,SKU_1784,7482.94
Headphones,SKU_1279,7471.4
Headphones,SKU_1722,7415.63
Headphones,SKU_1253,7357.67
Headphones,SKU_1218,7324.7
Headphones,SKU_1066,7313.9
Headphones,SKU_1215,7294.08
Headphones,SKU_1846,7290.01
Headphones,SKU_1673,7283.93
Headphones,SKU_1199,7280.39
Headphones,SKU_1829,7264.39
Headphones,SKU_1592,7259.08
Headphones,SKU_1580,7241.35
Headphones,SKU_1796,7224.13
Headphones,SKU_1051,7209.05
Headphones,SKU_1153,7191.11
Headphones,SKU_1615,7189.25
Headphones,SKU_1596,7179.59
Headphones,SKU_1772,7170.12
Headphones,SKU_1652,7165.97
Headphones,SKU_1533,7153.8
Headphones,SKU_1320,7121.37
Headphones,SKU_1249,7116.13
Headphones,SKU_1087,7103.0
Headphones,SKU_1267,7088.24
Headphones,SKU_1338,7082.86
Headphones,SKU_1660,7075.07
Headphones,SKU_1875,7061.38
Headphones,SKU_1500,7058.77
Headphones,SKU_1944,7052.52
Headphones,SKU_1049,7038.42
Headphones,SKU_1364,7035.08
Headphones,SKU_1607,7023.67
Headphones,SKU_1989,7003.97
Headphones,SKU_1724,6991.99
Headphones,SKU_1648,6979.66
Headphones,SKU_1262,6964.9
Headphones,SKU_1862,6935.87
Headphones,SKU_1321,6926.42
Headphones,SKU_1919,6923.67
Headphones,SKU_1737,6916.05
Headphones,SKU_1577,6909.94
Headphones,SKU_1738,6892.82
Headphones,SKU_1892,6880.71
Headphones,SKU_1241,6880.29
Headphones,SKU_1310,6878.08
Headphones,SKU_1537,6868.96
Headphones,SKU_1901,6866.72
Headphones,SKU_1486,6816.4
Headphones,SKU_1004,6813.98
Headphones,SKU_1725,6811.27
Headphones,SKU_1035,6767.68
Headphones,SKU_1471,6761.02
Headphones,SKU_1933,6758.98
Headphones,SKU_1730,6758.8
Headphones,SKU_1760,6749.21
Headphones,SKU_1595,6733.5
Headphones,SKU_1540,6697.54
Headphones,SKU_1212,6656.47
Headphones,SKU_1300,6641.77
Headphones,SKU_1266,6637.65
Headphones,SKU_1973,6625.04
Headphones,SKU_1558,6619.14
Headphones,SKU_1423,6609.46
Headphones,SKU_1501,6592.63
Headphones,SKU_1597,6584.03
Headphones,SKU_1962,6580.63
Headphones,SKU_1691,6545.49
Headphones,SKU_1183,6545.15
Headphones,SKU_1264,6541.67
Headphones,SKU_1797,6537.85
Headphones,SKU_1097,6524.82
Headphones,SKU_1527,6513.37
Headphones,SKU_1840,6510.58
Headphones,SKU_1178,6487.94
Headphones,SKU_1372,6428.58
Headphones,SKU_1228,6428.33
Headphones,SKU_1733,6423.61
Headphones,SKU_1980,6409.97
Headphones,SKU_1843,6408.95
Headphones,SKU_1458,6405.56
Headphones,SKU_1375,6395.3
Headphones,SKU_1345,6379.02
Headphones,SKU_1440,6378.57
Headphones,SKU_1781,6354.13
Headphones,SKU_1075,6317.65
Headphones,SKU_1859,6314.44
Headphones,SKU_1144,6294.29
Headphones,SKU_1952,6287.51
Headphones,SKU_1018,6278.62
Headphones,SKU_1385,6247.55
Headphones,SKU_1697,6242.97
Headphones,SKU_1773,6228.87
Headphones,SKU_1056,6202.67
Headphones,SKU_1591,6189.53
Headphones,SKU_1358,6186.45
Headphones,SKU_1541,6173.81
Headphones,SKU_1530,6125.46
Headphones,SKU_1112,6120.14
Headphones,SKU_1176,6113.94
Headphones,SKU_1569,6113.5
Headphones,SKU_1634,6109.67
Headphones,SKU_1883,6108.7
Headphones,SKU_1920,6101.18
Headphones,SKU_1195,6099.22
Headphones,SKU_1247,6069.47
Headphones,SKU_1884,6066.68
Headphones,SKU_1283,6064.18
Headphones,SKU_1712,6063.32
Headphones,SKU_1143,6059.51
Headphones,SKU_1522,6058.08
Headphones,SKU_1898,6040.43
Headphones,SKU_1292,6040.37
Headphones,SKU_1048,6038.58
Headphones,SKU_1033,6031.09
Headphones,SKU_1027,6025.56
Headphones,SKU_1653,6014.45
Headphones,SKU_1666,6013.85
Headphones,SKU_1678,6011.32
Headphones,SKU_1644,5964.12
Headphones,SKU_1101,5952.95
Headphones,SKU_1410,5948.77
Headphones,SKU_1455,5936.59
Headphones,SKU_1378,5935.39
Headphones,SKU_1393,5917.65
Headphones,SKU_1512,5915.75
Headphones,SKU_1585,5912.73
Headphones,SKU_1570,5912.63
Headphones,SKU_1343,5911.56
Headphones,SKU_1387,5888.73
Headphones,SKU_1546,5862.83
Headphones,SKU_1752,5858.09
Headphones,SKU_1802,5827.14
Headphones,SKU_1820,5825.68
Headphones,SKU_1991,5805.78
Headphones,SKU_1274,5773.77
Headphones,SKU_1479,5769.86
Headphones,SKU_1108,5763.93
Headphones,SKU_1799,5746.38
Headphones,SKU_1562,5727.0
Headphones,SKU_1278,5719.28
Headphones,SKU_1714,5701.48
Headphones,SKU_1581,5698.07
Headphones,SKU_1609,5696.7
Headphones,SKU_1793,5682.53
Headphones,SKU_1432,5666.68
Headphones,SKU_1909,5665.62
Headphones,SKU_1123,5654.63
Headphones,SKU_1104,5642.36
Headphones,SKU_1750,5614.01
Headphones,SKU_1210,5597.47
Headphones,SKU_1906,5585.92
Headphones,SKU_1271,5572.13
Headphones,SKU_1679,5571.71
Headphones,SKU_1681,5563.14
Headphones,SKU_1436,5562.04
Headphones,SKU_1810,5546.23
Headphones,SKU_1207,5545.47
Headphones,SKU_1994,5536.5
Headphones,SKU_1637,5533.91
Headphones,SKU_1444,5527.7
Headphones,SKU_1677,5526.22
Headphones,SKU_1837,5516.88
Headphones,SKU_1910,5514.94
Headphones,SKU_1532,5506.91
Headphones,SKU_1348,5501.52
Headphones,SKU_1529,5501.42
Headphones,SKU_1316,5496.81
Headphones,SKU_1044,5479.01
Headphones,SKU_1762,5475.27
Headphones,SKU_1012,5469.37
Headphones,SKU_1351,5463.66
Headphones,SKU_1676,5461.55
Headphones,SKU_1779,5455.38
Headphones,SKU_1468,5433.71
Headphones,SKU_1630,5428.84
Headphones,SKU_1071,5413.74
Headphones,SKU_1564,5411.15
Headphones,SKU_1293,5401.04
Headphones,SKU_1813,5392.03
Headphones,SKU_1984,5376.45
Headphones,SKU_1475,5349.0
Headphones,SKU_1703,5338.98
Headphones,SKU_1157,5306.42
Headphones,SKU_1504,5297.96
Headphones,SKU_1120,5257.05
Headphones,SKU_1047,5256.17
Headphones,SKU_1152,5250.44
Headphones,SKU_1476,5230.55
Headphones,SKU_1955,5220.61
Headphones,SKU_1221,5216.33
Headphones,SKU_1223,5209.11
Headphones,SKU_1809,5200.58
Headphones,SKU_1520,5197.73
Headphones,SKU_1624,5185.19
Headphones,SKU_1753,5179.81
Headphones,SKU_1040,5176.29
Headphones,SKU_1096,5139.95
Headphones,SKU_1535,5131.86
Headphones,SKU_1493,5122.08
Headphones,SKU_1953,5094.69
Headphones,SKU_1366,5093.96
Headphones,SKU_1718,5084.06
Headphones,SKU_1498,5083.37
Headphones,SKU_1413,5029.85
Headphones,SKU_1121,5019.44
Headphones,SKU_1422,5003.08
Headphones,SKU_1869,4998.72
Headphones,SKU_1627,4996.89
Headphones,SKU_1379,4994.05
Headphones,SKU_1106,4967.65
Headphones,SKU_1578,4957.05
Headphones,SKU_1755,4951.52
Headphones,SKU_1838,4945.09
Headphones,SKU_1880,4927.85
Headphones,SKU_1295,4926.01
Headphones,SKU_1831,4918.38
Headphones,SKU_1229,4902.43
Headphones,SKU_1352,4899.02
Headphones,SKU_1324,4885.3
Headphones,SKU_1349,4878.51
Headphones,SKU_1978,4863.76
Headphones,SKU_1631,4836.78
Headphones,SKU_1312,4833.6
Headphones,SKU_1487,4819.77
Headphones,SKU_1654,4805.77
Headphones,SKU_1289,4805.04
Headphones,SKU_1424,4757.66
Headphones,SKU_1865,4750.73
Headphones,SKU_1517,4748.94
Headphones,SKU_1902,4741.97
Headphones,SKU_1243,4725.11
Headphones,SKU_1617,4719.48
Headphones,SKU_1072,4719.26
Headphones,SKU_1687,4707.56
Headphones,SKU_1039,4695.21
Headphones,SKU_1160,4688.53
Headphones,SKU_1118,4684.97
Headphones,SKU_1593,4674.82
Headphones,SKU_1749,4672.18
Headphones,SKU_1308,4658.72
Headphones,SKU_1783,4658.54
Headphones,SKU_1191,4642.83
Headphones,SKU_1450,4640.16
Headphones,SKU_1346,4636.05
Headphones,SKU_1055,4634.21
Headphones,SKU_1155,4632.6
Headphones,SKU_1702,4624.13
Headphones,SKU_1977,4617.17
Headphones,SKU_1448,4604.13
Headphones,SKU_1336,4600.44
Headphones,SKU_1446,4593.73
Headphones,SKU_1525,4558.01
Headphones,SKU_1853,4553.99
Headphones,SKU_1832,4546.98
Headphones,SKU_1030,4544.04
Headphones,SKU_1970,4541.23
Headphones,SKU_1635,4541.22
Headphones,SKU_1728,4524.84
Headphones,SKU_1622,4518.24
Headphones,SKU_1601,4486.65
Headphones,SKU_1211,4465.2
Headphones,SKU_1317,4460.67
Headphones,SKU_1855,4458.3
Headphones,SKU_1124,4455.39
Headphones,SKU_1026,4450.82
Headphones,SKU_1542,4443.43
Headphones,SKU_1167,4421.0
Headphones,SKU_1396,4413.14
Headphones,SKU_1734,4399.54
Headphones,SKU_1252,4392.56
Headphones,SKU_1297,4387.04
Headphones,SKU_1442,4361.9
Headphones,SKU_1313,4355.75
Headphones,SKU_1756,4355.35
Headphones,SKU_1573,4345.23
Headphones,SKU_1327,4342.48
Headphones,SKU_1077,4332.76
Headphones,SKU_1925,4332.15
Headphones,SKU_1304,4324.2
Headphones,SKU_1222,4319.39
Headphones,SKU_1139,4293.97
Headphones,SKU_1827,4288.29
Headphones,SKU_1177,4272.12
Headphones,SKU_1491,4271.7
Headphones,SKU_1621,4270.3
Headphones,SKU_1700,4269.55
Headphones,SKU_1675,4263.97
Headphones,SKU_1914,4249.3
Headphones,SKU_1473,4242.04
Headphones,SKU_1151,4237.67
Headphones,SKU_1472,4228.38
Headphones,SKU_1870,4223.29
Headphones,SKU_1095,4222.74
Headphones,SKU_1982,4213.92
Headphones,SKU_1706,4210.93
Headphones,SKU_1325,4206.93
Headphones,SKU_1373,4206.43
Headphones,SKU_1441,4199.3
Headphones,SKU_1126,4184.61
Headphones,SKU_1102,4177.02
Headphones,SKU_1723,4173.26
Headphones,SKU_1506,4172.74
Headphones,SKU_1141,4170.76
Headphones,SKU_1656,4169.21
Headphones,SKU_1355,4164.0
Headphones,SKU_1150,4151.54
Headphones,SKU_1986,4151.54
Headphones,SKU_1159,4148.32
Headphones,SKU_1545,4147.69
Headphones,SKU_1109,4132.27
Headphones,SKU_1076,4132.06
Headphones,SKU_1662,4127.39
Headphones,SKU_1610,4116.47
Headphones,SKU_1680,4113.01
Headphones,SKU_1811,4111.97
Headphones,SKU_1704,4109.24
Headphones,SKU_1787,4105.52
Headphones,SKU_1816,4097.18
Headphones,SKU_1339,4094.38
Headphones,SKU_1828,4092.42
Headphones,SKU_1826,4083.78
Headphones,SKU_1492,4041.33
Headphones,SKU_1417,4037.23
Headphones,SKU_1803,4036.68
Headphones,SKU_1013,4035.49
Headphones,SKU_1067,4018.37
Headphones,SKU_1383,4017.01
Headphones,SKU_1814,4012.19
Headphones,SKU_1174,3998.19
Headphones,SKU_1399,3995.1
Headphones,SKU_1238,3985.8
Headphones,SKU_1193,3976.67
Headphones,SKU_1145,3974.03
Headphones,SKU_1412,3973.37
Headphones,SKU_1265,3973.09
Headphones,SKU_1357,3972.43
Headphones,SKU_1272,3972.04
Headphones,SKU_1572,3966.64
Headphones,SKU_1683,3966.29
Headphones,SKU_1200,3961.9
Headphones,SKU_1140,3960.76
Headphones,SKU_1701,3946.44
Headphones,SKU_1798,3941.41
Headphones,SKU_1907,3910.65
Headphones,SKU_1467,3909.27
Headphones,SKU_1136,3907.82
Headphones,SKU_1232,3903.03
Headphones,SKU_1776,3882.81
Headphones,SKU_1960,3879.19
Headphones,SKU_1941,3877.58
Headphones,SKU_1234,3872.19
Headphones,SKU_1528,3865.77
Headphones,SKU_1060,3859.92
Headphones,SKU_1169,3849.08
Headphones,SKU_1251,3846.24
Headphones,SKU_1995,3827.52
Headphones,SKU_1135,3827.04
Headphones,SKU_1874,3820.97
Headphones,SKU_1663,3817.74
Headphones,SKU_1053,3807.19
Headphones,SKU_1881,3806.23
Headphones,SKU_1302,3805.33
Headphones,SKU_1041,3805.0
Headphones,SKU_1988,3803.88
Headphones,SKU_1872,3796.8
Headphones,SKU_1981,3792.51
Headphones,SKU_1996,3791.8
Headphones,SKU_1555,3782.21
Headphones,SKU_1576,3780.07
Headphones,SKU_1689,3780.02
Headphones,SKU_1514,3776.33
Headphones,SKU_1709,3770.44
Headphones,SKU_1254,3757.58
Headphones,SKU_1951,3742.86
Headphones,SKU_1037,3737.54
Headphones,SKU_1684,3737.5
Headphones,SKU_1190,3731.69
Headphones,SKU_1913,3731.2
Headphones,SKU_1449,3720.39
Headphones,SKU_1835,3717.14
Headphones,SKU_1695,3709.72
Headphones,SKU_1685,3698.52
Headphones,SKU_1214,3696.35
Headphones,SKU_1134,3685.65
Headphones,SKU_1194,3683.01
Headphones,SKU_1964,3675.73
Headphones,SKU_1225,3660.12
Headphones,SKU_1158,3659.2
Headphones,SKU_1003,3650.19
Headphones,SKU_1365,3645.83
Headphones,SKU_1556,3642.91
Headphones,SKU_1307,3642.9
Headphones,SKU_1916,3631.56
Headphones,SKU_1682,3628.1
Headphones,SKU_1968,3627.68
Headphones,SKU_1420,3613.79
Headphones,SKU_1256,3610.1
Headphones,SKU_1985,3602.16
Headphones,SKU_1699,3600.14
Headphones,SKU_1451,3598.73
Headphones,SKU_1282,3596.72
Headphones,SKU_1073,3591.76
Headphones,SKU_1386,3586.78
Headphones,SKU_1125,3555.8
Headphones,SKU_1488,3552.14
Headphones,SKU_1021,3540.87
Headphones,SKU_1408,3536.58
Headphones,SKU_1347,3526.28
Headphones,SKU_1250,3520.74
Headphones,SKU_1895,3518.62
Headphones,SKU_1672,3518.19
Headphones,SKU_1163,3511.29
Headphones,SKU_1007,3490.84
Headphones,SKU_1496,3485.77
Headphones,SKU_1081,3467.14
Headphones,SKU_1782,3451.07
Headphones,SKU_1812,3438.02
Headphones,SKU_1024,3436.89
Headphones,SKU_1502,3419.13
Headphones,SKU_1618,3412.17
Headphones,SKU_1028,3411.44
Headphones,SKU_1744,3406.37
Headphones,SKU_1508,3405.1
Headphones,SKU_1478,3402.51
Headphones,SKU_1353,3398.73
Headphones,SKU_1548,3390.08
Headphones,SKU_1668,3384.04
Headphones,SKU_1298,3371.75
Headphones,SKU_1291,3371.09
Headphones,SKU_1463,3356.38
Headphones,SKU_1886,3352.33
Headphones,SKU_1259,3345.35
Headphones,SKU_1227,3340.94
Headphones,SKU_1690,3333.59
Headphones,SKU_1946,3317.41
Headphones,SKU_1612,3312.64
Headphones,SKU_1848,3310.43
Headphones,SKU_1464,3308.41
Headphones,SKU_1771,3277.93
Headphones,SKU_1329,3277.35
Headphones,SKU_1337,3268.44
Headphones,SKU_1942,3263.59
Headphones,SKU_1623,3263.0
Headphones,SKU_1923,3261.17
Headphones,SKU_1696,3260.72
Headphones,SKU_1557,3255.32
Headphones,SKU_1089,3233.94
Headphones,SKU_1361,3217.0
Headphones,SKU_1800,3209.04
Headphones,SKU_1544,3202.69
Headphones,SKU_1867,3200.56
Headphones,SKU_1447,3198.34
Headphones,SKU_1481,3194.89
Headphones,SKU_1553,3185.9
Headphones,SKU_1100,3181.17
Headphones,SKU_1850,3179.67
Headphones,SKU_1780,3179.34
Headphones,SKU_1305,3175.93
Headphones,SKU_1935,3167.39
Headphones,SKU_1547,3166.67
Headphones,SKU_1661,3158.03
Headphones,SKU_1334,3155.58
Headphones,SKU_1903,3150.07
Headphones,SKU_1390,3143.03
Headphones,SKU_1934,3139.97
Headphones,SKU_1236,3134.02
Headphones,SKU_1014,3109.88
Headphones,SKU_1394,3084.33
Headphones,SKU_1741,3083.26
Headphones,SKU_1896,3072.83
Headphones,SKU_1669,3070.2
Headphones,SKU_1407,3067.38
Headphones,SKU_1746,3062.33
Headphones,SKU_1260,3057.96
Headphones,SKU_1434,3057.68
Headphones,SKU_1748,3056.54
Headphones,SKU_1639,3049.66
Headphones,SKU_1834,3044.09
Headphones,SKU_1036,3043.72
Headphones,SKU_1503,3041.86
Headphones,SKU_1674,3041.85
Headphones,SKU_1388,3036.97
Headphones,SKU_1172,3026.98
Headphones,SKU_1038,3023.52
Headphones,SKU_1640,3023.29
Headphones,SKU_1549,3007.22
Headphones,SKU_1861,3006.24
Headphones,SKU_1961,3002.71
Headphones,SKU_1740,2999.14
Headphones,SKU_1918,2995.89
Headphones,SKU_1016,2990.66
Headphones,SKU_1180,2983.27
Headphones,SKU_1052,2968.66
Headphones,SKU_1710,2966.87
Headphones,SKU_1400,2956.32
Headphones,SKU_1268,2940.81
Headphones,SKU_1244,2937.42
Headphones,SKU_1693,2931.47
Headphones,SKU_1584,2915.61
Headphones,SKU_1402,2915.07
Headphones,SKU_1791,2902.67
Headphones,SKU_1586,2901.89
Headphones,SKU_1719,2900.57
Headphones,SKU_1059,2896.4
Headphones,SKU_1979,2888.26
Headphones,SKU_1807,2877.73
Headphones,SKU_1552,2874.6
Headphones,SKU_1764,2862.18
Headphones,SKU_1398,2858.79
Headphones,SKU_1480,2858.17
Headphones,SKU_1563,2836.3
Headphones,SKU_1438,2827.33
Headphones,SKU_1921,2827.02
Headphones,SKU_1240,2806.4
Headphones,SKU_1657,2803.32
Headphones,SKU_1887,2803.08
Headphones,SKU_1924,2777.35
Headphones,SKU_1626,2768.8
Headphones,SKU_1484,2766.42
Headphones,SKU_1523,2766.25
Headphones,SKU_1063,2763.26
Headphones,SKU_1692,2754.43
Headphones,SKU_1604,2746.22
Headphones,SKU_1971,2739.56
Headphones,SKU_1462,2734.23
Headphones,SKU_1715,2728.32
Headphones,SKU_1406,2722.71
Headphones,SKU_1856,2721.76
Headphones,SKU_1181,2711.14
Headphones,SKU_1841,2705.42
Headphones,SKU_1459,2698.62
Headphones,SKU_1149,2694.97
Headphones,SKU_1263,2694.27
Headphones,SKU_1009,2692.56
Headphones,SKU_1122,2691.27
Headphones,SKU_1341,2688.31
Headphones,SKU_1516,2686.76
Headphones,SKU_1421,2681.47
Headphones,SKU_1242,2672.68
Headphones,SKU_1726,2670.48
Headphones,SKU_1022,2665.95
Headphones,SKU_1431,2657.55
Headphones,SKU_1130,2634.94
Headphones,SKU_1202,2631.7
Headphones,SKU_1430,2630.29
Headphones,SKU_1817,2629.02
Headphones,SKU_1825,2625.61
Headphones,SKU_1429,2611.52
Headphones,SKU_1778,2605.72
Headphones,SKU_1731,2593.58
Headphones,SKU_1628,2590.58
Headphones,SKU_1062,2589.39
Headphones,SKU_1208,2574.62
Headphones,SKU_1354,2571.3
Headphones,SKU_1561,2563.61
Headphones,SKU_1281,2562.68
Headphones,SKU_1231,2557.05
Headphones,SKU_1064,2550.29
Headphones,SKU_1296,2546.78
Headphones,SKU_1790,2538.91
Headphones,SKU_1770,2526.66
Headphones,SKU_1650,2525.58
Headphones,SKU_1219,2521.56
Headphones,SKU_1647,2514.23
Headphones,SKU_1456,2507.05
Headphones,SKU_1539,2505.29
Headphones,SKU_1427,2501.1
Headphones,SKU_1209,2499.5
Headphones,SKU_1922,2487.81
Headphones,SKU_1845,2473.8
Headphones,SKU_1849,2472.67
Headphones,SKU_1571,2470.26
Headphones,SKU_1404,2464.72
Headphones,SKU_1582,2457.11
Headphones,SKU_1085,2445.24
Headphones,SKU_1248,2444.26
Headphones,SKU_1391,2438.88
Headphones,SKU_1019,2424.09
Headphones,SKU_1636,2412.47
Headphones,SKU_1368,2408.45
Headphones,SKU_1363,2406.57
Headphones,SKU_1521,2400.27
Headphones,SKU_1775,2386.95
Headphones,SKU_1543,2385.04
Headphones,SKU_1261,2371.57
Headphones,SKU_1131,2366.05
Headphones,SKU_1574,2364.27
Headphones,SKU_1638,2361.36
Headphones,SKU_1409,2358.79
Headphones,SKU_1435,2325.85
Headphones,SKU_1694,2324.05
Headphones,SKU_1331,2320.91
Headphones,SKU_1110,2320.69
Headphones,SKU_1688,2315.68
Headphones,SKU_1286,2313.42
Headphones,SKU_1397,2301.9
Headphones,SKU_1340,2300.56
Headphones,SKU_1659,2294.29
Headphones,SKU_1428,2269.09
Headphones,SKU_1017,2256.56
Headphones,SKU_1599,2244.95
Headphones,SKU_1494,2243.37
Headphones,SKU_1939,2241.72
Headphones,SKU_1309,2234.61
Headphones,SKU_1891,2229.38
Headphones,SKU_1897,2228.8
Headphones,SKU_1189,2227.65
Headphones,SKU_1137,2221.44
Headphones,SKU_1001,2220.13
Headphones,SKU_1203,2208.71
Headphones,SKU_1707,2207.23
Headphones,SKU_1763,2198.96
Headphones,SKU_1094,2191.95
Headphones,SKU_1168,2182.91
Headphones,SKU_1745,2182.61
Headphones,SKU_1852,2166.95
Headphones,SKU_1050,2160.73
Headphones,SKU_1854,2156.04
Headphones,SKU_1273,2155.3
Headphones,SKU_1868,2141.73
Headphones,SKU_1658,2134.78
Headphones,SKU_1315,2121.53
Headphones,SKU_1216,2118.58
Headphones,SKU_1717,2112.89
Headphones,SKU_1088,2094.02
Headphones,SKU_1794,2092.72
Headphones,SKU_1768,2085.12
Headphones,SKU_1974,2081.96
Headphones,SKU_1507,2069.49
Headphones,SKU_1732,2063.42
Headphones,SKU_1091,2060.78
Headphones,SKU_1739,2057.59
Headphones,SKU_1043,2047.64
Headphones,SKU_1589,2044.87
Headphones,SKU_1603,2041.84
Headphones,SKU_1426,2038.37
Headphones,SKU_1294,2021.28
Headphones,SKU_1418,2009.6
Headphones,SKU_1949,1993.24
Headphones,SKU_1510,1989.51
Headphones,SKU_1382,1979.51
Headphones,SKU_1633,1974.62
Headphones,SKU_1084,1969.86
Headphones,SKU_1495,1966.01
Headphones,SKU_1554,1959.34
Headphones,SKU_1367,1955.81
Headphones,SKU_1888,1955.25
Headphones,SKU_1729,1949.17
Headphones,SKU_1206,1934.38
Headphones,SKU_1170,1933.91
Headphones,SKU_1559,1915.98
Headphones,SKU_1912,1913.72
Headphones,SKU_1844,1904.96
Headphones,SKU_1899,1900.41
Headphones,SKU_1020,1890.59
Headphones,SKU_1619,1889.61
Headphones,SKU_1220,1886.75
Headphones,SKU_1969,1884.43
Headphones,SKU_1389,1877.13
Headphones,SKU_1415,1868.58
Headphones,SKU_1879,1867.87
Headphones,SKU_1926,1861.17
Headphones,SKU_1598,1846.96
Headphones,SKU_1405,1830.77
Headphones,SKU_1765,1829.36
Headphones,SKU_1328,1828.59
Headphones,SKU_1285,1826.57
Headphones,SKU_1133,1819.78
Headphones,SKU_1335,1808.3
Headphones,SKU_1107,1805.0
Headphones,SKU_1871,1804.47
Headphones,SKU_1830,1802.43
Headphones,SKU_1936,1800.89
Headphones,SKU_1499,1799.59
Headphones,SKU_1590,1797.79
Headphones,SKU_1000,1784.67
Headphones,SKU_1485,1778.27
Headphones,SKU_1093,1774.64
Headphones,SKU_1057,1773.92
Headphones,SKU_1061,1766.27
Headphones,SKU_1999,1760.27
Headphones,SKU_1078,1746.86
Headphones,SKU_1509,1726.51
Headphones,SKU_1374,1715.37
Headphones,SKU_1819,1706.39
Headphones,SKU_1788,1701.56
Headphones,SKU_1092,1696.41
Headphones,SKU_1184,1690.82
Headphones,SKU_1579,1684.72
Headphones,SKU_1032,1681.77
Headphones,SKU_1226,1676.36
Headphones,SKU_1664,1669.51
Headphones,SKU_1452,1665.23
Headphones,SKU_1839,1662.11
Headphones,SKU_1105,1656.48
Headphones,SKU_1836,1654.11
Headphones,SKU_1147,1650.6
Headphones,SKU_1489,1646.9
Headphones,SKU_1531,1642.61
Headphones,SKU_1270,1641.16
Headphones,SKU_1192,1631.32
Headphones,SKU_1511,1628.0
Headphones,SKU_1736,1614.12
Headphones,SKU_1804,1609.81
Headphones,SKU_1148,1595.57
Headphones,SKU_1992,1586.78
Headphones,SKU_1445,1583.79
Headphones,SKU_1068,1573.48
Headphones,SKU_1224,1570.4
Headphones,SKU_1269,1561.8
Headphones,SKU_1785,1560.77
Headphones,SKU_1460,1553.05
Headphones,SKU_1042,1508.88
Headphones,SKU_1453,1504.72
Headphones,SKU_1031,1479.57
Headphones,SKU_1008,1471.38
Headphones,SKU_1987,1465.84
Headphones,SKU_1877,1465.44
Headphones,SKU_1425,1454.57
Headphones,SKU_1318,1442.83
Headphones,SKU_1505,1442.17
Headphones,SKU_1526,1438.43
Headphones,SKU_1025,1428.96
Headphones,SKU_1469,1426.72
Headphones,SKU_1154,1407.29
Headphones,SKU_1858,1403.83
Headphones,SKU_1735,1396.87
Headphones,SKU_1998,1385.15
Headphones,SKU_1359,1376.9
Headphones,SKU_1823,1375.65
Headphones,SKU_1614,1368.39
Headphones,SKU_1162,1367.67
Headphones,SKU_1930,1348.42
Headphones,SKU_1616,1347.25
Headphones,SKU_1045,1340.02
Headphones,SKU_1419,1338.05
Headphones,SKU_1119,1323.68
Headphones,SKU_1993,1322.56
Headphones,SKU_1186,1307.16
Headphones,SKU_1774,1299.96
Headphones,SKU_1551,1295.87
Headphones,SKU_1651,1274.8
Headphones,SKU_1716,1259.54
Headphones,SKU_1721,1256.6
Headphones,SKU_1443,1254.19
Headphones,SKU_1983,1251.02
Headphones,SKU_1801,1224.14
Headphones,SKU_1864,1220.0
Headphones,SKU_1950,1217.8
Headphones,SKU_1900,1215.6
Headphones,SKU_1011,1207.15
Headphones,SKU_1742,1198.91
Headphones,SKU_1905,1198.35
Headphones,SKU_1863,1197.46
Headphones,SKU_1956,1185.66
Headphones,SKU_1646,1168.19
Headphones,SKU_1524,1166.23
Headphones,SKU_1054,1148.85
Headphones,SKU_1818,1147.66
Headphones,SKU_1470,1145.16
Headphones,SKU_1754,1121.35
Headphones,SKU_1560,1114.59
Headphones,SKU_1380,1106.5
Headphones,SKU_1515,1100.33
Headphones,SKU_1326,1087.87
Headphones,SKU_1482,1059.18
Headphones,SKU_1594,1032.87
Headphones,SKU_1083,1023.24
Headphones,SKU_1086,1015.27
Headphones,SKU_1070,1007.5
Headphones,SKU_1670,999.93
Headphones,SKU_1306,997.21
Headphones,SKU_1198,995.77
Headphones,SKU_1667,989.23
Headphones,SKU_1711,986.26
Headphones,SKU_1111,981.63
Headphones,SKU_1655,965.26
Headphones,SKU_1990,944.35
Headphones,SKU_1889,929.11
Headphones,SKU_1034,919.23
Headphones,SKU_1129,917.93
Headphones,SKU_1483,911.92
Headphones,SKU_1713,885.74
Headphones,SKU_1625,884.33
Headphones,SKU_1568,881.16
Headphones,SKU_1769,880.43
Headphones,SKU_1911,864.98
Headphones,SKU_1550,859.23
Headphones,SKU_1997,853.28
Headphones,SKU_1301,848.36
Headphones,SKU_1757,847.58
Headphones,SKU_1917,836.29
Headphones,SKU_1833,833.4
Headphones,SKU_1536,817.29
Headphones,SKU_1860,812.17
Headphones,SKU_1587,793.76
Headphones,SKU_1205,791.31
Headphones,SKU_1414,791.17
Headphones,SKU_1173,788.53
Headphones,SKU_1197,780.59
Headphones,SKU_1114,766.5
Headphones,SKU_1116,761.07
Headphones,SKU_1392,741.89
Headphones,SKU_1010,739.79
Headphones,SKU_1344,730.47
Headphones,SKU_1513,726.58
Headphones,SKU_1671,710.11
Headphones,SKU_1947,679.36
Headphones,SKU_1332,677.74
Headphones,SKU_1322,675.78
Headphones,SKU_1705,673.22
Headphones,SKU_1822,667.77
Headphones,SKU_1963,644.83
Headphones,SKU_1777,623.9
Headphones,SKU_1789,621.06
Headphones,SKU_1164,597.07
Headphones,SKU_1280,585.62
Headphones,SKU_1080,577.71
Headphones,SKU_1395,570.88
Headphones,SKU_1931,559.05
Headphones,SKU_1403,554.63
Headphones,SKU_1376,552.02
Headphones,SKU_1233,511.13
Headphones,SKU_1439,452.77
Headphones,SKU_1938,417.37
Headphones,SKU_1698,412.09
Headphones,SKU_1608,376.06
Headphones,SKU_1940,365.94
Headphones,SKU_1165,347.54
Headphones,SKU_1806,345.7
Headphones,SKU_1727,291.36
Headphones,SKU_1534,290.17
Headphones,SKU_1805,270.51
Headphones,SKU_1015,260.66
Headphones,SKU_1276,253.1
Headphones,SKU_1090,250.65
Headphones,SKU_1311,243.12
Headphones,SKU_1006,240.98
Headphones,SKU_1519,209.95
Headphones,SKU_1708,186.28
Headphones,SKU_1975,182.32
Headphones,SKU_1237,145.44
Headphones,SKU_1171,129.92
Headphones,SKU_1342,125.7
Headphones,SKU_1588,118.85
Headphones,SKU_1371,114.64
Headphones,SKU_1255,102.3
Headphones,SKU_1474,99.08
Headphones,SKU_1842,92.99
Headphones,SKU_1103,88.46
Headphones,SKU_1720,70.48
Headphones,SKU_1333,64.5
Headphones,SKU_1127,60.45
Headphones,SKU_1128,56.55
Headphones,SKU_1642,3.13
Notebook,SKU_1509,16241.35
Notebook,SKU_1822,15013.03
Notebook,SKU_1896,14249.31
Notebook,SKU_1548,12919.73
Notebook,SKU_1394,12826.17
Notebook,SKU_1801,12412.45
Notebook,SKU_1206,12227.4
Notebook,SKU_1585,12225.21
Notebook,SKU_1695,11775.89
Notebook,SKU_1534,11717.65
Notebook,SKU_1518,11598.34
Notebook,SKU_1802,11382.98
Notebook,SKU_1379,11368.85
Notebook,SKU_1040,10880.76
Notebook,SKU_1505,10727.07
Notebook,SKU_1156,10700.84
Notebook,SKU_1298,10689.6
Notebook,SKU_1436,10567.24
Notebook,SKU_1615,10467.95
Notebook,SKU_1596,10467.72
Notebook,SKU_1079,10238.71
Notebook,SKU_1091,10103.17
Notebook,SKU_1790,10030.6
Notebook,SKU_1318,10030.4
Notebook,SKU_1082,10016.53
Notebook,SKU_1470,9883.5
Notebook,SKU_1108,9853.24
Notebook,SKU_1995,9789.99
Notebook,SKU_1834,9718.27
Notebook,SKU_1259,9693.28
Notebook,SKU_1609,9652.94
Notebook,SKU_1434,9557.71
Notebook,SKU_1681,9545.36
Notebook,SKU_1634,9519.3
Notebook,SKU_1724,9494.45
Notebook,SKU_1140,9489.36
Notebook,SKU_1169,9461.6
Notebook,SKU_1145,9291.19
Notebook,SKU_1979,9207.36
Notebook,SKU_1715,9127.15
Notebook,SKU_1171,9124.78
Notebook,SKU_1673,9086.53
Notebook,SKU_1629,9041.02
Notebook,SKU_1325,9012.39
Notebook,SKU_1938,8967.37
Notebook,SKU_1847,8958.54
Notebook,SKU_1428,8908.1
Notebook,SKU_1895,8883.54
Notebook,SKU_1933,8874.4
Notebook,SKU_1437,8873.79
Notebook,SKU_1642,8845.59
Notebook,SKU_1703,8797.08
Notebook,SKU_1020,8721.32
Notebook,SKU_1921,8710.44
Notebook,SKU_1200,8636.44
Notebook,SKU_1598,8609.8
Notebook,SKU_1493,8580.44
Notebook,SKU_1883,8568.21
Notebook,SKU_1684,8555.43
Notebook,SKU_1661,8542.84
Notebook,SKU_1250,8495.55
Notebook,SKU_1264,8435.81
Notebook,SKU_1960,8423.42
Notebook,SKU_1440,8384.97
Notebook,SKU_1760,8383.76
Notebook,SKU_1458,8339.58
Notebook,SKU_1244,8315.14
Notebook,SKU_1405,8308.38
Notebook,SKU_1463,8295.65
Notebook,SKU_1413,8238.22
Notebook,SKU_1637,8228.14
Notebook,SKU_1561,8212.25
Notebook,SKU_1710,8195.48
Notebook,SKU_1942,8179.14
Notebook,SKU_1375,8158.18
Notebook,SKU_1678,8121.59
Notebook,SKU_1608,8112.37
Notebook,SKU_1269,8088.97
Notebook,SKU_1052,8069.04
Notebook,SKU_1688,8061.16
Notebook,SKU_1410,8059.92
Notebook,SKU_1078,8048.72
Notebook,SKU_1057,8034.35
Notebook,SKU_1262,8007.81
Notebook,SKU_1344,8000.72
Notebook,SKU_1299,7943.74
Notebook,SKU_1222,7916.26
Notebook,SKU_1207,7906.73
Notebook,SKU_1235,7865.38
Notebook,SKU_1466,7845.37
Notebook,SKU_1720,7831.0
Notebook,SKU_1490,7828.04
Notebook,SKU_1499,7819.66
Notebook,SKU_1816,7802.87
Notebook,SKU_1872,7800.2
Notebook,SKU_1148,7775.62
Notebook,SKU_1849,7723.05
Notebook,SKU_1308,7682.99
Notebook,SKU_1295,7633.24
Notebook,SKU_1086,7614.12
Notebook,SKU_1150,7607.89
Notebook,SKU_1406,7598.41
Notebook,SKU_1870,7571.99
Notebook,SKU_1546,7563.61
Notebook,SKU_1224,7557.4
Notebook,SKU_1454,7556.41
Notebook,SKU_1908,7538.37
Notebook,SKU_1589,7531.94
Notebook,SKU_1600,7423.25
Notebook,SKU_1516,7416.68
Notebook,SKU_1844,7408.63
Notebook,SKU_1365,7389.49
Notebook,SKU_1166,7374.08
Notebook,SKU_1117,7373.75
Notebook,SKU_1178,7367.24
Notebook,SKU_1910,7366.88
Notebook,SKU_1524,7333.78
Notebook,SKU_1239,7330.84
Notebook,SKU_1635,7317.59
Notebook,SKU_1076,7314.81
Notebook,SKU_1248,7312.36
Notebook,SKU_1312,7284.98
Notebook,SKU_1551,7255.43
Notebook,SKU_1926,7250.79
Notebook,SKU_1467,7243.95
Notebook,SKU_1620,7223.25
Notebook,SKU_1903,7215.48
Notebook,SKU_1641,7213.23
Notebook,SKU_1806,7211.67
Notebook,SKU_1388,7192.72
Notebook,SKU_1563,7181.01
Notebook,SKU_1411,7141.88
Notebook,SKU_1094,7134.95
Notebook,SKU_1017,7131.76
Notebook,SKU_1743,7130.77
Notebook,SKU_1144,7117.56
Notebook,SKU_1273,7114.97
Notebook,SKU_1922,7102.76
Notebook,SKU_1824,7102.67
Notebook,SKU_1284,7101.15
Notebook,SKU_1943,7092.81
Notebook,SKU_1393,7088.26
Notebook,SKU_1484,7080.22
Notebook,SKU_1479,7073.71
Notebook,SKU_1873,6990.12
Notebook,SKU_1027,6979.54
Notebook,SKU_1067,6978.11
Notebook,SKU_1047,6956.09
Notebook,SKU_1817,6949.17
Notebook,SKU_1098,6933.04
Notebook,SKU_1195,6919.38
Notebook,SKU_1481,6908.96
Notebook,SKU_1726,6905.98
Notebook,SKU_1294,6895.37
Notebook,SKU_1088,6887.83
Notebook,SKU_1389,6858.32
Notebook,SKU_1132,6845.76
Notebook,SKU_1450,6836.05
Notebook,SKU_1070,6821.73
Notebook,SKU_1180,6771.22
Notebook,SKU_1810,6765.43
Notebook,SKU_1748,6755.02
Notebook,SKU_1293,6724.4
Notebook,SKU_1920,6718.97
Notebook,SKU_1421,6696.61
Notebook,SKU_1914,6684.84
Notebook,SKU_1653,6684.22
Notebook,SKU_1403,6679.58
Notebook,SKU_1187,6679.32
Notebook,SKU_1363,6673.19
Notebook,SKU_1618,6657.82
Notebook,SKU_1258,6653.01
Notebook,SKU_1385,6633.3
Notebook,SKU_1014,6627.32
Notebook,SKU_1951,6613.57
Notebook,SKU_1433,6602.6
Notebook,SKU_1744,6587.88
Notebook,SKU_1416,6572.89
Notebook,SKU_1288,6571.42
Notebook,SKU_1746,6544.97
Notebook,SKU_1184,6538.06
Notebook,SKU_1882,6508.57
Notebook,SKU_1130,6505.04
Notebook,SKU_1981,6501.12
Notebook,SKU_1619,6499.01
Notebook,SKU_1741,6498.29
Notebook,SKU_1512,6473.87
Notebook,SKU_1863,6461.95
Notebook,SKU_1840,6449.44
Notebook,SKU_1225,6443.66
Notebook,SKU_1701,6423.6
Notebook,SKU_1793,6419.66
Notebook,SKU_1242,6405.09
Notebook,SKU_1030,6390.03
Notebook,SKU_1289,6350.13
Notebook,SKU_1000,6347.1
Notebook,SKU_1547,6343.25
Notebook,SKU_1252,6337.88
Notebook,SKU_1763,6330.79
Notebook,SKU_1102,6320.29
Notebook,SKU_1812,6296.76
Notebook,SKU_1271,6285.8
Notebook,SKU_1723,6264.33
Notebook,SKU_1646,6248.47
Notebook,SKU_1119,6245.27
Notebook,SKU_1696,6211.41
Notebook,SKU_1705,6208.68
Notebook,SKU_1652,6207.48
Notebook,SKU_1246,6204.36
Notebook,SKU_1438,6188.97
Notebook,SKU_1783,6178.92
Notebook,SKU_1137,6173.37
Notebook,SKU_1444,6164.67
Notebook,SKU_1528,6161.07
Notebook,SKU_1084,6151.47
Notebook,SKU_1624,6150.96
Notebook,SKU_1339,6143.45
Notebook,SKU_1234,6140.53
Notebook,SKU_1197,6111.01
Notebook,SKU_1511,6110.71
Notebook,SKU_1567,6099.35
Notebook,SKU_1216,6099.23
Notebook,SKU_1544,6092.17
Notebook,SKU_1533,6079.34
Notebook,SKU_1029,6078.34
Notebook,SKU_1147,6075.46
Notebook,SKU_1692,6053.84
Notebook,SKU_1540,6053.26
Notebook,SKU_1811,6040.15
Notebook,SKU_1232,6031.35
Notebook,SKU_1644,6028.64
Notebook,SKU_1430,6027.06
Notebook,SKU_1023,6010.85
Notebook,SKU_1397,5983.68
Notebook,SKU_1370,5982.85
Notebook,SKU_1799,5982.54
Notebook,SKU_1803,5979.08
Notebook,SKU_1419,5967.39
Notebook,SKU_1525,5937.84
Notebook,SKU_1106,5927.18
Notebook,SKU_1310,5919.44
Notebook,SKU_1028,5912.08
Notebook,SKU_1003,5910.43
Notebook,SKU_1013,5897.8
Notebook,SKU_1757,5896.95
Notebook,SKU_1213,5892.52
Notebook,SKU_1025,5885.7
Notebook,SKU_1221,5884.67
Notebook,SKU_1004,5871.15
Notebook,SKU_1125,5854.99
Notebook,SKU_1327,5843.79
Notebook,SKU_1709,5833.79
Notebook,SKU_1541,5807.68
Notebook,SKU_1593,5807.19
Notebook,SKU_1952,5786.33
Notebook,SKU_1347,5785.29
Notebook,SKU_1945,5752.4
Notebook,SKU_1465,5750.49
Notebook,SKU_1053,5732.84
Notebook,SKU_1976,5718.71
Notebook,SKU_1946,5709.7
Notebook,SKU_1477,5703.97
Notebook,SKU_1779,5699.45
Notebook,SKU_1322,5686.5
Notebook,SKU_1215,5665.59
Notebook,SKU_1489,5659.72
Notebook,SKU_1277,5651.67
Notebook,SKU_1932,5651.2
Notebook,SKU_1632,5649.64
Notebook,SKU_1756,5638.78
Notebook,SKU_1590,5635.48
Notebook,SKU_1985,5633.88
Notebook,SKU_1690,5623.06
Notebook,SKU_1460,5619.95
Notebook,SKU_1243,5543.1
Notebook,SKU_1944,5534.41
Notebook,SKU_1194,5529.02
Notebook,SKU_1831,5513.93
Notebook,SKU_1761,5508.75
Notebook,SKU_1829,5502.98
Notebook,SKU_1026,5500.86
Notebook,SKU_1821,5481.05
Notebook,SKU_1978,5476.45
Notebook,SKU_1362,5468.31
Notebook,SKU_1420,5457.69
Notebook,SKU_1367,5445.07
Notebook,SKU_1762,5438.61
Notebook,SKU_1143,5436.7
Notebook,SKU_1521,5434.2
Notebook,SKU_1683,5430.97
Notebook,SKU_1601,5428.44
Notebook,SKU_1354,5425.35
Notebook,SKU_1868,5411.59
Notebook,SKU_1855,5391.56
Notebook,SKU_1008,5390.46
Notebook,SKU_1753,5386.67
Notebook,SKU_1093,5381.24
Notebook,SKU_1109,5373.26
Notebook,SKU_1046,5359.27
Notebook,SKU_1557,5338.06
Notebook,SKU_1498,5336.84
Notebook,SKU_1311,5335.64
Notebook,SKU_1545,5325.78
Notebook,SKU_1966,5314.69
Notebook,SKU_1334,5299.22
Notebook,SKU_1255,5295.85
Notebook,SKU_1497,5292.46
Notebook,SKU_1954,5288.74
Notebook,SKU_1706,5287.48
Notebook,SKU_1021,5282.94
Notebook,SKU_1121,5252.7
Notebook,SKU_1888,5249.77
Notebook,SKU_1214,5241.73
Notebook,SKU_1919,5237.88
Notebook,SKU_1708,5233.5
Notebook,SKU_1136,5225.38
Notebook,SKU_1392,5220.27
Notebook,SKU_1707,5199.24
Notebook,SKU_1113,5174.53
Notebook,SKU_1854,5166.99
Notebook,SKU_1058,5161.45
Notebook,SKU_1970,5155.5
Notebook,SKU_1582,5148.23
Notebook,SKU_1586,5146.02
Notebook,SKU_1841,5144.81
Notebook,SKU_1665,5126.19
Notebook,SKU_1429,5118.0
Notebook,SKU_1034,5104.64
Notebook,SKU_1787,5099.84
Notebook,SKU_1407,5099.56
Notebook,SKU_1961,5079.04
Notebook,SKU_1923,5078.63
Notebook,SKU_1559,5058.81
Notebook,SKU_1128,5056.75
Notebook,SKU_1085,5041.89
Notebook,SKU_1734,5040.16
Notebook,SKU_1843,5039.24
Notebook,SKU_1830,5031.87
Notebook,SKU_1958,5029.59
Notebook,SKU_1002,5028.53
Notebook,SKU_1765,5007.43
Notebook,SKU_1828,4994.5
Notebook,SKU_1016,4991.56
Notebook,SKU_1530,4968.6
Notebook,SKU_1990,4954.63
Notebook,SKU_1163,4953.77
Notebook,SKU_1785,4952.78
Notebook,SKU_1962,4949.84
Notebook,SKU_1281,4949.72
Notebook,SKU_1735,4943.52
Notebook,SKU_1268,4935.23
Notebook,SKU_1671,4933.41
Notebook,SKU_1161,4929.07
Notebook,SKU_1305,4923.67
Notebook,SKU_1640,4918.26
Notebook,SKU_1485,4915.38
Notebook,SKU_1846,4911.61
Notebook,SKU_1982,4904.74
Notebook,SKU_1937,4896.49
Notebook,SKU_1089,4887.66
Notebook,SKU_1904,4878.07
Notebook,SKU_1153,4867.63
Notebook,SKU_1789,4866.45
Notebook,SKU_1441,4859.14
Notebook,SKU_1693,4850.32
Notebook,SKU_1747,4844.61
Notebook,SKU_1035,4836.38
Notebook,SKU_1081,4789.53
Notebook,SKU_1386,4789.18
Notebook,SKU_1935,4786.41
Notebook,SKU_1626,4784.83
Notebook,SKU_1097,4753.77
Notebook,SKU_1813,4752.29
Notebook,SKU_1006,4749.1
Notebook,SKU_1417,4746.44
Notebook,SKU_1377,4745.35
Notebook,SKU_1798,4736.12
Notebook,SKU_1879,4731.84
Notebook,SKU_1457,4723.0
Notebook,SKU_1566,4719.15
Notebook,SKU_1340,4697.33
Notebook,SKU_1167,4694.5
Notebook,SKU_1275,4676.92
Notebook,SKU_1426,4676.31
Notebook,SKU_1063,4673.49
Notebook,SKU_1777,4660.88
Notebook,SKU_1738,4659.32
Notebook,SKU_1174,4655.2
Notebook,SKU_1287,4654.57
Notebook,SKU_1432,4647.4
Notebook,SKU_1878,4644.96
Notebook,SKU_1157,4644.04
Notebook,SKU_1736,4640.07
Notebook,SKU_1974,4620.66
Notebook,SKU_1120,4619.9
Notebook,SKU_1123,4617.47
Notebook,SKU_1283,4616.89
Notebook,SKU_1272,4611.37
Notebook,SKU_1043,4608.79
Notebook,SKU_1191,4604.04
Notebook,SKU_1570,4600.95
Notebook,SKU_1227,4590.14
Notebook,SKU_1808,4582.18
Notebook,SKU_1280,4580.52
Notebook,SKU_1317,4562.93
Notebook,SKU_1286,4556.13
Notebook,SKU_1487,4555.08
Notebook,SKU_1885,4538.4
Notebook,SKU_1186,4524.82
Notebook,SKU_1480,4512.88
Notebook,SKU_1737,4512.64
Notebook,SKU_1991,4511.4
Notebook,SKU_1913,4503.22
Notebook,SKU_1253,4484.74
Notebook,SKU_1274,4472.69
Notebook,SKU_1376,4461.65
Notebook,SKU_1508,4459.33
Notebook,SKU_1751,4454.5
Notebook,SKU_1770,4454.02
Notebook,SKU_1468,4445.03
Notebook,SKU_1236,4436.01
Notebook,SKU_1323,4434.84
Notebook,SKU_1442,4431.04
Notebook,SKU_1699,4416.26
Notebook,SKU_1077,4401.19
Notebook,SKU_1691,4387.85
Notebook,SKU_1326,4386.61
Notebook,SKU_1309,4377.39
Notebook,SKU_1986,4374.13
Notebook,SKU_1568,4373.89
Notebook,SKU_1881,4369.38
Notebook,SKU_1572,4368.27
Notebook,SKU_1602,4362.97
Notebook,SKU_1330,4358.55
Notebook,SKU_1994,4341.94
Notebook,SKU_1769,4335.57
Notebook,SKU_1306,4326.57
Notebook,SKU_1977,4324.65
Notebook,SKU_1972,4321.71
Notebook,SKU_1384,4319.12
Notebook,SKU_1729,4311.81
Notebook,SKU_1279,4307.64
Notebook,SKU_1152,4307.63
Notebook,SKU_1045,4307.04
Notebook,SKU_1039,4299.29
Notebook,SKU_1478,4292.7
Notebook,SKU_1912,4288.38
Notebook,SKU_1580,4283.2
Notebook,SKU_1399,4274.98
Notebook,SKU_1814,4271.98
Notebook,SKU_1742,4256.79
Notebook,SKU_1400,4245.41
Notebook,SKU_1453,4243.57
Notebook,SKU_1056,4231.42
Notebook,SKU_1165,4226.35
Notebook,SKU_1211,4215.33
Notebook,SKU_1599,4210.82
Notebook,SKU_1657,4208.6
Notebook,SKU_1111,4203.53
Notebook,SKU_1784,4201.79
Notebook,SKU_1331,4194.6
Notebook,SKU_1175,4193.89
Notebook,SKU_1087,4191.05
Notebook,SKU_1061,4186.04
Notebook,SKU_1072,4164.56
Notebook,SKU_1358,4152.82
Notebook,SKU_1649,4145.24
Notebook,SKU_1209,4142.29
Notebook,SKU_1898,4134.34
Notebook,SKU_1669,4133.67
Notebook,SKU_1414,4124.66
Notebook,SKU_1378,4111.87
Notebook,SKU_1356,4101.62
Notebook,SKU_1054,4098.66
Notebook,SKU_1024,4072.77
Notebook,SKU_1303,4070.07
Notebook,SKU_1975,4061.99
Notebook,SKU_1401,4060.9
Notebook,SKU_1402,4060.64
Notebook,SKU_1445,4056.74
Notebook,SKU_1613,4055.11
Notebook,SKU_1168,4053.47
Notebook,SKU_1297,4042.17
Notebook,SKU_1050,4034.85
Notebook,SKU_1773,4029.31
Notebook,SKU_1909,4021.36
Notebook,SKU_1668,4000.56
Notebook,SKU_1494,4000.24
Notebook,SKU_1759,3998.55
Notebook,SKU_1818,3991.59
Notebook,SKU_1092,3983.86
Notebook,SKU_1809,3981.02
Notebook,SKU_1949,3963.24
Notebook,SKU_1398,3962.92
Notebook,SKU_1015,3959.6
Notebook,SKU_1786,3953.5
Notebook,SKU_1041,3944.05
Notebook,SKU_1204,3939.15
Notebook,SKU_1423,3934.46
Notebook,SKU_1577,3932.73
Notebook,SKU_1851,3928.91
Notebook,SKU_1290,3927.24
Notebook,SKU_1714,3923.11
Notebook,SKU_1842,3916.59
Notebook,SKU_1296,3905.59
Notebook,SKU_1973,3894.18
Notebook,SKU_1999,3888.79
Notebook,SKU_1526,3883.25
Notebook,SKU_1595,3880.01
Notebook,SKU_1219,3878.03
Notebook,SKU_1959,3870.64
Notebook,SKU_1374,3867.1
Notebook,SKU_1631,3862.3
Notebook,SKU_1766,3856.98
Notebook,SKU_1860,3852.49
Notebook,SKU_1542,3851.38
Notebook,SKU_1700,3849.91
Notebook,SKU_1435,3848.55
Notebook,SKU_1515,3842.09
Notebook,SKU_1576,3828.21
Notebook,SKU_1351,3821.58
Notebook,SKU_1643,3821.45
Notebook,SKU_1745,3818.51
Notebook,SKU_1853,3814.76
Notebook,SKU_1060,3812.86
Notebook,SKU_1837,3807.69
Notebook,SKU_1146,3795.8
Notebook,SKU_1472,3794.54
Notebook,SKU_1617,3789.74
Notebook,SKU_1924,3781.6
Notebook,SKU_1019,3779.04
Notebook,SKU_1861,3777.65
Notebook,SKU_1126,3751.44
Notebook,SKU_1265,3720.55
Notebook,SKU_1353,3716.94
Notebook,SKU_1350,3714.83
Notebook,SKU_1192,3709.16
Notebook,SKU_1345,3698.4
Notebook,SKU_1449,3694.72
Notebook,SKU_1500,3683.58
Notebook,SKU_1183,3660.04
Notebook,SKU_1833,3649.89
Notebook,SKU_1139,3643.69
Notebook,SKU_1455,3632.41
Notebook,SKU_1361,3630.92
Notebook,SKU_1065,3617.47
Notebook,SKU_1722,3614.7
Notebook,SKU_1134,3614.35
Notebook,SKU_1732,3614.08
Notebook,SKU_1210,3611.21
Notebook,SKU_1048,3601.87
Notebook,SKU_1448,3600.7
Notebook,SKU_1164,3598.72
Notebook,SKU_1667,3597.01
Notebook,SKU_1522,3571.94
Notebook,SKU_1651,3568.26
Notebook,SKU_1237,3567.88
Notebook,SKU_1348,3564.21
Notebook,SKU_1900,3536.89
Notebook,SKU_1927,3532.06
Notebook,SKU_1594,3517.98
Notebook,SKU_1996,3507.24
Notebook,SKU_1740,3500.31
Notebook,SKU_1313,3495.2
Notebook,SKU_1260,3478.66
Notebook,SKU_1172,3473.08
Notebook,SKU_1256,3471.0
Notebook,SKU_1929,3468.87
Notebook,SKU_1957,3450.93
Notebook,SKU_1075,3448.84
Notebook,SKU_1059,3448.47
Notebook,SKU_1474,3447.01
Notebook,SKU_1483,3438.44
Notebook,SKU_1597,3430.51
Notebook,SKU_1858,3410.04
Notebook,SKU_1372,3398.99
Notebook,SKU_1928,3395.13
Notebook,SKU_1823,3390.12
Notebook,SKU_1188,3388.74
Notebook,SKU_1263,3341.88
Notebook,SKU_1337,3331.99
Notebook,SKU_1360,3328.64
Notebook,SKU_1218,3323.67
Notebook,SKU_1355,3321.32
Notebook,SKU_1537,3310.8
Notebook,SKU_1349,3305.02
Notebook,SKU_1099,3291.97
Notebook,SKU_1916,3273.97
Notebook,SKU_1473,3271.38
Notebook,SKU_1324,3256.33
Notebook,SKU_1558,3244.98
Notebook,SKU_1314,3232.15
Notebook,SKU_1575,3213.16
Notebook,SKU_1090,3206.92
Notebook,SKU_1381,3204.61
Notebook,SKU_1149,3193.81
Notebook,SKU_1579,3187.47
Notebook,SKU_1627,3184.9
Notebook,SKU_1725,3183.69
Notebook,SKU_1249,3174.21
Notebook,SKU_1504,3164.07
Notebook,SKU_1068,3156.66
Notebook,SKU_1795,3153.02
Notebook,SKU_1257,3144.91
Notebook,SKU_1964,3143.56
Notebook,SKU_1687,3135.57
Notebook,SKU_1182,3132.91
Notebook,SKU_1899,3125.84
Notebook,SKU_1476,3118.15
Notebook,SKU_1906,3116.9
Notebook,SKU_1529,3116.87
Notebook,SKU_1155,3105.38
Notebook,SKU_1292,3096.07
Notebook,SKU_1804,3094.81
Notebook,SKU_1877,3091.36
Notebook,SKU_1887,3087.4
Notebook,SKU_1866,3073.61
Notebook,SKU_1569,3063.79
Notebook,SKU_1523,3053.7
Notebook,SKU_1501,3050.22
Notebook,SKU_1968,3046.11
Notebook,SKU_1702,3045.31
Notebook,SKU_1660,3041.58
Notebook,SKU_1605,3038.08
Notebook,SKU_1650,3024.7
Notebook,SKU_1971,3011.13
Notebook,SKU_1104,3001.47
Notebook,SKU_1439,2996.11
Notebook,SKU_1018,2988.46
Notebook,SKU_1261,2987.93
Notebook,SKU_1105,2962.75
Notebook,SKU_1159,2958.98
Notebook,SKU_1328,2945.49
Notebook,SKU_1998,2939.64
Notebook,SKU_1993,2936.4
Notebook,SKU_1205,2933.82
Notebook,SKU_1698,2924.6
Notebook,SKU_1581,2923.2
Notebook,SKU_1506,2919.16
Notebook,SKU_1114,2902.3
Notebook,SKU_1503,2900.04
Notebook,SKU_1612,2878.3
Notebook,SKU_1071,2877.27
Notebook,SKU_1780,2859.39
Notebook,SKU_1199,2849.53
Notebook,SKU_1583,2847.64
Notebook,SKU_1606,2845.36
Notebook,SKU_1387,2841.96
Notebook,SKU_1010,2839.38
Notebook,SKU_1074,2836.22
Notebook,SKU_1875,2831.15
Notebook,SKU_1897,2828.08
Notebook,SKU_1316,2809.4
Notebook,SKU_1955,2804.76
Notebook,SKU_1425,2804.34
Notebook,SKU_1940,2792.78
Notebook,SKU_1049,2786.32
Notebook,SKU_1338,2769.91
Notebook,SKU_1462,2767.89
Notebook,SKU_1704,2766.04
Notebook,SKU_1539,2762.65
Notebook,SKU_1864,2759.5
Notebook,SKU_1223,2757.31
Notebook,SKU_1713,2747.28
Notebook,SKU_1527,2729.83
Notebook,SKU_1835,2724.86
Notebook,SKU_1495,2719.71
Notebook,SKU_1133,2713.37
Notebook,SKU_1552,2707.14
Notebook,SKU_1245,2705.41
Notebook,SKU_1373,2705.18
Notebook,SKU_1886,2702.09
Notebook,SKU_1464,2699.65
Notebook,SKU_1189,2698.51
Notebook,SKU_1891,2693.17
Notebook,SKU_1469,2692.31
Notebook,SKU_1672,2689.34
Notebook,SKU_1409,2686.9
Notebook,SKU_1794,2684.13
Notebook,SKU_1679,2673.33
Notebook,SKU_1775,2672.65
Notebook,SKU_1033,2671.32
Notebook,SKU_1934,2663.71
Notebook,SKU_1636,2662.69
Notebook,SKU_1486,2658.53
Notebook,SKU_1519,2649.22
Notebook,SKU_1884,2645.93
Notebook,SKU_1677,2641.37
Notebook,SKU_1226,2636.62
Notebook,SKU_1212,2627.52
Notebook,SKU_1820,2623.9
Notebook,SKU_1675,2618.03
Notebook,SKU_1584,2611.54
Notebook,SKU_1871,2593.93
Notebook,SKU_1947,2592.88
Notebook,SKU_1767,2588.63
Notebook,SKU_1185,2573.85
Notebook,SKU_1659,2571.94
Notebook,SKU_1502,2562.88
Notebook,SKU_1535,2562.09
Notebook,SKU_1315,2561.44
Notebook,SKU_1158,2556.67
Notebook,SKU_1177,2554.16
Notebook,SKU_1721,2542.67
Notebook,SKU_1380,2542.35
Notebook,SKU_1555,2534.13
Notebook,SKU_1838,2528.15
Notebook,SKU_1733,2521.97
Notebook,SKU_1554,2508.44
Notebook,SKU_1647,2506.74
Notebook,SKU_1656,2494.44
Notebook,SKU_1044,2488.91
Notebook,SKU_1142,2481.82
Notebook,SKU_1616,2474.64
Notebook,SKU_1963,2464.05
Notebook,SKU_1874,2458.45
Notebook,SKU_1201,2457.91
Notebook,SKU_1101,2446.36
Notebook,SKU_1371,2445.23
Notebook,SKU_1042,2442.96
Notebook,SKU_1368,2432.92
Notebook,SKU_1639,2427.08
Notebook,SKU_1825,2422.5
Notebook,SKU_1827,2414.16
Notebook,SKU_1422,2408.28
Notebook,SKU_1066,2400.95
Notebook,SKU_1911,2381.04
Notebook,SKU_1717,2380.18
Notebook,SKU_1836,2372.13
Notebook,SKU_1987,2367.71
Notebook,SKU_1062,2366.04
Notebook,SKU_1343,2363.1
Notebook,SKU_1856,2357.36
Notebook,SKU_1238,2352.53
Notebook,SKU_1359,2347.18
Notebook,SKU_1151,2346.19
Notebook,SKU_1536,2335.29
Notebook,SKU_1728,2324.42
Notebook,SKU_1451,2319.13
Notebook,SKU_1550,2289.06
Notebook,SKU_1333,2284.88
Notebook,SKU_1412,2284.06
Notebook,SKU_1329,2265.16
Notebook,SKU_1754,2253.18
Notebook,SKU_1103,2251.09
Notebook,SKU_1251,2250.64
Notebook,SKU_1446,2248.03
Notebook,SKU_1869,2246.38
Notebook,SKU_1307,2242.8
Notebook,SKU_1233,2241.47
Notebook,SKU_1107,2224.64
Notebook,SKU_1905,2224.3
Notebook,SKU_1001,2216.47
Notebook,SKU_1758,2212.17
Notebook,SKU_1697,2204.2
Notebook,SKU_1797,2199.34
Notebook,SKU_1138,2197.93
Notebook,SKU_1404,2189.28
Notebook,SKU_1276,2188.61
Notebook,SKU_1230,2178.68
Notebook,SKU_1936,2170.21
Notebook,SKU_1658,2165.24
Notebook,SKU_1997,2162.88
Notebook,SKU_1645,2156.97
Notebook,SKU_1064,2147.1
Notebook,SKU_1750,2141.71
Notebook,SKU_1173,2135.23
Notebook,SKU_1685,2134.06
Notebook,SKU_1110,2119.21
Notebook,SKU_1415,2105.8
Notebook,SKU_1901,2094.06
Notebook,SKU_1739,2092.46
Notebook,SKU_1332,2088.11
Notebook,SKU_1007,2082.89
Notebook,SKU_1055,2081.32
Notebook,SKU_1037,2076.76
Notebook,SKU_1865,2071.15
Notebook,SKU_1682,2066.34
Notebook,SKU_1096,2056.35
Notebook,SKU_1930,2043.72
Notebook,SKU_1604,2042.44
Notebook,SKU_1179,2030.32
Notebook,SKU_1304,2003.38
Notebook,SKU_1038,1981.85
Notebook,SKU_1591,1980.86
Notebook,SKU_1654,1977.73
Notebook,SKU_1796,1975.11
Notebook,SKU_1203,1973.82
Notebook,SKU_1965,1969.22
Notebook,SKU_1135,1960.52
Notebook,SKU_1366,1952.54
Notebook,SKU_1749,1946.28
Notebook,SKU_1514,1933.85
Notebook,SKU_1424,1924.85
Notebook,SKU_1447,1923.52
Notebook,SKU_1764,1917.76
Notebook,SKU_1588,1914.93
Notebook,SKU_1278,1890.14
Notebook,SKU_1122,1887.14
Notebook,SKU_1839,1870.7
Notebook,SKU_1031,1855.89
Notebook,SKU_1610,1837.69
Notebook,SKU_1867,1827.31
Notebook,SKU_1176,1824.73
Notebook,SKU_1369,1823.57
Notebook,SKU_1587,1810.97
Notebook,SKU_1141,1801.18
Notebook,SKU_1571,1800.75
Notebook,SKU_1621,1767.27
Notebook,SKU_1022,1764.88
Notebook,SKU_1452,1763.11
Notebook,SKU_1689,1762.15
Notebook,SKU_1939,1760.91
Notebook,SKU_1815,1756.15
Notebook,SKU_1832,1752.35
Notebook,SKU_1431,1752.06
Notebook,SKU_1198,1751.09
Notebook,SKU_1573,1733.08
Notebook,SKU_1948,1726.87
Notebook,SKU_1073,1698.96
Notebook,SKU_1625,1698.53
Notebook,SKU_1845,1698.11
Notebook,SKU_1755,1693.0
Notebook,SKU_1676,1689.63
Notebook,SKU_1193,1682.24
Notebook,SKU_1202,1676.65
Notebook,SKU_1291,1657.15
Notebook,SKU_1731,1652.48
Notebook,SKU_1950,1641.15
Notebook,SKU_1228,1640.57
Notebook,SKU_1011,1634.96
Notebook,SKU_1129,1629.82
Notebook,SKU_1396,1628.68
Notebook,SKU_1918,1627.45
Notebook,SKU_1507,1625.75
Notebook,SKU_1574,1622.75
Notebook,SKU_1196,1613.63
Notebook,SKU_1880,1593.14
Notebook,SKU_1383,1591.86
Notebook,SKU_1112,1586.21
Notebook,SKU_1543,1577.36
Notebook,SKU_1892,1575.34
Notebook,SKU_1471,1570.91
Notebook,SKU_1488,1557.92
Notebook,SKU_1800,1548.21
Notebook,SKU_1984,1546.67
Notebook,SKU_1553,1542.16
Notebook,SKU_1852,1539.03
Notebook,SKU_1100,1534.49
Notebook,SKU_1686,1524.38
Notebook,SKU_1603,1517.18
Notebook,SKU_1638,1515.26
Notebook,SKU_1341,1515.14
Notebook,SKU_1730,1491.49
Notebook,SKU_1247,1490.08
Notebook,SKU_1850,1487.22
Notebook,SKU_1607,1484.23
Notebook,SKU_1931,1483.33
Notebook,SKU_1492,1479.98
Notebook,SKU_1893,1474.54
Notebook,SKU_1513,1456.95
Notebook,SKU_1772,1449.07
Notebook,SKU_1680,1417.72
Notebook,SKU_1889,1405.84
Notebook,SKU_1562,1389.94
Notebook,SKU_1532,1372.86
Notebook,SKU_1826,1353.65
Notebook,SKU_1300,1347.03
Notebook,SKU_1694,1346.49
Notebook,SKU_1231,1338.08
Notebook,SKU_1357,1337.38
Notebook,SKU_1712,1329.4
Notebook,SKU_1320,1325.58
Notebook,SKU_1217,1303.56
Notebook,SKU_1768,1295.14
Notebook,SKU_1395,1288.09
Notebook,SKU_1782,1281.6
Notebook,SKU_1241,1269.32
Notebook,SKU_1154,1267.6
Notebook,SKU_1208,1264.56
Notebook,SKU_1578,1258.76
Notebook,SKU_1556,1258.74
Notebook,SKU_1622,1255.69
Notebook,SKU_1069,1241.83
Notebook,SKU_1611,1220.78
Notebook,SKU_1752,1217.53
Notebook,SKU_1902,1215.9
Notebook,SKU_1956,1215.01
Notebook,SKU_1788,1214.32
Notebook,SKU_1848,1212.6
Notebook,SKU_1915,1206.3
Notebook,SKU_1711,1201.18
Notebook,SKU_1792,1192.36
Notebook,SKU_1614,1189.11
Notebook,SKU_1301,1184.32
Notebook,SKU_1774,1181.33
Notebook,SKU_1805,1162.4
Notebook,SKU_1127,1158.46
Notebook,SKU_1418,1156.21
Notebook,SKU_1718,1156.1
Notebook,SKU_1482,1144.88
Notebook,SKU_1630,1137.49
Notebook,SKU_1969,1126.26
Notebook,SKU_1560,1124.9
Notebook,SKU_1633,1105.26
Notebook,SKU_1716,1103.74
Notebook,SKU_1346,1095.76
Notebook,SKU_1674,1095.06
Notebook,SKU_1270,1094.32
Notebook,SKU_1475,1089.48
Notebook,SKU_1267,1075.29
Notebook,SKU_1917,1072.19
Notebook,SKU_1162,1072.14
Notebook,SKU_1390,1066.1
Notebook,SKU_1005,1063.65
Notebook,SKU_1549,1061.79
Notebook,SKU_1266,1061.29
Notebook,SKU_1220,1059.57
Notebook,SKU_1565,1058.0
Notebook,SKU_1781,1057.11
Notebook,SKU_1988,1050.89
Notebook,SKU_1080,1015.29
Notebook,SKU_1592,1008.97
Notebook,SKU_1391,992.94
Notebook,SKU_1857,981.35
Notebook,SKU_1459,949.98
Notebook,SKU_1115,929.5
Notebook,SKU_1352,925.59
Notebook,SKU_1967,922.42
Notebook,SKU_1510,882.22
Notebook,SKU_1336,840.1
Notebook,SKU_1285,839.93
Notebook,SKU_1925,838.8
Notebook,SKU_1456,829.93
Notebook,SKU_1461,824.27
Notebook,SKU_1953,817.89
Notebook,SKU_1496,813.26
Notebook,SKU_1408,810.67
Notebook,SKU_1623,806.2
Notebook,SKU_1124,801.47
Notebook,SKU_1443,792.9
Notebook,SKU_1036,779.84
Notebook,SKU_1791,754.88
Notebook,SKU_1427,738.52
Notebook,SKU_1666,736.72
Notebook,SKU_1980,725.7
Notebook,SKU_1051,705.56
Notebook,SKU_1862,687.93
Notebook,SKU_1382,652.89
Notebook,SKU_1727,646.26
Notebook,SKU_1131,643.28
Notebook,SKU_1116,640.54
Notebook,SKU_1319,632.01
Notebook,SKU_1364,615.59
Notebook,SKU_1907,611.55
Notebook,SKU_1229,602.6
Notebook,SKU_1335,587.77
Notebook,SKU_1181,574.6
Notebook,SKU_1771,569.36
Notebook,SKU_1012,562.68
Notebook,SKU_1009,557.73
Notebook,SKU_1807,541.51
Notebook,SKU_1538,473.67
Notebook,SKU_1160,472.55
Notebook,SKU_1520,442.46
Notebook,SKU_1894,439.83
Notebook,SKU_1083,407.1
Notebook,SKU_1170,390.74
Notebook,SKU_1655,374.92
Notebook,SKU_1663,305.53
Notebook,SKU_1342,262.79
Notebook,SKU_1321,261.72
Notebook,SKU_1282,235.6
Notebook,SKU_1719,221.55
Notebook,SKU_1776,169.69
Notebook,SKU_1032,148.39
Notebook,SKU_1254,132.14
Notebook,SKU_1989,103.56
Notebook,SKU_1564,100.45
Notebook,SKU_1819,79.76
Notebook,SKU_1876,60.44
Notebook,SKU_1664,47.54
Notebook,SKU_1190,37.35
Notebook,SKU_1778,35.51
Notebook,SKU_1118,16.37
Notebook,SKU_1662,11.34
Office Chair,SKU_1513,14606.1
Office Chair,SKU_1607,14216.17
Office Chair,SKU_1341,14167.94
Office Chair,SKU_1190,13955.28
Office Chair,SKU_1806,13517.98
Office Chair,SKU_1241,12774.76
Office Chair,SKU_1718,12454.08
Office Chair,SKU_1332,12430.36
Office Chair,SKU_1432,12350.72
Office Chair,SKU_1766,12175.88
Office Chair,SKU_1776,11900.29
Office Chair,SKU_1916,11868.96
Office Chair,SKU_1335,11819.64
Office Chair,SKU_1911,11745.78
Office Chair,SKU_1694,11650.14
Office Chair,SKU_1323,11573.15
Office Chair,SKU_1356,11368.5
Office Chair,SKU_1791,11239.78
Office Chair,SKU_1367,11219.59
Office Chair,SKU_1953,11047.36
Office Chair,SKU_1174,10968.48
Office Chair,SKU_1415,10941.64
Office Chair,SKU_1073,10913.82
Office Chair,SKU_1972,10888.45
Office Chair,SKU_1645,10827.94
Office Chair,SKU_1156,10742.46
Office Chair,SKU_1634,10681.48
Office Chair,SKU_1087,10637.16
Office Chair,SKU_1996,10597.89
Office Chair,SKU_1827,10417.23
Office Chair,SKU_1520,10328.14
Office Chair,SKU_1068,10300.38
Office Chair,SKU_1554,10261.02
Office Chair,SKU_1403,10189.01
Office Chair,SKU_1372,10139.05
Office Chair,SKU_1731,10047.49
Office Chair,SKU_1316,10006.87
Office Chair,SKU_1866,9918.18
Office Chair,SKU_1205,9896.46
Office Chair,SKU_1369,9835.11
Office Chair,SKU_1952,9803.26
Office Chair,SKU_1571,9701.58
Office Chair,SKU_1771,9689.75
Office Chair,SKU_1242,9641.73
Office Chair,SKU_1958,9640.42
Office Chair,SKU_1479,9618.37
Office Chair,SKU_1989,9613.8
Office Chair,SKU_1425,9473.72
Office Chair,SKU_1902,9430.75
Office Chair,SKU_1388,9284.73
Office Chair,SKU_1701,9275.62
Office Chair,SKU_1798,9264.97
Office Chair,SKU_1897,9241.57
Office Chair,SKU_1656,9216.96
Office Chair,SKU_1090,9119.83
Office Chair,SKU_1668,9117.12
Office Chair,SKU_1797,9085.03
Office Chair,SKU_1359,9020.07
Office Chair,SKU_1021,9014.54
Office Chair,SKU_1736,9001.28
Office Chair,SKU_1647,8991.32
Office Chair,SKU_1040,8904.65
Office Chair,SKU_1304,8871.35
Office Chair,SKU_1465,8855.26
Office Chair,SKU_1578,8819.05
Office Chair,SKU_1853,8805.51
Office Chair,SKU_1211,8795.72
Office Chair,SKU_1553,8794.48
Office Chair,SKU_1081,8772.38
Office Chair,SKU_1908,8764.28
Office Chair,SKU_1157,8702.91
Office Chair,SKU_1067,8591.2
Office Chair,SKU_1214,8568.93
Office Chair,SKU_1034,8553.31
Office Chair,SKU_1305,8539.93
Office Chair,SKU_1687,8526.81
Office Chair,SKU_1421,8524.99
Office Chair,SKU_1574,8522.97
Office Chair,SKU_1412,8481.94
Office Chair,SKU_1283,8481.24
Office Chair,SKU_1165,8464.02
Office Chair,SKU_1523,8452.44
Office Chair,SKU_1864,8374.34
Office Chair,SKU_1754,8337.2
Office Chair,SKU_1737,8335.27
Office Chair,SKU_1681,8330.47
Office Chair,SKU_1229,8326.94
Office Chair,SKU_1752,8326.77
Office Chair,SKU_1577,8303.21
Office Chair,SKU_1955,8297.12
Office Chair,SKU_1300,8246.11
Office Chair,SKU_1894,8224.51
Office Chair,SKU_1745,8191.79
Office Chair,SKU_1950,8148.62
Office Chair,SKU_1803,8126.18
Office Chair,SKU_1233,8110.49
Office Chair,SKU_1244,8087.31
Office Chair,SKU_1834,8083.83
Office Chair,SKU_1038,8062.28
Office Chair,SKU_1536,8010.28
Office Chair,SKU_1322,7989.46
Office Chair,SKU_1751,7964.96
Office Chair,SKU_1895,7922.51
Office Chair,SKU_1587,7890.92
Office Chair,SKU_1274,7875.83
Office Chair,SKU_1060,7869.37
Office Chair,SKU_1020,7831.47
Office Chair,SKU_1171,7812.64
Office Chair,SKU_1219,7807.84
Office Chair,SKU_1968,7762.63
Office Chair,SKU_1570,7740.36
Office Chair,SKU_1833,7733.97
Office Chair,SKU_1044,7724.37
Office Chair,SKU_1987,7710.0
Office Chair,SKU_1971,7689.11
Office Chair,SKU_1248,7668.4
Office Chair,SKU_1927,7633.75
Office Chair,SKU_1032,7582.44
Office Chair,SKU_1700,7575.44
Office Chair,SKU_1720,7537.74
Office Chair,SKU_1232,7534.01
Office Chair,SKU_1973,7528.63
Office Chair,SKU_1253,7482.06
Office Chair,SKU_1389,7480.96
Office Chair,SKU_1641,7480.54
Office Chair,SKU_1454,7466.68
Office Chair,SKU_1102,7464.99
Office Chair,SKU_1275,7447.76
Office Chair,SKU_1105,7439.86
Office Chair,SKU_1872,7389.21
Office Chair,SKU_1198,7383.35
Office Chair,SKU_1606,7373.51
Office Chair,SKU_1082,7364.63
Office Chair,SKU_1796,7357.77
Office Chair,SKU_1938,7338.23
Office Chair,SKU_1453,7337.51
Office Chair,SKU_1707,7325.65
Office Chair,SKU_1790,7322.24
Office Chair,SKU_1562,7319.94
Office Chair,SKU_1929,7284.23
Office Chair,SKU_1746,7236.47
Office Chair,SKU_1065,7229.65
Office Chair,SKU_1100,7221.15
Office Chair,SKU_1949,7206.45
Office Chair,SKU_1865,7204.0
Office Chair,SKU_1338,7199.92
Office Chair,SKU_1756,7199.22
Office Chair,SKU_1349,7179.11
Office Chair,SKU_1528,7178.89
Office Chair,SKU_1516,7162.97
Office Chair,SKU_1789,7162.37
Office Chair,SKU_1201,7157.56
Office Chair,SKU_1483,7149.61
Office Chair,SKU_1904,7145.62
Office Chair,SKU_1108,7100.93
Office Chair,SKU_1715,7091.5
Office Chair,SKU_1240,7082.15
Office Chair,SKU_1977,7033.08
Office Chair,SKU_1177,6997.87
Office Chair,SKU_1502,6977.78
Office Chair,SKU_1098,6976.39
Office Chair,SKU_1593,6917.42
Office Chair,SKU_1818,6903.85
Office Chair,SKU_1347,6881.17
Office Chair,SKU_1628,6871.66
Office Chair,SKU_1673,6847.73
Office Chair,SKU_1444,6841.01
Office Chair,SKU_1595,6832.94
Office Chair,SKU_1892,6799.87
Office Chair,SKU_1296,6782.3
Office Chair,SKU_1530,6776.88
Office Chair,SKU_1931,6769.82
Office Chair,SKU_1722,6759.91
Office Chair,SKU_1858,6753.95
Office Chair,SKU_1787,6747.57
Office Chair,SKU_1744,6736.66
Office Chair,SKU_1723,6733.02
Office Chair,SKU_1366,6713.03
Office Chair,SKU_1896,6647.39
Office Chair,SKU_1743,6644.49
Office Chair,SKU_1924,6644.1
Office Chair,SKU_1862,6639.44
Office Chair,SKU_1380,6616.53
Office Chair,SKU_1979,6616.37
Office Chair,SKU_1556,6609.31
Office Chair,SKU_1534,6605.83
Office Chair,SKU_1293,6595.96
Office Chair,SKU_1594,6564.96
Office Chair,SKU_1291,6556.75
Office Chair,SKU_1278,6555.47
Office Chair,SKU_1819,6555.01
Office Chair,SKU_1576,6522.95
Office Chair,SKU_1509,6511.48
Office Chair,SKU_1758,6501.97
Office Chair,SKU_1384,6485.07
Office Chair,SKU_1580,6472.66
Office Chair,SKU_1709,6463.22
Office Chair,SKU_1860,6450.6
Office Chair,SKU_1225,6449.95
Office Chair,SKU_1650,6442.28
Office Chair,SKU_1487,6441.9
Office Chair,SKU_1518,6424.67
Office Chair,SKU_1946,6421.66
Office Chair,SKU_1686,6419.8
Office Chair,SKU_1147,6411.41
Office Chair,SKU_1250,6401.79
Office Chair,SKU_1363,6400.88
Office Chair,SKU_1724,6393.93
Office Chair,SKU_1522,6372.26
Office Chair,SKU_1312,6362.59
Office Chair,SKU_1521,6353.71
Office Chair,SKU_1235,6348.22
Office Chair,SKU_1859,6331.76
Office Chair,SKU_1202,6308.13
Office Chair,SKU_1475,6280.03
Office Chair,SKU_1705,6270.11
Office Chair,SKU_1596,6264.86
Office Chair,SKU_1015,6256.12
Office Chair,SKU_1328,6225.57
Office Chair,SKU_1361,6209.41
Office Chair,SKU_1849,6179.6
Office Chair,SKU_1045,6175.59
Office Chair,SKU_1537,6142.19
Office Chair,SKU_1888,6134.17
Office Chair,SKU_1008,6110.52
Office Chair,SKU_1179,6103.65
Office Chair,SKU_1882,6092.62
Office Chair,SKU_1460,6056.88
Office Chair,SKU_1386,6049.32
Office Chair,SKU_1583,6048.54
Office Chair,SKU_1575,6035.06
Office Chair,SKU_1778,6034.43
Office Chair,SKU_1544,6034.34
Office Chair,SKU_1543,6031.89
Office Chair,SKU_1930,6028.51
Office Chair,SKU_1249,6024.72
Office Chair,SKU_1331,6011.03
Office Chair,SKU_1319,6003.09
Office Chair,SKU_1184,6002.44
Office Chair,SKU_1461,5956.24
Office Chair,SKU_1457,5955.52
Office Chair,SKU_1426,5955.07
Office Chair,SKU_1270,5951.71
Office Chair,SKU_1148,5929.35
Office Chair,SKU_1622,5926.1
Office Chair,SKU_1837,5919.68
Office Chair,SKU_1466,5911.78
Office Chair,SKU_1422,5903.18
Office Chair,SKU_1266,5902.69
Office Chair,SKU_1477,5882.8
Office Chair,SKU_1531,5873.91
Office Chair,SKU_1506,5864.43
Office Chair,SKU_1917,5845.64
Office Chair,SKU_1155,5842.88
Office Chair,SKU_1957,5830.48
Office Chair,SKU_1093,5799.25
Office Chair,SKU_1433,5799.13
Office Chair,SKU_1002,5785.7
Office Chair,SKU_1436,5785.35
Office Chair,SKU_1285,5770.48
Office Chair,SKU_1476,5754.42
Office Chair,SKU_1181,5742.47
Office Chair,SKU_1051,5731.09
Office Chair,SKU_1391,5720.85
Office Chair,SKU_1980,5709.59
Office Chair,SKU_1007,5705.23
Office Chair,SKU_1889,5702.77
Office Chair,SKU_1729,5664.17
Office Chair,SKU_1451,5652.94
Office Chair,SKU_1018,5620.99
Office Chair,SKU_1884,5571.82
Office Chair,SKU_1153,5563.34
Office Chair,SKU_1741,5538.28
Office Chair,SKU_1503,5521.79
Office Chair,SKU_1546,5514.51
Office Chair,SKU_1967,5487.04
Office Chair,SKU_1621,5466.94
Office Chair,SKU_1844,5466.54
Office Chair,SKU_1775,5456.34
Office Chair,SKU_1499,5453.86
Office Chair,SKU_1602,5452.83
Office Chair,SKU_1450,5444.65
Office Chair,SKU_1783,5426.1
Office Chair,SKU_1755,5423.15
Office Chair,SKU_1688,5417.3
Office Chair,SKU_1485,5409.73
Office Chair,SKU_1377,5409.24
Office Chair,SKU_1690,5395.79
Office Chair,SKU_1874,5381.84
Office Chair,SKU_1660,5380.05
Office Chair,SKU_1420,5377.3
Office Chair,SKU_1123,5362.08
Office Chair,SKU_1355,5358.3
Office Chair,SKU_1566,5353.22
Office Chair,SKU_1532,5346.35
Office Chair,SKU_1585,5340.15
Office Chair,SKU_1489,5326.08
Office Chair,SKU_1056,5300.58
Office Chair,SKU_1055,5297.91
Office Chair,SKU_1984,5297.63
Office Chair,SKU_1781,5286.05
Office Chair,SKU_1569,5275.47
Office Chair,SKU_1427,5271.1
Office Chair,SKU_1666,5262.06
Office Chair,SKU_1890,5259.72
Office Chair,SKU_1713,5249.09
Office Chair,SKU_1547,5235.81
Office Chair,SKU_1187,5233.21
Office Chair,SKU_1505,5214.78
Office Chair,SKU_1023,5188.06
Office Chair,SKU_1985,5157.75
Office Chair,SKU_1851,5150.28
Office Chair,SKU_1727,5145.71
Office Chair,SKU_1118,5145.35
Office Chair,SKU_1548,5138.27
Office Chair,SKU_1545,5134.65
Office Chair,SKU_1749,5132.84
Office Chair,SKU_1271,5132.67
Office Chair,SKU_1925,5125.36
Office Chair,SKU_1182,5114.89
Office Chair,SKU_1188,5107.18
Office Chair,SKU_1959,5101.78
Office Chair,SKU_1703,5092.89
Office Chair,SKU_1914,5082.23
Office Chair,SKU_1674,5082.05
Office Chair,SKU_1907,5071.63
Office Chair,SKU_1559,5071.08
Office Chair,SKU_1228,5062.25
Office Chair,SKU_1247,5054.65
Office Chair,SKU_1350,5040.7
Office Chair,SKU_1013,5021.14
Office Chair,SKU_1572,5019.37
Office Chair,SKU_1816,5011.97
Office Chair,SKU_1659,4989.89
Office Chair,SKU_1097,4989.03
Office Chair,SKU_1919,4987.82
Office Chair,SKU_1144,4984.18
Office Chair,SKU_1762,4979.15
Office Chair,SKU_1104,4976.27
Office Chair,SKU_1567,4962.36
Office Chair,SKU_1542,4951.71
Office Chair,SKU_1782,4949.38
Office Chair,SKU_1759,4944.38
Office Chair,SKU_1821,4937.35
Office Chair,SKU_1120,4933.74
Office Chair,SKU_1873,4931.37
Office Chair,SKU_1085,4919.18
Office Chair,SKU_1702,4917.22
Office Chair,SKU_1726,4902.09
Office Chair,SKU_1272,4899.29
Office Chair,SKU_1062,4894.49
Office Chair,SKU_1203,4871.19
Office Chair,SKU_1185,4865.27
Office Chair,SKU_1392,4854.86
Office Chair,SKU_1150,4846.83
Office Chair,SKU_1268,4844.31
Office Chair,SKU_1618,4841.86
Office Chair,SKU_1823,4840.15
Office Chair,SKU_1169,4840.0
Office Chair,SKU_1560,4838.29
Office Chair,SKU_1113,4817.32
Office Chair,SKU_1324,4805.96
Office Chair,SKU_1325,4788.3
Office Chair,SKU_1716,4771.92
Office Chair,SKU_1473,4755.7
Office Chair,SKU_1456,4753.71
Office Chair,SKU_1657,4747.24
Office Chair,SKU_1710,4732.44
Office Chair,SKU_1083,4730.06
Office Chair,SKU_1568,4721.37
Office Chair,SKU_1625,4721.15
Office Chair,SKU_1490,4706.87
Office Chair,SKU_1138,4701.54
Office Chair,SKU_1254,4700.1
Office Chair,SKU_1121,4692.71
Office Chair,SKU_1691,4689.39
Office Chair,SKU_1441,4684.77
Office Chair,SKU_1684,4681.53
Office Chair,SKU_1430,4672.55
Office Chair,SKU_1277,4669.45
Office Chair,SKU_1145,4669.2
Office Chair,SKU_1510,4656.33
Office Chair,SKU_1209,4655.76
Office Chair,SKU_1512,4651.09
Office Chair,SKU_1080,4647.09
Office Chair,SKU_1298,4637.19
Office Chair,SKU_1603,4634.92
Office Chair,SKU_1623,4634.87
Office Chair,SKU_1488,4620.13
Office Chair,SKU_1639,4615.07
Office Chair,SKU_1107,4613.34
Office Chair,SKU_1920,4608.83
Office Chair,SKU_1344,4601.05
Office Chair,SKU_1263,4600.48
Office Chair,SKU_1801,4594.05
Office Chair,SKU_1840,4582.37
Office Chair,SKU_1000,4581.56
Office Chair,SKU_1160,4576.94
Office Chair,SKU_1496,4571.01
Office Chair,SKU_1584,4571.0
Office Chair,SKU_1541,4552.03
Office Chair,SKU_1106,4548.97
Office Chair,SKU_1613,4546.82
Office Chair,SKU_1297,4524.04
Office Chair,SKU_1615,4506.86
Office Chair,SKU_1447,4496.33
Office Chair,SKU_1597,4493.14
Office Chair,SKU_1373,4465.6
Office Chair,SKU_1616,4456.86
Office Chair,SKU_1313,4455.15
Office Chair,SKU_1811,4454.46
Office Chair,SKU_1653,4441.32
Office Chair,SKU_1237,4431.15
Office Chair,SKU_1292,4423.9
Office Chair,SKU_1667,4421.49
Office Chair,SKU_1458,4420.95
Office Chair,SKU_1508,4419.63
Office Chair,SKU_1770,4417.48
Office Chair,SKU_1941,4408.72
Office Chair,SKU_1663,4399.26
Office Chair,SKU_1282,4396.21
Office Chair,SKU_1084,4385.98
Office Chair,SKU_1195,4382.95
Office Chair,SKU_1717,4369.89
Office Chair,SKU_1830,4360.68
Office Chair,SKU_1800,4354.77
Office Chair,SKU_1326,4349.85
Office Chair,SKU_1128,4344.05
Office Chair,SKU_1839,4342.74
Office Chair,SKU_1664,4340.82
Office Chair,SKU_1280,4338.74
Office Chair,SKU_1982,4335.37
Office Chair,SKU_1166,4328.74
Office Chair,SKU_1609,4327.79
Office Chair,SKU_1036,4319.01
Office Chair,SKU_1302,4305.45
Office Chair,SKU_1399,4304.74
Office Chair,SKU_1966,4304.67
Office Chair,SKU_1651,4291.33
Office Chair,SKU_1086,4286.06
Office Chair,SKU_1535,4276.52
Office Chair,SKU_1760,4265.02
Office Chair,SKU_1317,4264.5
Office Chair,SKU_1255,4252.82
Office Chair,SKU_1226,4237.22
Office Chair,SKU_1022,4227.6
Office Chair,SKU_1881,4225.84
Office Chair,SKU_1810,4218.74
Office Chair,SKU_1119,4217.09
Office Chair,SKU_1212,4196.18
Office Chair,SKU_1498,4191.73
Office Chair,SKU_1582,4185.45
Office Chair,SKU_1314,4174.46
Office Chair,SKU_1435,4174.32
Office Chair,SKU_1986,4173.59
Office Chair,SKU_1213,4159.96
Office Chair,SKU_1732,4152.8
Office Chair,SKU_1035,4144.2
Office Chair,SKU_1378,4136.86
Office Chair,SKU_1442,4119.22
Office Chair,SKU_1382,4107.57
Office Chair,SKU_1592,4104.52
Office Chair,SKU_1828,4094.04
Office Chair,SKU_1794,4085.18
Office Chair,SKU_1922,4079.6
Office Chair,SKU_1981,4077.34
Office Chair,SKU_1906,4063.22
Office Chair,SKU_1149,4058.89
Office Chair,SKU_1478,4054.07
Office Chair,SKU_1711,4031.74
Office Chair,SKU_1549,4023.69
Office Chair,SKU_1186,4022.59
Office Chair,SKU_1786,4010.91
Office Chair,SKU_1480,4006.58
Office Chair,SKU_1381,3999.14
Office Chair,SKU_1459,3998.19
Office Chair,SKU_1070,3996.01
Office Chair,SKU_1826,3995.43
Office Chair,SKU_1685,3994.24
Office Chair,SKU_1988,3990.42
Office Chair,SKU_1841,3987.22
Office Chair,SKU_1761,3986.68
Office Chair,SKU_1395,3960.01
Office Chair,SKU_1472,3954.89
Office Chair,SKU_1861,3932.65
Office Chair,SKU_1170,3922.25
Office Chair,SKU_1921,3921.75
Office Chair,SKU_1003,3910.88
Office Chair,SKU_1561,3902.36
Office Chair,SKU_1463,3897.53
Office Chair,SKU_1414,3895.95
Office Chair,SKU_1883,3892.88
Office Chair,SKU_1918,3885.18
Office Chair,SKU_1299,3871.02
Office Chair,SKU_1676,3867.56
Office Chair,SKU_1468,3865.79
Office Chair,SKU_1279,3852.51
Office Chair,SKU_1345,3843.03
Office Chair,SKU_1410,3838.07
Office Chair,SKU_1200,3835.26
Office Chair,SKU_1246,3833.14
Office Chair,SKU_1197,3812.52
Office Chair,SKU_1552,3805.24
Office Chair,SKU_1879,3800.18
Office Chair,SKU_1617,3783.63
Office Chair,SKU_1978,3760.07
Office Chair,SKU_1555,3753.77
Office Chair,SKU_1337,3753.07
Office Chair,SKU_1033,3732.21
Office Chair,SKU_1799,3728.62
Office Chair,SKU_1052,3699.24
Office Chair,SKU_1204,3694.67
Office Chair,SKU_1779,3693.27
Office Chair,SKU_1857,3683.34
Office Chair,SKU_1675,3681.73
Office Chair,SKU_1010,3680.67
Office Chair,SKU_1066,3677.04
Office Chair,SKU_1336,3668.5
Office Chair,SKU_1993,3662.34
Office Chair,SKU_1533,3661.61
Office Chair,SKU_1353,3648.85
Office Chair,SKU_1642,3647.0
Office Chair,SKU_1423,3645.99
Office Chair,SKU_1788,3624.02
Office Chair,SKU_1251,3574.9
Office Chair,SKU_1009,3574.32
Office Chair,SKU_1281,3570.78
Office Chair,SKU_1990,3559.82
Office Chair,SKU_1117,3554.65
Office Chair,SKU_1443,3550.49
Office Chair,SKU_1843,3529.13
Office Chair,SKU_1290,3529.06
Office Chair,SKU_1495,3517.49
Office Chair,SKU_1869,3515.57
Office Chair,SKU_1210,3506.68
Office Chair,SKU_1936,3498.88
Office Chair,SKU_1416,3498.83
Office Chair,SKU_1999,3496.99
Office Chair,SKU_1402,3487.31
Office Chair,SKU_1589,3481.71
Office Chair,SKU_1486,3471.17
Office Chair,SKU_1176,3467.06
Office Chair,SKU_1161,3457.41
Office Chair,SKU_1878,3449.87
Office Chair,SKU_1891,3447.59
Office Chair,SKU_1321,3446.72
Office Chair,SKU_1072,3434.25
Office Chair,SKU_1394,3429.31
Office Chair,SKU_1315,3423.83
Office Chair,SKU_1154,3423.82
Office Chair,SKU_1074,3422.25
Office Chair,SKU_1379,3415.41
Office Chair,SKU_1672,3407.28
Office Chair,SKU_1001,3398.9
Office Chair,SKU_1469,3393.26
Office Chair,SKU_1064,3389.38
Office Chair,SKU_1110,3380.08
Office Chair,SKU_1944,3371.8
Office Chair,SKU_1935,3368.77
Office Chair,SKU_1964,3366.14
Office Chair,SKU_1809,3365.99
Office Chair,SKU_1364,3357.88
Office Chair,SKU_1234,3357.81
Office Chair,SKU_1096,3355.65
Office Chair,SKU_1748,3350.86
Office Chair,SKU_1101,3346.56
Office Chair,SKU_1598,3345.86
Office Chair,SKU_1887,3337.88
Office Chair,SKU_1932,3336.98
Office Chair,SKU_1089,3335.74
Office Chair,SKU_1876,3334.84
Office Chair,SKU_1031,3326.77
Office Chair,SKU_1962,3325.63
Office Chair,SKU_1024,3317.43
Office Chair,SKU_1158,3296.07
Office Chair,SKU_1216,3293.81
Office Chair,SKU_1784,3288.48
Office Chair,SKU_1006,3274.31
Office Chair,SKU_1286,3264.84
Office Chair,SKU_1540,3248.37
Office Chair,SKU_1564,3238.11
Office Chair,SKU_1111,3234.44
Office Chair,SKU_1327,3218.0
Office Chair,SKU_1898,3211.26
Office Chair,SKU_1306,3195.1
Office Chair,SKU_1408,3193.79
Office Chair,SKU_1698,3177.18
Office Chair,SKU_1970,3174.25
Office Chair,SKU_1735,3172.01
Office Chair,SKU_1551,3158.71
Office Chair,SKU_1424,3157.2
Office Chair,SKU_1257,3154.64
Office Chair,SKU_1604,3151.68
Office Chair,SKU_1612,3136.4
Office Chair,SKU_1438,3117.98
Office Chair,SKU_1116,3095.84
Office Chair,SKU_1370,3085.08
Office Chair,SKU_1417,3067.16
Office Chair,SKU_1191,3062.44
Office Chair,SKU_1519,3058.25
Office Chair,SKU_1140,3052.67
Office Chair,SKU_1273,3051.57
Office Chair,SKU_1180,3048.45
Office Chair,SKU_1697,3036.95
Office Chair,SKU_1915,3033.24
Office Chair,SKU_1939,3030.92
Office Chair,SKU_1397,3001.37
Office Chair,SKU_1662,3001.12
Office Chair,SKU_1387,2996.32
Office Chair,SKU_1383,2991.25
Office Chair,SKU_1586,2989.28
Office Chair,SKU_1265,2985.89
Office Chair,SKU_1368,2984.01
Office Chair,SKU_1671,2981.49
Office Chair,SKU_1127,2977.56
Office Chair,SKU_1411,2973.33
Office Chair,SKU_1630,2967.07
Office Chair,SKU_1413,2964.4
Office Chair,SKU_1259,2960.03
Office Chair,SKU_1792,2957.44
Office Chair,SKU_1820,2955.76
Office Chair,SKU_1238,2953.23
Office Chair,SKU_1467,2950.87
Office Chair,SKU_1439,2945.68
Office Chair,SKU_1635,2945.28
Office Chair,SKU_1167,2933.47
Office Chair,SKU_1969,2932.15
Office Chair,SKU_1137,2916.91
Office Chair,SKU_1059,2914.22
Office Chair,SKU_1243,2913.38
Office Chair,SKU_1848,2912.15
Office Chair,SKU_1261,2896.48
Office Chair,SKU_1579,2890.37
Office Chair,SKU_1129,2882.52
Office Chair,SKU_1049,2865.02
Office Chair,SKU_1867,2857.15
Office Chair,SKU_1998,2849.31
Office Chair,SKU_1239,2842.6
Office Chair,SKU_1942,2834.88
Office Chair,SKU_1963,2828.18
Office Chair,SKU_1608,2825.86
Office Chair,SKU_1940,2816.84
Office Chair,SKU_1474,2816.25
Office Chair,SKU_1590,2814.06
Office Chair,SKU_1295,2812.41
Office Chair,SKU_1893,2810.96
Office Chair,SKU_1133,2810.78
Office Chair,SKU_1845,2790.78
Office Chair,SKU_1207,2790.2
Office Chair,SKU_1449,2786.3
Office Chair,SKU_1075,2772.83
Office Chair,SKU_1638,2772.6
Office Chair,SKU_1227,2763.48
Office Chair,SKU_1947,2752.57
Office Chair,SKU_1683,2752.07
Office Chair,SKU_1600,2751.48
Office Chair,SKU_1974,2748.65
Office Chair,SKU_1434,2747.59
Office Chair,SKU_1287,2746.8
Office Chair,SKU_1206,2745.64
Office Chair,SKU_1875,2740.4
Office Chair,SKU_1581,2734.82
Office Chair,SKU_1655,2729.38
Office Chair,SKU_1152,2728.01
Office Chair,SKU_1125,2718.73
Office Chair,SKU_1742,2702.63
Office Chair,SKU_1912,2694.28
Office Chair,SKU_1817,2689.16
Office Chair,SKU_1661,2683.94
Office Chair,SKU_1042,2679.2
Office Chair,SKU_1706,2678.09
Office Chair,SKU_1868,2657.01
Office Chair,SKU_1189,2638.8
Office Chair,SKU_1396,2636.66
Office Chair,SKU_1330,2634.04
Office Chair,SKU_1143,2626.83
Office Chair,SKU_1114,2609.13
Office Chair,SKU_1777,2591.95
Office Chair,SKU_1340,2591.3
Office Chair,SKU_1134,2570.96
Office Chair,SKU_1588,2561.28
Office Chair,SKU_1945,2546.81
Office Chair,SKU_1591,2536.2
Office Chair,SKU_1236,2524.15
Office Chair,SKU_1605,2523.63
Office Chair,SKU_1730,2505.01
Office Chair,SKU_1550,2504.91
Office Chair,SKU_1885,2498.59
Office Chair,SKU_1753,2491.33
Office Chair,SKU_1362,2488.18
Office Chair,SKU_1276,2485.52
Office Chair,SKU_1028,2482.25
Office Chair,SKU_1208,2468.76
Office Chair,SKU_1269,2468.25
Office Chair,SKU_1398,2466.93
Office Chair,SKU_1039,2466.08
Office Chair,SKU_1847,2456.98
Office Chair,SKU_1043,2437.83
Office Chair,SKU_1870,2435.05
Office Chair,SKU_1665,2402.92
Office Chair,SKU_1765,2367.24
Office Chair,SKU_1162,2362.66
Office Chair,SKU_1223,2361.46
Office Chair,SKU_1877,2358.79
Office Chair,SKU_1122,2357.35
Office Chair,SKU_1501,2354.7
Office Chair,SKU_1960,2346.9
Office Chair,SKU_1500,2333.64
Office Chair,SKU_1445,2331.54
Office Chair,SKU_1951,2330.66
Office Chair,SKU_1654,2330.62
Office Chair,SKU_1371,2328.24
Office Chair,SKU_1343,2319.13
Office Chair,SKU_1194,2317.9
Office Chair,SKU_1404,2307.47
Office Chair,SKU_1937,2304.55
Office Chair,SKU_1455,2300.23
Office Chair,SKU_1728,2296.73
Office Chair,SKU_1515,2287.94
Office Chair,SKU_1643,2285.02
Office Chair,SKU_1400,2257.63
Office Chair,SKU_1529,2248.87
Office Chair,SKU_1822,2245.84
Office Chair,SKU_1610,2240.61
Office Chair,SKU_1901,2239.7
Office Chair,SKU_1050,2236.83
Office Chair,SKU_1699,2229.95
Office Chair,SKU_1289,2199.93
Office Chair,SKU_1995,2198.83
Office Chair,SKU_1719,2197.85
Office Chair,SKU_1854,2195.93
Office Chair,SKU_1231,2185.89
Office Chair,SKU_1514,2175.01
Office Chair,SKU_1029,2171.19
Office Chair,SKU_1294,2167.21
Office Chair,SKU_1934,2162.76
Office Chair,SKU_1948,2157.22
Office Chair,SKU_1027,2147.9
Office Chair,SKU_1041,2144.96
Office Chair,SKU_1538,2143.92
Office Chair,SKU_1131,2136.8
Office Chair,SKU_1058,2127.28
Office Chair,SKU_1926,2123.22
Office Chair,SKU_1507,2123.08
Office Chair,SKU_1943,2114.82
Office Chair,SKU_1704,2103.95
Office Chair,SKU_1517,2101.6
Office Chair,SKU_1310,2101.32
Office Chair,SKU_1095,2080.53
Office Chair,SKU_1418,2068.01
Office Chair,SKU_1614,2062.21
Office Chair,SKU_1961,2061.32
Office Chair,SKU_1646,2057.35
Office Chair,SKU_1471,2053.67
Office Chair,SKU_1846,2053.43
Office Chair,SKU_1492,2050.43
Office Chair,SKU_1448,2049.87
Office Chair,SKU_1725,2045.86
Office Chair,SKU_1738,2031.13
Office Chair,SKU_1524,2028.5
Office Chair,SKU_1092,2017.12
Office Chair,SKU_1774,2013.29
Office Chair,SKU_1511,2005.43
Office Chair,SKU_1611,1992.06
Office Chair,SKU_1750,1984.36
Office Chair,SKU_1222,1980.18
Office Chair,SKU_1923,1977.96
Office Chair,SKU_1078,1972.72
Office Chair,SKU_1933,1971.18
Office Chair,SKU_1017,1970.59
Office Chair,SKU_1795,1957.03
Office Chair,SKU_1539,1950.97
Office Chair,SKU_1648,1940.53
Office Chair,SKU_1288,1936.02
Office Chair,SKU_1358,1922.28
Office Chair,SKU_1005,1908.36
Office Chair,SKU_1836,1902.24
Office Chair,SKU_1954,1897.62
Office Chair,SKU_1079,1890.77
Office Chair,SKU_1346,1879.49
Office Chair,SKU_1126,1869.09
Office Chair,SKU_1360,1864.71
Office Chair,SKU_1365,1818.83
Office Chair,SKU_1838,1801.54
Office Chair,SKU_1805,1790.18
Office Chair,SKU_1824,1778.83
Office Chair,SKU_1863,1764.26
Office Chair,SKU_1462,1745.23
Office Chair,SKU_1772,1741.49
Office Chair,SKU_1245,1738.63
Office Chair,SKU_1406,1736.68
Office Chair,SKU_1375,1726.79
Office Chair,SKU_1061,1724.38
Office Chair,SKU_1303,1707.46
Office Chair,SKU_1178,1695.92
Office Chair,SKU_1262,1687.88
Office Chair,SKU_1563,1687.42
Office Chair,SKU_1558,1680.79
Office Chair,SKU_1481,1650.92
Office Chair,SKU_1054,1643.06
Office Chair,SKU_1679,1633.51
Office Chair,SKU_1351,1629.91
Office Chair,SKU_1215,1627.88
Office Chair,SKU_1309,1627.05
Office Chair,SKU_1390,1626.11
Office Chair,SKU_1763,1619.48
Office Chair,SKU_1220,1612.34
Office Chair,SKU_1047,1611.46
Office Chair,SKU_1527,1604.38
Office Chair,SKU_1311,1601.95
Office Chair,SKU_1913,1591.11
Office Chair,SKU_1658,1589.89
Office Chair,SKU_1224,1583.17
Office Chair,SKU_1159,1579.8
Office Chair,SKU_1409,1577.61
Office Chair,SKU_1631,1577.3
Office Chair,SKU_1146,1567.96
Office Chair,SKU_1440,1559.39
Office Chair,SKU_1172,1554.5
Office Chair,SKU_1063,1544.76
Office Chair,SKU_1693,1543.46
Office Chair,SKU_1831,1525.33
Office Chair,SKU_1640,1524.42
Office Chair,SKU_1267,1515.52
Office Chair,SKU_1644,1515.31
Office Chair,SKU_1814,1510.22
Office Chair,SKU_1626,1500.9
Office Chair,SKU_1199,1500.0
Office Chair,SKU_1301,1496.36
Office Chair,SKU_1573,1489.54
Office Chair,SKU_1900,1483.81
Office Chair,SKU_1352,1458.1
Office Chair,SKU_1767,1439.27
Office Chair,SKU_1218,1435.62
Office Chair,SKU_1871,1430.64
Office Chair,SKU_1057,1425.66
Office Chair,SKU_1739,1417.75
Office Chair,SKU_1142,1407.93
Office Chair,SKU_1624,1405.15
Office Chair,SKU_1504,1401.64
Office Chair,SKU_1260,1399.33
Office Chair,SKU_1094,1393.62
Office Chair,SKU_1446,1391.73
Office Chair,SKU_1992,1383.5
Office Chair,SKU_1599,1372.51
Office Chair,SKU_1196,1357.0
Office Chair,SKU_1091,1343.83
Office Chair,SKU_1109,1335.23
Office Chair,SKU_1334,1334.11
Office Chair,SKU_1905,1330.14
Office Chair,SKU_1173,1329.33
Office Chair,SKU_1004,1324.12
Office Chair,SKU_1525,1323.65
Office Chair,SKU_1832,1318.71
Office Chair,SKU_1484,1317.81
Office Chair,SKU_1740,1314.89
Office Chair,SKU_1437,1298.17
Office Chair,SKU_1307,1289.39
Office Chair,SKU_1354,1289.25
Office Chair,SKU_1318,1275.52
Office Chair,SKU_1230,1274.44
Office Chair,SKU_1405,1262.22
Office Chair,SKU_1221,1241.07
Office Chair,SKU_1046,1235.17
Office Chair,SKU_1464,1232.22
Office Chair,SKU_1258,1229.69
Office Chair,SKU_1636,1227.0
Office Chair,SKU_1112,1221.75
Office Chair,SKU_1026,1217.71
Office Chair,SKU_1793,1209.47
Office Chair,SKU_1135,1204.61
Office Chair,SKU_1627,1189.96
Office Chair,SKU_1696,1181.35
Office Chair,SKU_1764,1180.61
Office Chair,SKU_1804,1175.91
Office Chair,SKU_1376,1172.6
Office Chair,SKU_1497,1170.46
Office Chair,SKU_1493,1166.26
Office Chair,SKU_1852,1156.79
Office Chair,SKU_1692,1152.81
Office Chair,SKU_1903,1148.39
Office Chair,SKU_1983,1135.18
Office Chair,SKU_1976,1128.1
Office Chair,SKU_1670,1123.35
Office Chair,SKU_1419,1118.25
Office Chair,SKU_1264,1117.71
Office Chair,SKU_1652,1116.65
Office Chair,SKU_1164,1113.52
Office Chair,SKU_1991,1107.13
Office Chair,SKU_1812,1102.63
Office Chair,SKU_1808,1099.78
Office Chair,SKU_1815,1083.53
Office Chair,SKU_1757,1079.07
Office Chair,SKU_1192,1063.9
Office Chair,SKU_1357,1063.39
Office Chair,SKU_1975,1062.53
Office Chair,SKU_1880,1062.29
Office Chair,SKU_1714,1054.78
Office Chair,SKU_1124,1053.46
Office Chair,SKU_1048,1048.46
Office Chair,SKU_1910,1045.19
Office Chair,SKU_1780,1044.65
Office Chair,SKU_1320,1042.14
Office Chair,SKU_1813,1040.8
Office Chair,SKU_1637,1039.64
Office Chair,SKU_1431,1018.75
Office Chair,SKU_1217,1006.9
Office Chair,SKU_1069,1005.66
Office Chair,SKU_1348,989.58
Office Chair,SKU_1284,964.79
Office Chair,SKU_1308,911.91
Office Chair,SKU_1482,901.23
Office Chair,SKU_1965,893.64
Office Chair,SKU_1151,878.13
Office Chair,SKU_1785,868.04
Office Chair,SKU_1956,854.54
Office Chair,SKU_1401,846.78
Office Chair,SKU_1175,844.55
Office Chair,SKU_1053,844.09
Office Chair,SKU_1768,840.25
Office Chair,SKU_1339,838.17
Office Chair,SKU_1677,800.54
Office Chair,SKU_1601,764.37
Office Chair,SKU_1899,752.86
Office Chair,SKU_1012,751.6
Office Chair,SKU_1193,747.42
Office Chair,SKU_1928,744.31
Office Chair,SKU_1632,740.89
Office Chair,SKU_1256,740.7
Office Chair,SKU_1163,739.83
Office Chair,SKU_1329,734.46
Office Chair,SKU_1689,734.37
Office Chair,SKU_1393,718.78
Office Chair,SKU_1011,696.16
Office Chair,SKU_1333,694.83
Office Chair,SKU_1807,637.58
Office Chair,SKU_1407,630.42
Office Chair,SKU_1680,626.25
Office Chair,SKU_1099,624.3
Office Chair,SKU_1139,566.52
Office Chair,SKU_1773,545.01
Office Chair,SKU_1037,535.99
Office Chair,SKU_1619,529.3
Office Chair,SKU_1734,527.52
Office Chair,SKU_1452,524.52
Office Chair,SKU_1076,508.25
Office Chair,SKU_1030,495.15
Office Chair,SKU_1682,488.91
Office Chair,SKU_1856,456.38
Office Chair,SKU_1526,453.35
Office Chair,SKU_1025,447.03
Office Chair,SKU_1802,441.61
Office Chair,SKU_1071,434.12
Office Chair,SKU_1997,431.25
Office Chair,SKU_1115,424.86
Office Chair,SKU_1669,411.18
Office Chair,SKU_1842,394.71
Office Chair,SKU_1428,394.25
Office Chair,SKU_1252,366.6
Office Chair,SKU_1077,361.8
Office Chair,SKU_1491,355.92
Office Chair,SKU_1678,338.62
Office Chair,SKU_1130,329.69
Office Chair,SKU_1747,322.58
Office Chair,SKU_1994,294.27
Office Chair,SKU_1374,291.2
Office Chair,SKU_1494,285.26
Office Chair,SKU_1016,276.18
Office Chair,SKU_1019,265.94
Office Chair,SKU_1633,259.44
Office Chair,SKU_1909,256.09
Office Chair,SKU_1141,255.83
Office Chair,SKU_1825,206.34
Office Chair,SKU_1855,204.04
Office Chair,SKU_1620,200.27
Office Chair,SKU_1886,198.62
Office Chair,SKU_1183,197.82
Office Chair,SKU_1132,178.5
Office Chair,SKU_1557,114.49
Office Chair,SKU_1103,110.23
Office Chair,SKU_1565,96.39
Office Chair,SKU_1769,85.08
Office Chair,SKU_1088,77.59
Office Chair,SKU_1712,65.78
Office Chair,SKU_1708,50.88
Office Chair,SKU_1835,50.73
Office Chair,SKU_1014,38.3
T-shirt,SKU_1724,16088.24
T-shirt,SKU_1994,12147.47
T-shirt,SKU_1271,11850.53
T-shirt,SKU_1364,11709.0
T-shirt,SKU_1673,11604.27
T-shirt,SKU_1957,11528.66
T-shirt,SKU_1412,11518.68
T-shirt,SKU_1428,11321.11
T-shirt,SKU_1228,11248.98
T-shirt,SKU_1278,11200.91
T-shirt,SKU_1103,11139.39
T-shirt,SKU_1290,11131.64
T-shirt,SKU_1061,11101.14
T-shirt,SKU_1578,11093.37
T-shirt,SKU_1954,10998.75
T-shirt,SKU_1477,10902.3
T-shirt,SKU_1200,10822.32
T-shirt,SKU_1216,10814.28
T-shirt,SKU_1815,10669.58
T-shirt,SKU_1620,10661.68
T-shirt,SKU_1376,10602.16
T-shirt,SKU_1332,10575.1
T-shirt,SKU_1752,10559.29
T-shirt,SKU_1207,10503.95
T-shirt,SKU_1965,10485.86
T-shirt,SKU_1135,10395.19
T-shirt,SKU_1962,10382.18
T-shirt,SKU_1132,10366.59
T-shirt,SKU_1451,10314.47
T-shirt,SKU_1154,10208.31
T-shirt,SKU_1427,10128.48
T-shirt,SKU_1785,10111.12
T-shirt,SKU_1755,9973.69
T-shirt,SKU_1300,9844.3
T-shirt,SKU_1756,9839.2
T-shirt,SKU_1211,9700.02
T-shirt,SKU_1189,9687.22
T-shirt,SKU_1196,9598.32
T-shirt,SKU_1697,9590.93
T-shirt,SKU_1448,9575.35
T-shirt,SKU_1074,9561.33
T-shirt,SKU_1107,9542.44
T-shirt,SKU_1050,9505.86
T-shirt,SKU_1318,9497.77
T-shirt,SKU_1531,9473.07
T-shirt,SKU_1054,9462.15
T-shirt,SKU_1114,9443.23
T-shirt,SKU_1812,9410.24
T-shirt,SKU_1864,9408.33
T-shirt,SKU_1008,9388.88
T-shirt,SKU_1071,9325.95
T-shirt,SKU_1422,9306.14
T-shirt,SKU_1198,9292.82
T-shirt,SKU_1239,9193.17
T-shirt,SKU_1177,9133.45
T-shirt,SKU_1034,9120.54
T-shirt,SKU_1742,9083.39
T-shirt,SKU_1222,9002.77
T-shirt,SKU_1757,8964.44
T-shirt,SKU_1761,8952.59
T-shirt,SKU_1092,8868.43
T-shirt,SKU_1983,8833.81
T-shirt,SKU_1213,8810.77
T-shirt,SKU_1696,8786.21
T-shirt,SKU_1407,8769.94
T-shirt,SKU_1886,8634.18
T-shirt,SKU_1309,8626.46
T-shirt,SKU_1009,8617.82
T-shirt,SKU_1975,8593.99
T-shirt,SKU_1256,8520.49
T-shirt,SKU_1900,8500.47
T-shirt,SKU_1015,8499.11
T-shirt,SKU_1730,8492.52
T-shirt,SKU_1069,8483.31
T-shirt,SKU_1753,8482.52
T-shirt,SKU_1411,8472.92
T-shirt,SKU_1542,8469.51
T-shirt,SKU_1992,8411.28
T-shirt,SKU_1281,8335.99
T-shirt,SKU_1098,8316.92
T-shirt,SKU_1592,8304.91
T-shirt,SKU_1615,8292.77
T-shirt,SKU_1862,8241.38
T-shirt,SKU_1282,8224.47
T-shirt,SKU_1245,8222.7
T-shirt,SKU_1824,8222.14
T-shirt,SKU_1400,8206.84
T-shirt,SKU_1662,8189.98
T-shirt,SKU_1838,8174.73
T-shirt,SKU_1070,8105.03
T-shirt,SKU_1240,8096.96
T-shirt,SKU_1184,8087.21
T-shirt,SKU_1758,8057.54
T-shirt,SKU_1429,8051.07
T-shirt,SKU_1691,8047.43
T-shirt,SKU_1272,8022.56
T-shirt,SKU_1640,8007.95
T-shirt,SKU_1486,7997.94
T-shirt,SKU_1333,7982.96
T-shirt,SKU_1821,7972.08
T-shirt,SKU_1006,7961.68
T-shirt,SKU_1745,7928.93
T-shirt,SKU_1836,7927.13
T-shirt,SKU_1327,7903.15
T-shirt,SKU_1587,7899.86
T-shirt,SKU_1702,7895.42
T-shirt,SKU_1046,7883.08
T-shirt,SKU_1109,7876.72
T-shirt,SKU_1999,7873.99
T-shirt,SKU_1938,7815.45
T-shirt,SKU_1980,7797.12
T-shirt,SKU_1330,7780.96
T-shirt,SKU_1264,7778.0
T-shirt,SKU_1160,7735.77
T-shirt,SKU_1048,7711.04
T-shirt,SKU_1101,7706.87
T-shirt,SKU_1449,7666.9
T-shirt,SKU_1289,7623.64
T-shirt,SKU_1830,7614.76
T-shirt,SKU_1960,7608.34
T-shirt,SKU_1176,7605.54
T-shirt,SKU_1881,7601.56
T-shirt,SKU_1517,7599.15
T-shirt,SKU_1113,7578.15
T-shirt,SKU_1255,7573.26
T-shirt,SKU_1855,7570.61
T-shirt,SKU_1229,7542.27
T-shirt,SKU_1860,7521.43
T-shirt,SKU_1808,7510.51
T-shirt,SKU_1096,7509.35
T-shirt,SKU_1493,7504.9
T-shirt,SKU_1936,7497.68
T-shirt,SKU_1953,7496.89
T-shirt,SKU_1409,7472.33
T-shirt,SKU_1399,7470.0
T-shirt,SKU_1579,7422.58
T-shirt,SKU_1145,7413.63
T-shirt,SKU_1169,7398.08
T-shirt,SKU_1065,7380.95
T-shirt,SKU_1639,7358.77
T-shirt,SKU_1718,7357.57
T-shirt,SKU_1743,7341.2
T-shirt,SKU_1180,7318.62
T-shirt,SKU_1904,7313.91
T-shirt,SKU_1771,7299.7
T-shirt,SKU_1677,7282.54
T-shirt,SKU_1879,7254.56
T-shirt,SKU_1943,7210.78
T-shirt,SKU_1977,7097.92
T-shirt,SKU_1876,7086.05
T-shirt,SKU_1182,7078.08
T-shirt,SKU_1671,7055.98
T-shirt,SKU_1301,7050.69
T-shirt,SKU_1178,7023.12
T-shirt,SKU_1153,7008.55
T-shirt,SKU_1619,6985.05
T-shirt,SKU_1869,6961.36
T-shirt,SKU_1179,6955.4
T-shirt,SKU_1829,6955.34
T-shirt,SKU_1115,6950.66
T-shirt,SKU_1959,6948.16
T-shirt,SKU_1078,6937.65
T-shirt,SKU_1087,6934.58
T-shirt,SKU_1978,6899.82
T-shirt,SKU_1246,6876.89
T-shirt,SKU_1234,6862.71
T-shirt,SKU_1159,6860.64
T-shirt,SKU_1329,6828.64
T-shirt,SKU_1118,6826.13
T-shirt,SKU_1491,6808.63
T-shirt,SKU_1077,6791.66
T-shirt,SKU_1923,6785.17
T-shirt,SKU_1141,6773.5
T-shirt,SKU_1852,6754.12
T-shirt,SKU_1984,6733.7
T-shirt,SKU_1080,6709.46
T-shirt,SKU_1425,6686.48
T-shirt,SKU_1950,6680.5
T-shirt,SKU_1606,6663.74
T-shirt,SKU_1847,6661.05
T-shirt,SKU_1143,6653.32
T-shirt,SKU_1004,6628.43
T-shirt,SKU_1208,6628.22
T-shirt,SKU_1481,6617.94
T-shirt,SKU_1509,6589.19
T-shirt,SKU_1540,6579.32
T-shirt,SKU_1343,6559.85
T-shirt,SKU_1982,6556.43
T-shirt,SKU_1567,6528.09
T-shirt,SKU_1884,6502.69
T-shirt,SKU_1988,6501.11
T-shirt,SKU_1902,6497.85
T-shirt,SKU_1979,6495.97
T-shirt,SKU_1027,6472.35
T-shirt,SKU_1903,6411.27
T-shirt,SKU_1233,6377.64
T-shirt,SKU_1223,6373.47
T-shirt,SKU_1362,6370.74
T-shirt,SKU_1651,6362.09
T-shirt,SKU_1701,6282.71
T-shirt,SKU_1817,6258.76
T-shirt,SKU_1925,6243.18
T-shirt,SKU_1406,6232.93
T-shirt,SKU_1605,6230.49
T-shirt,SKU_1381,6223.66
T-shirt,SKU_1221,6210.96
T-shirt,SKU_1324,6197.86
T-shirt,SKU_1728,6196.81
T-shirt,SKU_1112,6182.25
T-shirt,SKU_1254,6157.61
T-shirt,SKU_1877,6150.93
T-shirt,SKU_1231,6140.33
T-shirt,SKU_1377,6139.58
T-shirt,SKU_1363,6134.06
T-shirt,SKU_1415,6133.76
T-shirt,SKU_1974,6123.5
T-shirt,SKU_1183,6107.05
T-shirt,SKU_1036,6100.89
T-shirt,SKU_1511,6084.2
T-shirt,SKU_1316,6080.9
T-shirt,SKU_1238,6080.46
T-shirt,SKU_1937,6077.1
T-shirt,SKU_1037,6071.87
T-shirt,SKU_1596,6069.56
T-shirt,SKU_1911,6043.48
T-shirt,SKU_1447,6027.07
T-shirt,SKU_1947,6009.37
T-shirt,SKU_1549,6000.12
T-shirt,SKU_1684,5994.99
T-shirt,SKU_1323,5970.09
T-shirt,SKU_1652,5924.35
T-shirt,SKU_1721,5885.1
T-shirt,SKU_1434,5878.44
T-shirt,SKU_1885,5836.55
T-shirt,SKU_1547,5827.46
T-shirt,SKU_1267,5804.6
T-shirt,SKU_1355,5804.48
T-shirt,SKU_1563,5794.66
T-shirt,SKU_1776,5782.04
T-shirt,SKU_1457,5772.21
T-shirt,SKU_1958,5771.44
T-shirt,SKU_1508,5755.56
T-shirt,SKU_1667,5742.99
T-shirt,SKU_1878,5716.62
T-shirt,SKU_1560,5698.33
T-shirt,SKU_1995,5698.12
T-shirt,SKU_1765,5697.25
T-shirt,SKU_1676,5692.97
T-shirt,SKU_1140,5690.61
T-shirt,SKU_1602,5684.54
T-shirt,SKU_1522,5667.06
T-shirt,SKU_1705,5666.54
T-shirt,SKU_1675,5657.46
T-shirt,SKU_1748,5648.2
T-shirt,SKU_1823,5637.06
T-shirt,SKU_1919,5615.01
T-shirt,SKU_1795,5614.58
T-shirt,SKU_1558,5611.79
T-shirt,SKU_1973,5609.71
T-shirt,SKU_1227,5588.86
T-shirt,SKU_1480,5580.68
T-shirt,SKU_1892,5575.31
T-shirt,SKU_1929,5571.61
T-shirt,SKU_1171,5567.14
T-shirt,SKU_1704,5546.45
T-shirt,SKU_1632,5517.37
T-shirt,SKU_1167,5505.82
T-shirt,SKU_1295,5501.31
T-shirt,SKU_1867,5500.03
T-shirt,SKU_1209,5486.72
T-shirt,SKU_1312,5477.11
T-shirt,SKU_1311,5473.83
T-shirt,SKU_1094,5472.38
T-shirt,SKU_1584,5457.1
T-shirt,SKU_1418,5453.53
T-shirt,SKU_1314,5449.79
T-shirt,SKU_1921,5449.11
T-shirt,SKU_1470,5448.5
T-shirt,SKU_1304,5445.42
T-shirt,SKU_1866,5436.05
T-shirt,SKU_1436,5429.25
T-shirt,SKU_1641,5418.01
T-shirt,SKU_1124,5410.85
T-shirt,SKU_1970,5409.87
T-shirt,SKU_1043,5402.39
T-shirt,SKU_1820,5398.01
T-shirt,SKU_1146,5375.6
T-shirt,SKU_1629,5364.26
T-shirt,SKU_1137,5353.07
T-shirt,SKU_1657,5331.07
T-shirt,SKU_1889,5326.78
T-shirt,SKU_1010,5311.85
T-shirt,SKU_1654,5303.91
T-shirt,SKU_1499,5296.53
T-shirt,SKU_1679,5291.25
T-shirt,SKU_1354,5274.48
T-shirt,SKU_1283,5274.13
T-shirt,SKU_1175,5268.58
T-shirt,SKU_1617,5268.04
T-shirt,SKU_1794,5251.24
T-shirt,SKU_1801,5237.22
T-shirt,SKU_1913,5206.79
T-shirt,SKU_1012,5206.76
T-shirt,SKU_1849,5182.79
T-shirt,SKU_1016,5166.74
T-shirt,SKU_1585,5157.11
T-shirt,SKU_1956,5143.06
T-shirt,SKU_1325,5137.65
T-shirt,SKU_1042,5134.98
T-shirt,SKU_1297,5133.93
T-shirt,SKU_1944,5131.07
T-shirt,SKU_1842,5128.84
T-shirt,SKU_1340,5118.61
T-shirt,SKU_1433,5109.24
T-shirt,SKU_1155,5106.78
T-shirt,SKU_1543,5086.53
T-shirt,SKU_1613,5079.36
T-shirt,SKU_1186,5069.64
T-shirt,SKU_1416,5066.39
T-shirt,SKU_1670,5066.06
T-shirt,SKU_1394,5061.6
T-shirt,SKU_1616,5029.19
T-shirt,SKU_1854,5025.96
T-shirt,SKU_1206,5024.96
T-shirt,SKU_1369,5024.13
T-shirt,SKU_1739,5019.86
T-shirt,SKU_1740,5011.87
T-shirt,SKU_1454,4991.64
T-shirt,SKU_1928,4990.12
T-shirt,SKU_1057,4982.08
T-shirt,SKU_1716,4974.66
T-shirt,SKU_1907,4974.43
T-shirt,SKU_1519,4970.39
T-shirt,SKU_1204,4969.88
T-shirt,SKU_1908,4968.69
T-shirt,SKU_1942,4965.9
T-shirt,SKU_1526,4962.23
T-shirt,SKU_1720,4959.46
T-shirt,SKU_1262,4958.09
T-shirt,SKU_1202,4957.76
T-shirt,SKU_1969,4951.62
T-shirt,SKU_1173,4951.22
T-shirt,SKU_1152,4937.63
T-shirt,SKU_1292,4929.59
T-shirt,SKU_1598,4923.07
T-shirt,SKU_1717,4922.84
T-shirt,SKU_1568,4903.87
T-shirt,SKU_1610,4902.55
T-shirt,SKU_1638,4901.4
T-shirt,SKU_1026,4890.71
T-shirt,SKU_1279,4884.92
T-shirt,SKU_1595,4883.7
T-shirt,SKU_1636,4882.34
T-shirt,SKU_1871,4882.04
T-shirt,SKU_1385,4878.45
T-shirt,SKU_1797,4861.28
T-shirt,SKU_1310,4859.57
T-shirt,SKU_1435,4856.59
T-shirt,SKU_1663,4847.22
T-shirt,SKU_1565,4846.78
T-shirt,SKU_1358,4841.27
T-shirt,SKU_1611,4823.17
T-shirt,SKU_1368,4821.11
T-shirt,SKU_1656,4817.92
T-shirt,SKU_1438,4798.69
T-shirt,SKU_1625,4794.21
T-shirt,SKU_1553,4793.93
T-shirt,SKU_1537,4789.63
T-shirt,SKU_1446,4779.34
T-shirt,SKU_1390,4774.59
T-shirt,SKU_1710,4751.96
T-shirt,SKU_1780,4751.67
T-shirt,SKU_1834,4750.62
T-shirt,SKU_1813,4747.04
T-shirt,SKU_1964,4729.05
T-shirt,SKU_1703,4726.32
T-shirt,SKU_1455,4714.69
T-shirt,SKU_1157,4712.13
T-shirt,SKU_1067,4709.7
T-shirt,SKU_1386,4709.04
T-shirt,SKU_1236,4708.53
T-shirt,SKU_1901,4707.65
T-shirt,SKU_1870,4702.44
T-shirt,SKU_1158,4697.7
T-shirt,SKU_1781,4681.34
T-shirt,SKU_1464,4678.98
T-shirt,SKU_1474,4650.66
T-shirt,SKU_1375,4641.63
T-shirt,SKU_1248,4631.2
T-shirt,SKU_1986,4597.06
T-shirt,SKU_1338,4590.73
T-shirt,SKU_1388,4584.57
T-shirt,SKU_1192,4580.18
T-shirt,SKU_1108,4577.81
T-shirt,SKU_1345,4571.46
T-shirt,SKU_1569,4564.83
T-shirt,SKU_1284,4560.46
T-shirt,SKU_1045,4557.9
T-shirt,SKU_1853,4548.76
T-shirt,SKU_1218,4526.61
T-shirt,SKU_1529,4515.96
T-shirt,SKU_1371,4504.63
T-shirt,SKU_1276,4494.44
T-shirt,SKU_1894,4491.61
T-shirt,SKU_1417,4484.73
T-shirt,SKU_1437,4483.17
T-shirt,SKU_1737,4474.93
T-shirt,SKU_1431,4467.49
T-shirt,SKU_1163,4459.72
T-shirt,SKU_1899,4456.29
T-shirt,SKU_1440,4413.17
T-shirt,SKU_1120,4398.34
T-shirt,SKU_1818,4383.71
T-shirt,SKU_1882,4370.67
T-shirt,SKU_1165,4370.13
T-shirt,SKU_1816,4366.97
T-shirt,SKU_1512,4366.88
T-shirt,SKU_1392,4351.53
T-shirt,SKU_1796,4339.89
T-shirt,SKU_1063,4319.54
T-shirt,SKU_1139,4318.15
T-shirt,SKU_1952,4307.76
T-shirt,SKU_1738,4300.5
T-shirt,SKU_1845,4295.54
T-shirt,SKU_1230,4288.7
T-shirt,SKU_1502,4277.92
T-shirt,SKU_1660,4263.61
T-shirt,SKU_1644,4259.4
T-shirt,SKU_1621,4256.31
T-shirt,SKU_1044,4255.37
T-shirt,SKU_1019,4254.27
T-shirt,SKU_1778,4247.72
T-shirt,SKU_1489,4238.05
T-shirt,SKU_1131,4233.04
T-shirt,SKU_1134,4228.05
T-shirt,SKU_1648,4226.05
T-shirt,SKU_1372,4217.21
T-shirt,SKU_1397,4208.16
T-shirt,SKU_1398,4199.23
T-shirt,SKU_1875,4191.54
T-shirt,SKU_1496,4188.88
T-shirt,SKU_1733,4175.15
T-shirt,SKU_1020,4150.91
T-shirt,SKU_1539,4147.83
T-shirt,SKU_1191,4138.63
T-shirt,SKU_1782,4137.25
T-shirt,SKU_1426,4121.29
T-shirt,SKU_1666,4119.88
T-shirt,SKU_1188,4093.5
T-shirt,SKU_1320,4092.1
T-shirt,SKU_1694,4090.98
T-shirt,SKU_1822,4090.69
T-shirt,SKU_1695,4080.82
T-shirt,SKU_1051,4073.91
T-shirt,SKU_1344,4063.64
T-shirt,SKU_1014,4056.79
T-shirt,SKU_1484,4036.49
T-shirt,SKU_1194,4032.73
T-shirt,SKU_1594,4018.81
T-shirt,SKU_1634,4010.08
T-shirt,SKU_1459,4009.99
T-shirt,SKU_1500,4006.05
T-shirt,SKU_1242,4001.74
T-shirt,SKU_1827,4000.93
T-shirt,SKU_1214,3987.16
T-shirt,SKU_1002,3984.74
T-shirt,SKU_1052,3979.46
T-shirt,SKU_1453,3973.69
T-shirt,SKU_1996,3969.74
T-shirt,SKU_1841,3968.92
T-shirt,SKU_1033,3968.31
T-shirt,SKU_1655,3961.29
T-shirt,SKU_1443,3958.44
T-shirt,SKU_1056,3951.13
T-shirt,SKU_1001,3933.89
T-shirt,SKU_1628,3933.16
T-shirt,SKU_1981,3930.06
T-shirt,SKU_1920,3928.48
T-shirt,SKU_1561,3927.51
T-shirt,SKU_1199,3920.26
T-shirt,SKU_1116,3904.19
T-shirt,SKU_1461,3898.68
T-shirt,SKU_1790,3895.12
T-shirt,SKU_1725,3894.94
T-shirt,SKU_1495,3891.52
T-shirt,SKU_1294,3883.57
T-shirt,SKU_1658,3882.07
T-shirt,SKU_1003,3875.36
T-shirt,SKU_1789,3868.65
T-shirt,SKU_1630,3861.12
T-shirt,SKU_1955,3860.73
T-shirt,SKU_1485,3858.69
T-shirt,SKU_1692,3856.9
T-shirt,SKU_1280,3853.29
T-shirt,SKU_1476,3847.2
T-shirt,SKU_1967,3837.29
T-shirt,SKU_1308,3834.63
T-shirt,SKU_1518,3828.11
T-shirt,SKU_1342,3827.7
T-shirt,SKU_1259,3808.51
T-shirt,SKU_1945,3807.46
T-shirt,SKU_1083,3802.02
T-shirt,SKU_1105,3799.76
T-shirt,SKU_1389,3796.85
T-shirt,SKU_1469,3785.23
T-shirt,SKU_1452,3776.61
T-shirt,SKU_1257,3776.0
T-shirt,SKU_1303,3770.31
T-shirt,SKU_1144,3766.18
T-shirt,SKU_1693,3762.57
T-shirt,SKU_1062,3761.93
T-shirt,SKU_1142,3755.43
T-shirt,SKU_1341,3754.58
T-shirt,SKU_1421,3731.48
T-shirt,SKU_1597,3730.01
T-shirt,SKU_1395,3724.12
T-shirt,SKU_1090,3713.02
T-shirt,SKU_1631,3710.77
T-shirt,SKU_1546,3703.97
T-shirt,SKU_1599,3697.96
T-shirt,SKU_1072,3667.88
T-shirt,SKU_1472,3664.01
T-shirt,SKU_1607,3663.64
T-shirt,SKU_1373,3647.81
T-shirt,SKU_1473,3643.86
T-shirt,SKU_1099,3637.95
T-shirt,SKU_1971,3630.15
T-shirt,SKU_1590,3629.66
T-shirt,SKU_1361,3623.3
T-shirt,SKU_1326,3622.26
T-shirt,SKU_1536,3621.28
T-shirt,SKU_1589,3608.03
T-shirt,SKU_1387,3607.73
T-shirt,SKU_1110,3586.01
T-shirt,SKU_1277,3579.84
T-shirt,SKU_1000,3578.51
T-shirt,SKU_1683,3578.42
T-shirt,SKU_1759,3564.24
T-shirt,SKU_1916,3559.54
T-shirt,SKU_1769,3542.61
T-shirt,SKU_1777,3520.54
T-shirt,SKU_1298,3517.85
T-shirt,SKU_1535,3513.13
T-shirt,SKU_1225,3508.03
T-shirt,SKU_1898,3505.57
T-shirt,SKU_1688,3505.27
T-shirt,SKU_1097,3493.53
T-shirt,SKU_1668,3470.3
T-shirt,SKU_1274,3463.13
T-shirt,SKU_1774,3448.98
T-shirt,SKU_1924,3440.7
T-shirt,SKU_1868,3426.37
T-shirt,SKU_1527,3408.84
T-shirt,SKU_1883,3403.25
T-shirt,SKU_1380,3399.09
T-shirt,SKU_1927,3396.25
T-shirt,SKU_1404,3395.15
T-shirt,SKU_1906,3392.18
T-shirt,SKU_1335,3385.25
T-shirt,SKU_1926,3379.89
T-shirt,SKU_1513,3354.34
T-shirt,SKU_1534,3348.29
T-shirt,SKU_1961,3343.31
T-shirt,SKU_1497,3343.23
T-shirt,SKU_1275,3341.32
T-shirt,SKU_1993,3340.17
T-shirt,SKU_1487,3340.06
T-shirt,SKU_1859,3329.0
T-shirt,SKU_1650,3322.12
T-shirt,SKU_1873,3317.07
T-shirt,SKU_1156,3285.63
T-shirt,SKU_1127,3275.48
T-shirt,SKU_1711,3272.96
T-shirt,SKU_1293,3270.77
T-shirt,SKU_1706,3269.37
T-shirt,SKU_1735,3267.39
T-shirt,SKU_1772,3255.34
T-shirt,SKU_1483,3253.77
T-shirt,SKU_1530,3253.74
T-shirt,SKU_1383,3239.73
T-shirt,SKU_1430,3232.73
T-shirt,SKU_1374,3225.78
T-shirt,SKU_1055,3222.71
T-shirt,SKU_1181,3220.18
T-shirt,SKU_1833,3219.7
T-shirt,SKU_1503,3217.36
T-shirt,SKU_1574,3211.54
T-shirt,SKU_1349,3203.69
T-shirt,SKU_1521,3203.24
T-shirt,SKU_1887,3202.85
T-shirt,SKU_1384,3182.54
T-shirt,SKU_1031,3173.56
T-shirt,SKU_1093,3173.38
T-shirt,SKU_1766,3161.1
T-shirt,SKU_1653,3148.38
T-shirt,SKU_1465,3137.88
T-shirt,SKU_1896,3127.76
T-shirt,SKU_1687,3126.47
T-shirt,SKU_1601,3121.92
T-shirt,SKU_1219,3117.82
T-shirt,SKU_1005,3117.64
T-shirt,SKU_1370,3100.81
T-shirt,SKU_1088,3100.6
T-shirt,SKU_1313,3100.34
T-shirt,SKU_1674,3100.16
T-shirt,SKU_1039,3086.91
T-shirt,SKU_1260,3082.57
T-shirt,SKU_1263,3079.77
T-shirt,SKU_1850,3072.58
T-shirt,SKU_1554,3061.79
T-shirt,SKU_1528,3059.63
T-shirt,SKU_1319,3049.29
T-shirt,SKU_1336,3042.43
T-shirt,SKU_1844,3034.36
T-shirt,SKU_1800,3023.7
T-shirt,SKU_1265,3013.66
T-shirt,SKU_1846,3008.33
T-shirt,SKU_1905,3003.33
T-shirt,SKU_1788,3002.73
T-shirt,SKU_1582,2983.02
T-shirt,SKU_1637,2971.53
T-shirt,SKU_1403,2970.19
T-shirt,SKU_1857,2958.17
T-shirt,SKU_1719,2958.1
T-shirt,SKU_1968,2957.57
T-shirt,SKU_1462,2953.09
T-shirt,SKU_1566,2949.44
T-shirt,SKU_1787,2946.49
T-shirt,SKU_1030,2932.02
T-shirt,SKU_1450,2931.17
T-shirt,SKU_1682,2921.11
T-shirt,SKU_1076,2920.49
T-shirt,SKU_1205,2917.06
T-shirt,SKU_1754,2903.46
T-shirt,SKU_1138,2895.07
T-shirt,SKU_1805,2888.8
T-shirt,SKU_1593,2885.42
T-shirt,SKU_1085,2876.46
T-shirt,SKU_1022,2873.76
T-shirt,SKU_1941,2873.55
T-shirt,SKU_1972,2863.36
T-shirt,SKU_1351,2847.5
T-shirt,SKU_1104,2835.89
T-shirt,SKU_1060,2810.16
T-shirt,SKU_1084,2810.1
T-shirt,SKU_1365,2805.92
T-shirt,SKU_1172,2796.86
T-shirt,SKU_1580,2796.31
T-shirt,SKU_1562,2794.23
T-shirt,SKU_1715,2794.08
T-shirt,SKU_1151,2783.86
T-shirt,SKU_1420,2776.67
T-shirt,SKU_1266,2774.97
T-shirt,SKU_1237,2774.05
T-shirt,SKU_1773,2768.24
T-shirt,SKU_1053,2756.41
T-shirt,SKU_1806,2754.72
T-shirt,SKU_1379,2752.39
T-shirt,SKU_1897,2742.49
T-shirt,SKU_1291,2738.23
T-shirt,SKU_1017,2714.38
T-shirt,SKU_1891,2706.99
T-shirt,SKU_1068,2698.08
T-shirt,SKU_1148,2695.94
T-shirt,SKU_1792,2690.34
T-shirt,SKU_1951,2688.78
T-shirt,SKU_1467,2685.97
T-shirt,SKU_1751,2663.82
T-shirt,SKU_1402,2662.01
T-shirt,SKU_1119,2653.21
T-shirt,SKU_1645,2650.87
T-shirt,SKU_1609,2624.45
T-shirt,SKU_1504,2621.03
T-shirt,SKU_1932,2620.56
T-shirt,SKU_1770,2617.22
T-shirt,SKU_1353,2602.37
T-shirt,SKU_1492,2598.02
T-shirt,SKU_1669,2594.9
T-shirt,SKU_1130,2593.35
T-shirt,SKU_1170,2590.66
T-shirt,SKU_1665,2587.19
T-shirt,SKU_1444,2569.82
T-shirt,SKU_1690,2565.38
T-shirt,SKU_1989,2558.75
T-shirt,SKU_1581,2556.36
T-shirt,SKU_1538,2551.56
T-shirt,SKU_1081,2548.8
T-shirt,SKU_1732,2545.8
T-shirt,SKU_1731,2540.12
T-shirt,SKU_1933,2531.54
T-shirt,SKU_1164,2529.15
T-shirt,SKU_1347,2519.49
T-shirt,SKU_1359,2518.79
T-shirt,SKU_1273,2512.68
T-shirt,SKU_1583,2506.17
T-shirt,SKU_1285,2505.25
T-shirt,SKU_1232,2496.68
T-shirt,SKU_1091,2494.76
T-shirt,SKU_1680,2491.72
T-shirt,SKU_1360,2484.22
T-shirt,SKU_1998,2479.53
T-shirt,SKU_1786,2451.77
T-shirt,SKU_1315,2444.05
T-shirt,SKU_1393,2433.79
T-shirt,SKU_1195,2432.43
T-shirt,SKU_1515,2404.91
T-shirt,SKU_1215,2404.74
T-shirt,SKU_1623,2392.53
T-shirt,SKU_1220,2391.85
T-shirt,SKU_1940,2380.29
T-shirt,SKU_1121,2379.55
T-shirt,SKU_1934,2377.65
T-shirt,SKU_1514,2375.67
T-shirt,SKU_1226,2375.27
T-shirt,SKU_1463,2367.7
T-shirt,SKU_1079,2345.03
T-shirt,SKU_1784,2343.24
T-shirt,SKU_1168,2324.52
T-shirt,SKU_1296,2319.31
T-shirt,SKU_1714,2318.77
T-shirt,SKU_1185,2312.11
T-shirt,SKU_1791,2311.09
T-shirt,SKU_1419,2304.09
T-shirt,SKU_1424,2297.82
T-shirt,SKU_1948,2295.64
T-shirt,SKU_1572,2279.52
T-shirt,SKU_1166,2275.29
T-shirt,SKU_1516,2272.4
T-shirt,SKU_1685,2271.88
T-shirt,SKU_1478,2268.36
T-shirt,SKU_1557,2267.3
T-shirt,SKU_1525,2266.7
T-shirt,SKU_1058,2252.78
T-shirt,SKU_1129,2252.34
T-shirt,SKU_1930,2244.08
T-shirt,SKU_1442,2226.42
T-shirt,SKU_1468,2223.7
T-shirt,SKU_1746,2218.32
T-shirt,SKU_1501,2215.79
T-shirt,SKU_1049,2214.28
T-shirt,SKU_1935,2213.63
T-shirt,SKU_1244,2210.15
T-shirt,SKU_1678,2209.59
T-shirt,SKU_1835,2195.66
T-shirt,SKU_1270,2193.03
T-shirt,SKU_1086,2187.22
T-shirt,SKU_1439,2165.22
T-shirt,SKU_1471,2163.74
T-shirt,SKU_1803,2163.71
T-shirt,SKU_1722,2154.98
T-shirt,SKU_1498,2153.53
T-shirt,SKU_1123,2145.58
T-shirt,SKU_1212,2140.03
T-shirt,SKU_1591,2138.94
T-shirt,SKU_1269,2136.57
T-shirt,SKU_1066,2136.38
T-shirt,SKU_1488,2133.17
T-shirt,SKU_1624,2121.83
T-shirt,SKU_1939,2119.66
T-shirt,SKU_1307,2118.5
T-shirt,SKU_1863,2118.07
T-shirt,SKU_1647,2113.28
T-shirt,SKU_1664,2108.26
T-shirt,SKU_1698,2106.85
T-shirt,SKU_1441,2105.24
T-shirt,SKU_1217,2103.36
T-shirt,SKU_1133,2094.56
T-shirt,SKU_1299,2091.25
T-shirt,SKU_1659,2080.76
T-shirt,SKU_1187,2080.17
T-shirt,SKU_1021,2070.12
T-shirt,SKU_1149,2066.58
T-shirt,SKU_1555,2065.37
T-shirt,SKU_1726,2063.45
T-shirt,SKU_1382,2060.58
T-shirt,SKU_1253,2057.7
T-shirt,SKU_1832,2056.56
T-shirt,SKU_1041,2055.2
T-shirt,SKU_1047,2052.52
T-shirt,SKU_1023,2022.91
T-shirt,SKU_1713,2022.66
T-shirt,SKU_1966,2016.81
T-shirt,SKU_1013,2011.99
T-shirt,SKU_1767,2007.4
T-shirt,SKU_1197,1993.22
T-shirt,SKU_1661,1977.25
T-shirt,SKU_1727,1975.13
T-shirt,SKU_1251,1973.98
T-shirt,SKU_1825,1973.52
T-shirt,SKU_1203,1971.09
T-shirt,SKU_1749,1968.99
T-shirt,SKU_1201,1952.15
T-shirt,SKU_1559,1943.25
T-shirt,SKU_1494,1930.97
T-shirt,SKU_1035,1928.53
T-shirt,SKU_1614,1921.39
T-shirt,SKU_1287,1918.9
T-shirt,SKU_1224,1916.95
T-shirt,SKU_1744,1910.48
T-shirt,SKU_1432,1910.46
T-shirt,SKU_1723,1903.38
T-shirt,SKU_1570,1901.43
T-shirt,SKU_1734,1894.7
T-shirt,SKU_1840,1892.43
T-shirt,SKU_1479,1886.57
T-shirt,SKU_1100,1885.81
T-shirt,SKU_1819,1883.21
T-shirt,SKU_1895,1882.06
T-shirt,SKU_1541,1881.08
T-shirt,SKU_1147,1870.09
T-shirt,SKU_1700,1862.14
T-shirt,SKU_1258,1842.92
T-shirt,SKU_1391,1841.79
T-shirt,SKU_1520,1837.04
T-shirt,SKU_1059,1834.14
T-shirt,SKU_1247,1812.62
T-shirt,SKU_1317,1808.51
T-shirt,SKU_1586,1806.3
T-shirt,SKU_1405,1793.09
T-shirt,SKU_1627,1781.5
T-shirt,SKU_1378,1775.98
T-shirt,SKU_1747,1758.15
T-shirt,SKU_1346,1756.39
T-shirt,SKU_1082,1754.32
T-shirt,SKU_1268,1743.38
T-shirt,SKU_1798,1737.55
T-shirt,SKU_1339,1736.38
T-shirt,SKU_1946,1720.47
T-shirt,SKU_1814,1714.33
T-shirt,SKU_1633,1685.86
T-shirt,SKU_1922,1683.92
T-shirt,SKU_1288,1681.02
T-shirt,SKU_1032,1650.91
T-shirt,SKU_1550,1644.07
T-shirt,SKU_1510,1622.98
T-shirt,SKU_1466,1622.32
T-shirt,SKU_1321,1615.58
T-shirt,SKU_1909,1614.18
T-shirt,SKU_1029,1607.72
T-shirt,SKU_1162,1575.2
T-shirt,SKU_1612,1571.3
T-shirt,SKU_1337,1563.67
T-shirt,SKU_1401,1562.38
T-shirt,SKU_1949,1556.89
T-shirt,SKU_1174,1553.3
T-shirt,SKU_1128,1543.57
T-shirt,SKU_1475,1522.87
T-shirt,SKU_1122,1519.11
T-shirt,SKU_1588,1519.02
T-shirt,SKU_1987,1494.09
T-shirt,SKU_1603,1485.72
T-shirt,SKU_1413,1483.24
T-shirt,SKU_1762,1482.15
T-shirt,SKU_1111,1480.46
T-shirt,SKU_1918,1475.18
T-shirt,SKU_1848,1464.67
T-shirt,SKU_1931,1455.16
T-shirt,SKU_1843,1448.11
T-shirt,SKU_1193,1432.95
T-shirt,SKU_1322,1425.02
T-shirt,SKU_1252,1400.81
T-shirt,SKU_1802,1397.4
T-shirt,SKU_1976,1388.45
T-shirt,SKU_1888,1386.92
T-shirt,SKU_1334,1383.98
T-shirt,SKU_1604,1379.93
T-shirt,SKU_1804,1359.01
T-shirt,SKU_1793,1324.51
T-shirt,SKU_1040,1320.36
T-shirt,SKU_1460,1309.46
T-shirt,SKU_1414,1288.63
T-shirt,SKU_1302,1287.97
T-shirt,SKU_1622,1275.45
T-shirt,SKU_1102,1261.25
T-shirt,SKU_1533,1258.71
T-shirt,SKU_1348,1246.65
T-shirt,SKU_1741,1229.76
T-shirt,SKU_1544,1229.7
T-shirt,SKU_1025,1228.98
T-shirt,SKU_1618,1216.1
T-shirt,SKU_1991,1185.98
T-shirt,SKU_1524,1181.43
T-shirt,SKU_1642,1168.76
T-shirt,SKU_1024,1160.95
T-shirt,SKU_1914,1150.66
T-shirt,SKU_1760,1145.69
T-shirt,SKU_1423,1128.73
T-shirt,SKU_1865,1123.88
T-shirt,SKU_1532,1113.84
T-shirt,SKU_1241,1109.85
T-shirt,SKU_1210,1101.2
T-shirt,SKU_1872,1099.09
T-shirt,SKU_1880,1097.13
T-shirt,SKU_1028,1089.89
T-shirt,SKU_1831,1089.51
T-shirt,SKU_1985,1089.47
T-shirt,SKU_1367,1083.82
T-shirt,SKU_1011,1080.95
T-shirt,SKU_1649,1068.9
T-shirt,SKU_1136,1061.71
T-shirt,SKU_1839,1059.03
T-shirt,SKU_1646,1025.92
T-shirt,SKU_1545,1020.01
T-shirt,SKU_1089,1002.1
T-shirt,SKU_1190,995.39
T-shirt,SKU_1963,989.14
T-shirt,SKU_1811,987.87
T-shirt,SKU_1576,981.39
T-shirt,SKU_1458,966.58
T-shirt,SKU_1810,958.0
T-shirt,SKU_1571,917.39
T-shirt,SKU_1856,913.32
T-shirt,SKU_1826,907.63
T-shirt,SKU_1893,907.07
T-shirt,SKU_1783,904.68
T-shirt,SKU_1573,894.46
T-shirt,SKU_1095,894.31
T-shirt,SKU_1626,872.83
T-shirt,SKU_1775,868.44
T-shirt,SKU_1507,865.28
T-shirt,SKU_1729,859.25
T-shirt,SKU_1912,853.09
T-shirt,SKU_1250,848.7
T-shirt,SKU_1505,848.09
T-shirt,SKU_1075,846.36
T-shirt,SKU_1249,844.83
T-shirt,SKU_1445,843.52
T-shirt,SKU_1686,835.52
T-shirt,SKU_1577,832.62
T-shirt,SKU_1551,831.8
T-shirt,SKU_1809,831.23
T-shirt,SKU_1764,829.65
T-shirt,SKU_1799,805.64
T-shirt,SKU_1456,801.27
T-shirt,SKU_1331,794.14
T-shirt,SKU_1575,775.44
T-shirt,SKU_1356,748.48
T-shirt,SKU_1350,745.32
T-shirt,SKU_1997,744.46
T-shirt,SKU_1408,743.5
T-shirt,SKU_1556,740.93
T-shirt,SKU_1506,734.58
T-shirt,SKU_1707,734.47
T-shirt,SKU_1681,727.49
T-shirt,SKU_1635,726.8
T-shirt,SKU_1018,712.1
T-shirt,SKU_1712,706.29
T-shirt,SKU_1851,704.79
T-shirt,SKU_1235,695.67
T-shirt,SKU_1328,689.63
T-shirt,SKU_1763,672.94
T-shirt,SKU_1552,660.04
T-shirt,SKU_1708,635.24
T-shirt,SKU_1306,634.64
T-shirt,SKU_1117,625.02
T-shirt,SKU_1861,615.03
T-shirt,SKU_1768,610.58
T-shirt,SKU_1357,565.12
T-shirt,SKU_1709,554.65
T-shirt,SKU_1874,545.5
T-shirt,SKU_1352,525.14
T-shirt,SKU_1915,502.67
T-shirt,SKU_1828,457.91
T-shirt,SKU_1106,433.71
T-shirt,SKU_1750,432.47
T-shirt,SKU_1736,402.19
T-shirt,SKU_1643,392.92
T-shirt,SKU_1482,360.32
T-shirt,SKU_1699,353.92
T-shirt,SKU_1600,353.85
T-shirt,SKU_1779,334.23
T-shirt,SKU_1890,279.78
T-shirt,SKU_1073,263.36
T-shirt,SKU_1064,240.6
T-shirt,SKU_1917,234.99
T-shirt,SKU_1286,205.99
T-shirt,SKU_1007,196.68
T-shirt,SKU_1523,195.8
T-shirt,SKU_1366,195.41
T-shirt,SKU_1548,192.54
T-shirt,SKU_1161,133.88
T-shirt,SKU_1689,85.24
T-shirt,SKU_1410,62.26
T-shirt,SKU_1564,61.4
T-shirt,SKU_1038,48.29
USB Cable,SKU_1923,14854.52
USB Cable,SKU_1825,14674.21
USB Cable,SKU_1828,14534.68
USB Cable,SKU_1464,13899.87
USB Cable,SKU_1780,13665.04
USB Cable,SKU_1997,13258.65
USB Cable,SKU_1924,13258.28
USB Cable,SKU_1300,13153.91
USB Cable,SKU_1526,13001.37
USB Cable,SKU_1630,12783.23
USB Cable,SKU_1357,12553.27
USB Cable,SKU_1359,12499.02
USB Cable,SKU_1791,12348.22
USB Cable,SKU_1938,12214.33
USB Cable,SKU_1569,12159.1
USB Cable,SKU_1587,11992.74
USB Cable,SKU_1621,11968.65
USB Cable,SKU_1329,11847.65
USB Cable,SKU_1113,11787.23
USB Cable,SKU_1918,11303.15
USB Cable,SKU_1902,11292.59
USB Cable,SKU_1805,11273.17
USB Cable,SKU_1204,11217.54
USB Cable,SKU_1990,11025.63
USB Cable,SKU_1870,10896.43
USB Cable,SKU_1273,10799.77
USB Cable,SKU_1104,10632.64
USB Cable,SKU_1771,10624.65
USB Cable,SKU_1738,10549.79
USB Cable,SKU_1523,10538.92
USB Cable,SKU_1373,10455.08
USB Cable,SKU_1602,10447.21
USB Cable,SKU_1848,10376.27
USB Cable,SKU_1693,10359.3
USB Cable,SKU_1541,10337.33
USB Cable,SKU_1250,10308.76
USB Cable,SKU_1213,10270.45
USB Cable,SKU_1227,10185.06
USB Cable,SKU_1259,10165.95
USB Cable,SKU_1899,10130.04
USB Cable,SKU_1948,10095.07
USB Cable,SKU_1627,9992.5
USB Cable,SKU_1246,9916.47
USB Cable,SKU_1762,9821.39
USB Cable,SKU_1503,9804.02
USB Cable,SKU_1542,9740.32
USB Cable,SKU_1095,9737.26
USB Cable,SKU_1003,9700.21
USB Cable,SKU_1590,9669.87
USB Cable,SKU_1065,9668.09
USB Cable,SKU_1154,9556.83
USB Cable,SKU_1005,9520.23
USB Cable,SKU_1348,9498.34
USB Cable,SKU_1510,9475.61
USB Cable,SKU_1145,9461.1
USB Cable,SKU_1799,9454.09
USB Cable,SKU_1743,9339.58
USB Cable,SKU_1135,9331.0
USB Cable,SKU_1237,9316.56
USB Cable,SKU_1053,9279.85
USB Cable,SKU_1758,9248.9
USB Cable,SKU_1029,9233.05
USB Cable,SKU_1043,9190.81
USB Cable,SKU_1911,9178.36
USB Cable,SKU_1775,9125.98
USB Cable,SKU_1262,9124.31
USB Cable,SKU_1795,9046.14
USB Cable,SKU_1368,9036.36
USB Cable,SKU_1160,9002.12
USB Cable,SKU_1293,9000.92
USB Cable,SKU_1170,8996.73
USB Cable,SKU_1641,8993.06
USB Cable,SKU_1845,8883.03
USB Cable,SKU_1970,8876.7
USB Cable,SKU_1797,8836.5
USB Cable,SKU_1258,8760.3
USB Cable,SKU_1186,8655.39
USB Cable,SKU_1741,8630.42
USB Cable,SKU_1206,8628.13
USB Cable,SKU_1567,8627.29
USB Cable,SKU_1075,8527.46
USB Cable,SKU_1760,8498.47
USB Cable,SKU_1406,8419.05
USB Cable,SKU_1158,8396.86
USB Cable,SKU_1454,8285.37
USB Cable,SKU_1161,8252.13
USB Cable,SKU_1106,8201.16
USB Cable,SKU_1964,8195.52
USB Cable,SKU_1232,8190.97
USB Cable,SKU_1117,8150.91
USB Cable,SKU_1017,8093.52
USB Cable,SKU_1437,8093.16
USB Cable,SKU_1023,8075.86
USB Cable,SKU_1638,8024.52
USB Cable,SKU_1724,8023.66
USB Cable,SKU_1984,7948.27
USB Cable,SKU_1930,7947.51
USB Cable,SKU_1543,7942.66
USB Cable,SKU_1222,7935.48
USB Cable,SKU_1922,7906.55
USB Cable,SKU_1171,7905.94
USB Cable,SKU_1090,7904.0
USB Cable,SKU_1267,7895.49
USB Cable,SKU_1387,7869.15
USB Cable,SKU_1886,7867.67
USB Cable,SKU_1973,7855.69
USB Cable,SKU_1439,7850.14
USB Cable,SKU_1647,7849.56
USB Cable,SKU_1632,7841.94
USB Cable,SKU_1696,7832.62
USB Cable,SKU_1900,7830.68
USB Cable,SKU_1254,7777.83
USB Cable,SKU_1987,7770.77
USB Cable,SKU_1759,7756.1
USB Cable,SKU_1745,7732.65
USB Cable,SKU_1497,7731.45
USB Cable,SKU_1187,7729.66
USB Cable,SKU_1664,7712.54
USB Cable,SKU_1789,7698.41
USB Cable,SKU_1830,7678.15
USB Cable,SKU_1433,7667.79
USB Cable,SKU_1230,7631.4
USB Cable,SKU_1665,7624.62
USB Cable,SKU_1716,7611.09
USB Cable,SKU_1382,7605.1
USB Cable,SKU_1042,7578.24
USB Cable,SKU_1169,7536.01
USB Cable,SKU_1846,7530.5
USB Cable,SKU_1669,7520.24
USB Cable,SKU_1557,7513.19
USB Cable,SKU_1402,7510.08
USB Cable,SKU_1484,7508.67
USB Cable,SKU_1885,7508.31
USB Cable,SKU_1182,7461.01
USB Cable,SKU_1296,7453.45
USB Cable,SKU_1208,7448.08
USB Cable,SKU_1688,7442.37
USB Cable,SKU_1939,7427.08
USB Cable,SKU_1875,7415.8
USB Cable,SKU_1977,7395.45
USB Cable,SKU_1908,7393.74
USB Cable,SKU_1416,7372.4
USB Cable,SKU_1737,7371.06
USB Cable,SKU_1054,7364.94
USB Cable,SKU_1318,7356.91
USB Cable,SKU_1589,7350.12
USB Cable,SKU_1181,7333.97
USB Cable,SKU_1168,7330.86
USB Cable,SKU_1815,7300.02
USB Cable,SKU_1028,7289.1
USB Cable,SKU_1326,7253.39
USB Cable,SKU_1981,7231.57
USB Cable,SKU_1436,7215.21
USB Cable,SKU_1305,7206.59
USB Cable,SKU_1453,7195.19
USB Cable,SKU_1518,7188.39
USB Cable,SKU_1457,7184.68
USB Cable,SKU_1244,7180.39
USB Cable,SKU_1440,7159.77
USB Cable,SKU_1386,7157.09
USB Cable,SKU_1361,7148.12
USB Cable,SKU_1072,7099.75
USB Cable,SKU_1094,7095.32
USB Cable,SKU_1236,7048.29
USB Cable,SKU_1921,7031.84
USB Cable,SKU_1763,7007.76
USB Cable,SKU_1118,6997.31
USB Cable,SKU_1483,6970.97
USB Cable,SKU_1555,6915.83
USB Cable,SKU_1933,6858.09
USB Cable,SKU_1335,6854.26
USB Cable,SKU_1788,6835.24
USB Cable,SKU_1064,6833.4
USB Cable,SKU_1363,6822.71
USB Cable,SKU_1277,6815.08
USB Cable,SKU_1096,6806.91
USB Cable,SKU_1547,6802.85
USB Cable,SKU_1883,6800.06
USB Cable,SKU_1679,6792.9
USB Cable,SKU_1179,6771.76
USB Cable,SKU_1441,6752.55
USB Cable,SKU_1286,6747.2
USB Cable,SKU_1568,6741.41
USB Cable,SKU_1597,6741.26
USB Cable,SKU_1369,6739.74
USB Cable,SKU_1968,6727.61
USB Cable,SKU_1816,6724.04
USB Cable,SKU_1084,6719.95
USB Cable,SKU_1010,6701.1
USB Cable,SKU_1396,6697.91
USB Cable,SKU_1470,6644.29
USB Cable,SKU_1685,6619.32
USB Cable,SKU_1658,6615.41
USB Cable,SKU_1198,6612.94
USB Cable,SKU_1505,6585.78
USB Cable,SKU_1129,6581.69
USB Cable,SKU_1245,6580.24
USB Cable,SKU_1793,6546.27
USB Cable,SKU_1952,6546.04
USB Cable,SKU_1320,6541.94
USB Cable,SKU_1192,6538.32
USB Cable,SKU_1304,6514.17
USB Cable,SKU_1536,6483.42
USB Cable,SKU_1731,6466.78
USB Cable,SKU_1767,6463.01
USB Cable,SKU_1108,6454.52
USB Cable,SKU_1729,6451.74
USB Cable,SKU_1026,6413.45
USB Cable,SKU_1428,6387.1
USB Cable,SKU_1379,6369.36
USB Cable,SKU_1184,6351.91
USB Cable,SKU_1616,6344.78
USB Cable,SKU_1119,6334.94
USB Cable,SKU_1562,6307.42
USB Cable,SKU_1812,6301.84
USB Cable,SKU_1301,6298.17
USB Cable,SKU_1599,6246.7
USB Cable,SKU_1188,6240.81
USB Cable,SKU_1271,6231.88
USB Cable,SKU_1606,6230.75
USB Cable,SKU_1957,6223.07
USB Cable,SKU_1710,6216.74
USB Cable,SKU_1839,6215.79
USB Cable,SKU_1581,6158.99
USB Cable,SKU_1985,6154.76
USB Cable,SKU_1657,6153.87
USB Cable,SKU_1834,6142.67
USB Cable,SKU_1251,6101.41
USB Cable,SKU_1060,6097.41
USB Cable,SKU_1907,6095.68
USB Cable,SKU_1243,6081.78
USB Cable,SKU_1636,6072.23
USB Cable,SKU_1390,6062.43
USB Cable,SKU_1733,6061.84
USB Cable,SKU_1690,6055.16
USB Cable,SKU_1584,6027.55
USB Cable,SKU_1661,6026.95
USB Cable,SKU_1769,6015.23
USB Cable,SKU_1878,6012.23
USB Cable,SKU_1892,6006.64
USB Cable,SKU_1495,5990.25
USB Cable,SKU_1444,5989.2
USB Cable,SKU_1376,5974.78
USB Cable,SKU_1229,5970.12
USB Cable,SKU_1950,5961.16
USB Cable,SKU_1037,5918.77
USB Cable,SKU_1604,5912.32
USB Cable,SKU_1605,5906.77
USB Cable,SKU_1225,5897.42
USB Cable,SKU_1080,5893.57
USB Cable,SKU_1953,5886.3
USB Cable,SKU_1619,5882.04
USB Cable,SKU_1893,5878.62
USB Cable,SKU_1311,5864.87
USB Cable,SKU_1624,5858.64
USB Cable,SKU_1364,5854.59
USB Cable,SKU_1552,5835.88
USB Cable,SKU_1612,5832.36
USB Cable,SKU_1397,5815.02
USB Cable,SKU_1355,5811.91
USB Cable,SKU_1867,5810.91
USB Cable,SKU_1115,5796.93
USB Cable,SKU_1703,5796.83
USB Cable,SKU_1378,5771.78
USB Cable,SKU_1153,5766.35
USB Cable,SKU_1176,5760.25
USB Cable,SKU_1764,5747.39
USB Cable,SKU_1672,5745.7
USB Cable,SKU_1857,5741.38
USB Cable,SKU_1715,5735.18
USB Cable,SKU_1482,5728.11
USB Cable,SKU_1107,5723.51
USB Cable,SKU_1185,5716.0
USB Cable,SKU_1687,5681.71
USB Cable,SKU_1189,5681.33
USB Cable,SKU_1461,5671.81
USB Cable,SKU_1383,5659.9
USB Cable,SKU_1897,5656.14
USB Cable,SKU_1995,5654.94
USB Cable,SKU_1699,5634.95
USB Cable,SKU_1734,5629.86
USB Cable,SKU_1413,5587.17
USB Cable,SKU_1352,5575.6
USB Cable,SKU_1876,5561.21
USB Cable,SKU_1507,5527.44
USB Cable,SKU_1007,5524.06
USB Cable,SKU_1477,5522.41
USB Cable,SKU_1046,5509.62
USB Cable,SKU_1992,5507.49
USB Cable,SKU_1314,5491.91
USB Cable,SKU_1600,5490.1
USB Cable,SKU_1438,5481.34
USB Cable,SKU_1120,5480.2
USB Cable,SKU_1917,5479.59
USB Cable,SKU_1235,5476.47
USB Cable,SKU_1553,5471.88
USB Cable,SKU_1039,5470.51
USB Cable,SKU_1124,5469.74
USB Cable,SKU_1575,5464.2
USB Cable,SKU_1323,5460.06
USB Cable,SKU_1069,5458.03
USB Cable,SKU_1150,5449.9
USB Cable,SKU_1143,5431.92
USB Cable,SKU_1276,5422.7
USB Cable,SKU_1445,5422.29
USB Cable,SKU_1935,5421.53
USB Cable,SKU_1306,5408.38
USB Cable,SKU_1061,5404.46
USB Cable,SKU_1418,5400.68
USB Cable,SKU_1167,5382.08
USB Cable,SKU_1803,5371.21
USB Cable,SKU_1319,5345.24
USB Cable,SKU_1706,5342.0
USB Cable,SKU_1648,5325.51
USB Cable,SKU_1343,5313.63
USB Cable,SKU_1389,5305.03
USB Cable,SKU_1947,5304.18
USB Cable,SKU_1315,5302.66
USB Cable,SKU_1752,5290.62
USB Cable,SKU_1022,5289.53
USB Cable,SKU_1695,5272.95
USB Cable,SKU_1610,5271.14
USB Cable,SKU_1163,5268.43
USB Cable,SKU_1298,5260.53
USB Cable,SKU_1988,5253.89
USB Cable,SKU_1137,5242.57
USB Cable,SKU_1561,5236.6
USB Cable,SKU_1996,5235.45
USB Cable,SKU_1407,5222.96
USB Cable,SKU_1713,5219.65
USB Cable,SKU_1579,5214.7
USB Cable,SKU_1916,5207.54
USB Cable,SKU_1851,5194.75
USB Cable,SKU_1538,5186.56
USB Cable,SKU_1309,5120.71
USB Cable,SKU_1531,5112.55
USB Cable,SKU_1295,5111.22
USB Cable,SKU_1836,5099.42
USB Cable,SKU_1546,5098.89
USB Cable,SKU_1689,5093.27
USB Cable,SKU_1818,5085.86
USB Cable,SKU_1967,5062.34
USB Cable,SKU_1458,5061.94
USB Cable,SKU_1961,5058.12
USB Cable,SKU_1817,5056.85
USB Cable,SKU_1291,5046.32
USB Cable,SKU_1016,5043.16
USB Cable,SKU_1770,5034.23
USB Cable,SKU_1571,5022.75
USB Cable,SKU_1554,5005.25
USB Cable,SKU_1297,5003.88
USB Cable,SKU_1211,5002.99
USB Cable,SKU_1333,4995.85
USB Cable,SKU_1101,4991.5
USB Cable,SKU_1330,4981.66
USB Cable,SKU_1835,4978.67
USB Cable,SKU_1289,4952.2
USB Cable,SKU_1085,4912.93
USB Cable,SKU_1367,4908.43
USB Cable,SKU_1280,4907.84
USB Cable,SKU_1268,4904.72
USB Cable,SKU_1381,4895.67
USB Cable,SKU_1794,4887.64
USB Cable,SKU_1796,4885.3
USB Cable,SKU_1419,4875.98
USB Cable,SKU_1783,4862.47
USB Cable,SKU_1635,4846.71
USB Cable,SKU_1838,4840.8
USB Cable,SKU_1447,4831.16
USB Cable,SKU_1778,4813.94
USB Cable,SKU_1218,4808.15
USB Cable,SKU_1417,4804.39
USB Cable,SKU_1515,4800.6
USB Cable,SKU_1087,4764.9
USB Cable,SKU_1337,4761.75
USB Cable,SKU_1468,4759.93
USB Cable,SKU_1607,4758.87
USB Cable,SKU_1265,4756.33
USB Cable,SKU_1949,4733.36
USB Cable,SKU_1414,4727.99
USB Cable,SKU_1927,4718.53
USB Cable,SKU_1611,4714.09
USB Cable,SKU_1031,4704.97
USB Cable,SKU_1637,4693.33
USB Cable,SKU_1067,4685.43
USB Cable,SKU_1078,4685.21
USB Cable,SKU_1748,4683.16
USB Cable,SKU_1749,4679.12
USB Cable,SKU_1781,4672.28
USB Cable,SKU_1717,4671.9
USB Cable,SKU_1548,4663.27
USB Cable,SKU_1528,4641.71
USB Cable,SKU_1586,4624.76
USB Cable,SKU_1264,4623.42
USB Cable,SKU_1146,4612.24
USB Cable,SKU_1057,4586.71
USB Cable,SKU_1011,4578.1
USB Cable,SKU_1617,4573.06
USB Cable,SKU_1224,4567.13
USB Cable,SKU_1524,4558.65
USB Cable,SKU_1471,4549.93
USB Cable,SKU_1144,4547.03
USB Cable,SKU_1691,4545.52
USB Cable,SKU_1580,4538.82
USB Cable,SKU_1868,4537.13
USB Cable,SKU_1462,4536.81
USB Cable,SKU_1558,4536.29
USB Cable,SKU_1215,4535.21
USB Cable,SKU_1013,4532.22
USB Cable,SKU_1671,4527.7
USB Cable,SKU_1768,4523.86
USB Cable,SKU_1411,4521.96
USB Cable,SKU_1490,4520.57
USB Cable,SKU_1725,4517.97
USB Cable,SKU_1684,4512.83
USB Cable,SKU_1955,4504.95
USB Cable,SKU_1623,4503.1
USB Cable,SKU_1954,4501.15
USB Cable,SKU_1062,4474.58
USB Cable,SKU_1302,4473.86
USB Cable,SKU_1058,4462.96
USB Cable,SKU_1077,4443.31
USB Cable,SKU_1670,4425.95
USB Cable,SKU_1342,4422.78
USB Cable,SKU_1809,4415.32
USB Cable,SKU_1197,4411.8
USB Cable,SKU_1598,4389.49
USB Cable,SKU_1740,4368.38
USB Cable,SKU_1388,4360.89
USB Cable,SKU_1299,4357.07
USB Cable,SKU_1443,4341.24
USB Cable,SKU_1614,4299.63
USB Cable,SKU_1533,4283.63
USB Cable,SKU_1339,4283.1
USB Cable,SKU_1148,4262.2
USB Cable,SKU_1491,4259.09
USB Cable,SKU_1172,4258.24
USB Cable,SKU_1422,4249.46
USB Cable,SKU_1931,4242.62
USB Cable,SKU_1287,4237.22
USB Cable,SKU_1652,4236.6
USB Cable,SKU_1976,4226.96
USB Cable,SKU_1375,4223.61
USB Cable,SKU_1573,4220.27
USB Cable,SKU_1099,4219.18
USB Cable,SKU_1975,4217.94
USB Cable,SKU_1890,4217.03
USB Cable,SKU_1527,4215.02
USB Cable,SKU_1667,4214.65
USB Cable,SKU_1869,4187.84
USB Cable,SKU_1125,4186.35
USB Cable,SKU_1152,4182.06
USB Cable,SKU_1002,4174.5
USB Cable,SKU_1431,4169.99
USB Cable,SKU_1622,4169.69
USB Cable,SKU_1842,4165.15
USB Cable,SKU_1098,4164.9
USB Cable,SKU_1466,4163.0
USB Cable,SKU_1093,4133.09
USB Cable,SKU_1219,4132.42
USB Cable,SKU_1127,4128.94
USB Cable,SKU_1488,4122.06
USB Cable,SKU_1465,4120.59
USB Cable,SKU_1079,4119.96
USB Cable,SKU_1701,4119.16
USB Cable,SKU_1787,4117.92
USB Cable,SKU_1785,4116.98
USB Cable,SKU_1653,4113.93
USB Cable,SKU_1675,4109.96
USB Cable,SKU_1798,4102.53
USB Cable,SKU_1066,4093.44
USB Cable,SKU_1308,4089.67
USB Cable,SKU_1284,4082.69
USB Cable,SKU_1346,4078.34
USB Cable,SKU_1574,4077.55
USB Cable,SKU_1666,4073.93
USB Cable,SKU_1038,4072.7
USB Cable,SKU_1822,4049.71
USB Cable,SKU_1238,4043.3
USB Cable,SKU_1945,4039.37
USB Cable,SKU_1765,4023.81
USB Cable,SKU_1207,4012.17
USB Cable,SKU_1322,4005.18
USB Cable,SKU_1663,3999.44
USB Cable,SKU_1450,3996.09
USB Cable,SKU_1377,3983.98
USB Cable,SKU_1455,3970.34
USB Cable,SKU_1112,3967.57
USB Cable,SKU_1906,3955.64
USB Cable,SKU_1159,3953.89
USB Cable,SKU_1735,3950.7
USB Cable,SKU_1891,3948.42
USB Cable,SKU_1409,3935.06
USB Cable,SKU_1136,3927.18
USB Cable,SKU_1913,3924.94
USB Cable,SKU_1618,3917.8
USB Cable,SKU_1255,3907.52
USB Cable,SKU_1089,3888.6
USB Cable,SKU_1035,3874.74
USB Cable,SKU_1260,3856.16
USB Cable,SKU_1730,3844.75
USB Cable,SKU_1006,3843.63
USB Cable,SKU_1469,3829.0
USB Cable,SKU_1940,3817.53
USB Cable,SKU_1502,3815.32
USB Cable,SKU_1591,3810.53
USB Cable,SKU_1656,3800.4
USB Cable,SKU_1452,3795.98
USB Cable,SKU_1979,3795.09
USB Cable,SKU_1307,3775.19
USB Cable,SKU_1744,3767.99
USB Cable,SKU_1493,3757.98
USB Cable,SKU_1228,3754.76
USB Cable,SKU_1946,3750.99
USB Cable,SKU_1774,3744.34
USB Cable,SKU_1963,3737.75
USB Cable,SKU_1345,3729.92
USB Cable,SKU_1560,3724.37
USB Cable,SKU_1166,3723.16
USB Cable,SKU_1723,3722.28
USB Cable,SKU_1551,3718.21
USB Cable,SKU_1910,3716.34
USB Cable,SKU_1138,3711.77
USB Cable,SKU_1059,3708.4
USB Cable,SKU_1850,3707.92
USB Cable,SKU_1194,3704.83
USB Cable,SKU_1506,3696.46
USB Cable,SKU_1761,3688.83
USB Cable,SKU_1399,3684.34
USB Cable,SKU_1401,3683.93
USB Cable,SKU_1779,3682.57
USB Cable,SKU_1800,3680.78
USB Cable,SKU_1141,3678.73
USB Cable,SKU_1570,3674.55
USB Cable,SKU_1529,3664.86
USB Cable,SKU_1263,3660.83
USB Cable,SKU_1209,3660.31
USB Cable,SKU_1572,3656.69
USB Cable,SKU_1349,3648.33
USB Cable,SKU_1019,3643.78
USB Cable,SKU_1877,3640.02
USB Cable,SKU_1116,3637.31
USB Cable,SKU_1472,3635.75
USB Cable,SKU_1872,3629.48
USB Cable,SKU_1549,3624.83
USB Cable,SKU_1350,3622.83
USB Cable,SKU_1395,3617.41
USB Cable,SKU_1000,3607.34
USB Cable,SKU_1535,3601.13
USB Cable,SKU_1747,3597.26
USB Cable,SKU_1708,3594.25
USB Cable,SKU_1122,3592.04
USB Cable,SKU_1384,3589.13
USB Cable,SKU_1247,3583.48
USB Cable,SKU_1018,3581.29
USB Cable,SKU_1278,3570.19
USB Cable,SKU_1485,3567.93
USB Cable,SKU_1050,3563.02
USB Cable,SKU_1790,3558.02
USB Cable,SKU_1936,3547.78
USB Cable,SKU_1705,3545.48
USB Cable,SKU_1303,3545.27
USB Cable,SKU_1856,3535.11
USB Cable,SKU_1353,3528.22
USB Cable,SKU_1504,3524.94
USB Cable,SKU_1248,3519.34
USB Cable,SKU_1677,3519.25
USB Cable,SKU_1009,3492.98
USB Cable,SKU_1844,3489.26
USB Cable,SKU_1500,3488.43
USB Cable,SKU_1545,3488.32
USB Cable,SKU_1926,3468.39
USB Cable,SKU_1588,3463.79
USB Cable,SKU_1592,3453.06
USB Cable,SKU_1563,3453.02
USB Cable,SKU_1279,3448.56
USB Cable,SKU_1051,3445.01
USB Cable,SKU_1983,3444.55
USB Cable,SKU_1429,3443.29
USB Cable,SKU_1487,3426.02
USB Cable,SKU_1634,3423.03
USB Cable,SKU_1149,3411.15
USB Cable,SKU_1865,3401.21
USB Cable,SKU_1655,3400.74
USB Cable,SKU_1030,3398.25
USB Cable,SKU_1174,3396.02
USB Cable,SKU_1354,3390.74
USB Cable,SKU_1739,3369.52
USB Cable,SKU_1340,3365.4
USB Cable,SKU_1904,3358.89
USB Cable,SKU_1898,3326.02
USB Cable,SKU_1312,3318.49
USB Cable,SKU_1162,3315.11
USB Cable,SKU_1097,3312.67
USB Cable,SKU_1074,3312.06
USB Cable,SKU_1853,3309.92
USB Cable,SKU_1585,3301.17
USB Cable,SKU_1808,3292.37
USB Cable,SKU_1356,3288.95
USB Cable,SKU_1151,3283.77
USB Cable,SKU_1577,3265.19
USB Cable,SKU_1937,3263.38
USB Cable,SKU_1221,3244.79
USB Cable,SKU_1873,3244.27
USB Cable,SKU_1861,3243.83
USB Cable,SKU_1196,3242.02
USB Cable,SKU_1479,3233.89
USB Cable,SKU_1820,3212.12
USB Cable,SKU_1253,3207.8
USB Cable,SKU_1925,3205.79
USB Cable,SKU_1403,3203.04
USB Cable,SKU_1991,3191.1
USB Cable,SKU_1912,3180.65
USB Cable,SKU_1012,3173.52
USB Cable,SKU_1288,3171.84
USB Cable,SKU_1049,3165.08
USB Cable,SKU_1792,3163.69
USB Cable,SKU_1394,3157.97
USB Cable,SKU_1434,3151.75
USB Cable,SKU_1321,3143.34
USB Cable,SKU_1980,3143.34
USB Cable,SKU_1489,3137.75
USB Cable,SKU_1317,3137.54
USB Cable,SKU_1709,3133.3
USB Cable,SKU_1802,3130.9
USB Cable,SKU_1501,3127.43
USB Cable,SKU_1033,3125.96
USB Cable,SKU_1202,3119.08
USB Cable,SKU_1858,3114.49
USB Cable,SKU_1275,3111.61
USB Cable,SKU_1331,3107.51
USB Cable,SKU_1969,3105.31
USB Cable,SKU_1111,3098.71
USB Cable,SKU_1704,3096.39
USB Cable,SKU_1962,3091.4
USB Cable,SKU_1256,3085.72
USB Cable,SKU_1032,3065.68
USB Cable,SKU_1139,3061.51
USB Cable,SKU_1070,3060.14
USB Cable,SKU_1889,3056.82
USB Cable,SKU_1626,3056.66
USB Cable,SKU_1242,3052.1
USB Cable,SKU_1811,3044.29
USB Cable,SKU_1004,3041.71
USB Cable,SKU_1498,3037.44
USB Cable,SKU_1556,3033.16
USB Cable,SKU_1274,3024.85
USB Cable,SKU_1756,3023.06
USB Cable,SKU_1863,3022.52
USB Cable,SKU_1036,3019.01
USB Cable,SKU_1266,3017.2
USB Cable,SKU_1044,3017.09
USB Cable,SKU_1459,3010.91
USB Cable,SKU_1195,3010.0
USB Cable,SKU_1686,3003.53
USB Cable,SKU_1103,2998.91
USB Cable,SKU_1283,2992.57
USB Cable,SKU_1076,2989.68
USB Cable,SKU_1442,2986.47
USB Cable,SKU_1728,2986.35
USB Cable,SKU_1239,2985.71
USB Cable,SKU_1400,2980.53
USB Cable,SKU_1888,2962.34
USB Cable,SKU_1217,2961.42
USB Cable,SKU_1603,2953.11
USB Cable,SKU_1662,2930.13
USB Cable,SKU_1754,2921.29
USB Cable,SKU_1914,2905.18
USB Cable,SKU_1620,2899.05
USB Cable,SKU_1707,2877.55
USB Cable,SKU_1478,2863.59
USB Cable,SKU_1282,2855.92
USB Cable,SKU_1639,2848.47
USB Cable,SKU_1941,2844.75
USB Cable,SKU_1711,2843.04
USB Cable,SKU_1826,2832.01
USB Cable,SKU_1895,2826.37
USB Cable,SKU_1199,2819.6
USB Cable,SKU_1360,2805.81
USB Cable,SKU_1678,2781.67
USB Cable,SKU_1994,2780.77
USB Cable,SKU_1694,2777.03
USB Cable,SKU_1534,2773.99
USB Cable,SKU_1821,2756.37
USB Cable,SKU_1642,2754.12
USB Cable,SKU_1651,2753.72
USB Cable,SKU_1956,2739.36
USB Cable,SKU_1881,2730.59
USB Cable,SKU_1338,2726.96
USB Cable,SKU_1021,2717.07
USB Cable,SKU_1832,2712.05
USB Cable,SKU_1593,2694.04
USB Cable,SKU_1852,2690.24
USB Cable,SKU_1813,2663.82
USB Cable,SKU_1814,2662.49
USB Cable,SKU_1201,2657.19
USB Cable,SKU_1712,2645.24
USB Cable,SKU_1714,2635.19
USB Cable,SKU_1073,2626.87
USB Cable,SKU_1511,2625.12
USB Cable,SKU_1702,2613.93
USB Cable,SKU_1334,2608.88
USB Cable,SKU_1596,2608.13
USB Cable,SKU_1625,2606.13
USB Cable,SKU_1056,2605.57
USB Cable,SKU_1840,2601.76
USB Cable,SKU_1091,2601.65
USB Cable,SKU_1720,2595.66
USB Cable,SKU_1668,2572.77
USB Cable,SKU_1421,2567.35
USB Cable,SKU_1784,2558.8
USB Cable,SKU_1862,2546.48
USB Cable,SKU_1974,2541.41
USB Cable,SKU_1824,2524.09
USB Cable,SKU_1520,2511.01
USB Cable,SKU_1131,2508.7
USB Cable,SKU_1324,2503.18
USB Cable,SKU_1700,2480.23
USB Cable,SKU_1905,2469.83
USB Cable,SKU_1180,2469.77
USB Cable,SKU_1328,2466.06
USB Cable,SKU_1777,2465.63
USB Cable,SKU_1133,2448.11
USB Cable,SKU_1644,2446.71
USB Cable,SKU_1086,2445.84
USB Cable,SKU_1226,2442.65
USB Cable,SKU_1519,2428.86
USB Cable,SKU_1959,2427.12
USB Cable,SKU_1372,2425.04
USB Cable,SKU_1513,2420.62
USB Cable,SKU_1128,2412.34
USB Cable,SKU_1512,2407.57
USB Cable,SKU_1971,2405.76
USB Cable,SKU_1234,2404.81
USB Cable,SKU_1894,2359.74
USB Cable,SKU_1680,2356.46
USB Cable,SKU_1864,2349.0
USB Cable,SKU_1460,2344.32
USB Cable,SKU_1405,2343.59
USB Cable,SKU_1855,2343.33
USB Cable,SKU_1874,2337.6
USB Cable,SKU_1943,2297.78
USB Cable,SKU_1088,2290.94
USB Cable,SKU_1474,2281.4
USB Cable,SKU_1884,2279.96
USB Cable,SKU_1944,2264.31
USB Cable,SKU_1640,2256.41
USB Cable,SKU_1615,2252.41
USB Cable,SKU_1837,2246.13
USB Cable,SKU_1920,2241.41
USB Cable,SKU_1415,2233.27
USB Cable,SKU_1393,2223.57
USB Cable,SKU_1843,2221.99
USB Cable,SKU_1427,2221.94
USB Cable,SKU_1351,2219.59
USB Cable,SKU_1281,2218.96
USB Cable,SKU_1432,2218.47
USB Cable,SKU_1986,2215.4
USB Cable,SKU_1398,2199.53
USB Cable,SKU_1494,2198.98
USB Cable,SKU_1753,2191.71
USB Cable,SKU_1134,2188.66
USB Cable,SKU_1601,2184.36
USB Cable,SKU_1290,2179.45
USB Cable,SKU_1068,2174.81
USB Cable,SKU_1190,2163.59
USB Cable,SKU_1583,2151.61
USB Cable,SKU_1408,2151.09
USB Cable,SKU_1827,2143.39
USB Cable,SKU_1854,2134.31
USB Cable,SKU_1594,2129.09
USB Cable,SKU_1233,2126.71
USB Cable,SKU_1272,2113.22
USB Cable,SKU_1313,2104.01
USB Cable,SKU_1823,2098.93
USB Cable,SKU_1649,2097.78
USB Cable,SKU_1270,2092.78
USB Cable,SKU_1142,2089.56
USB Cable,SKU_1650,2086.06
USB Cable,SKU_1544,2078.02
USB Cable,SKU_1932,2072.52
USB Cable,SKU_1540,2050.29
USB Cable,SKU_1565,2048.96
USB Cable,SKU_1178,2038.16
USB Cable,SKU_1829,2034.88
USB Cable,SKU_1629,2024.87
USB Cable,SKU_1426,2019.48
USB Cable,SKU_1212,2018.32
USB Cable,SKU_1476,2011.47
USB Cable,SKU_1481,2007.62
USB Cable,SKU_1365,2006.4
USB Cable,SKU_1847,2000.59
USB Cable,SKU_1175,1999.72
USB Cable,SKU_1040,1987.49
USB Cable,SKU_1722,1987.11
USB Cable,SKU_1516,1984.7
USB Cable,SKU_1989,1984.41
USB Cable,SKU_1682,1974.06
USB Cable,SKU_1475,1973.06
USB Cable,SKU_1595,1971.87
USB Cable,SKU_1123,1952.41
USB Cable,SKU_1132,1950.31
USB Cable,SKU_1082,1949.76
USB Cable,SKU_1045,1940.73
USB Cable,SKU_1047,1908.81
USB Cable,SKU_1804,1906.53
USB Cable,SKU_1806,1905.3
USB Cable,SKU_1726,1896.33
USB Cable,SKU_1631,1895.06
USB Cable,SKU_1718,1894.55
USB Cable,SKU_1934,1882.98
USB Cable,SKU_1841,1870.67
USB Cable,SKU_1071,1868.15
USB Cable,SKU_1092,1867.43
USB Cable,SKU_1423,1861.38
USB Cable,SKU_1130,1853.91
USB Cable,SKU_1261,1851.77
USB Cable,SKU_1214,1847.88
USB Cable,SKU_1110,1841.43
USB Cable,SKU_1200,1827.84
USB Cable,SKU_1903,1827.53
USB Cable,SKU_1252,1823.79
USB Cable,SKU_1773,1812.81
USB Cable,SKU_1833,1803.61
USB Cable,SKU_1683,1797.03
USB Cable,SKU_1285,1795.75
USB Cable,SKU_1782,1794.0
USB Cable,SKU_1721,1786.94
USB Cable,SKU_1041,1783.23
USB Cable,SKU_1015,1779.72
USB Cable,SKU_1100,1755.07
USB Cable,SKU_1385,1744.45
USB Cable,SKU_1697,1741.06
USB Cable,SKU_1525,1738.53
USB Cable,SKU_1928,1736.4
USB Cable,SKU_1698,1715.56
USB Cable,SKU_1929,1704.27
USB Cable,SKU_1960,1694.53
USB Cable,SKU_1370,1688.75
USB Cable,SKU_1480,1688.26
USB Cable,SKU_1435,1687.16
USB Cable,SKU_1532,1685.25
USB Cable,SKU_1609,1669.97
USB Cable,SKU_1880,1663.27
USB Cable,SKU_1424,1639.39
USB Cable,SKU_1660,1634.62
USB Cable,SKU_1673,1625.88
USB Cable,SKU_1909,1617.45
USB Cable,SKU_1449,1610.98
USB Cable,SKU_1521,1591.21
USB Cable,SKU_1539,1591.13
USB Cable,SKU_1564,1587.92
USB Cable,SKU_1772,1579.24
USB Cable,SKU_1257,1578.82
USB Cable,SKU_1496,1570.97
USB Cable,SKU_1448,1555.95
USB Cable,SKU_1508,1555.78
USB Cable,SKU_1786,1553.85
USB Cable,SKU_1810,1550.93
USB Cable,SKU_1205,1549.18
USB Cable,SKU_1628,1542.75
USB Cable,SKU_1871,1536.0
USB Cable,SKU_1191,1521.84
USB Cable,SKU_1654,1515.51
USB Cable,SKU_1887,1512.57
USB Cable,SKU_1860,1500.69
USB Cable,SKU_1173,1477.32
USB Cable,SKU_1522,1466.27
USB Cable,SKU_1550,1464.78
USB Cable,SKU_1576,1459.82
USB Cable,SKU_1882,1445.31
USB Cable,SKU_1412,1441.02
USB Cable,SKU_1807,1433.77
USB Cable,SKU_1114,1427.92
USB Cable,SKU_1183,1426.84
USB Cable,SKU_1801,1418.01
USB Cable,SKU_1537,1416.61
USB Cable,SKU_1216,1394.31
USB Cable,SKU_1998,1383.72
USB Cable,SKU_1203,1371.45
USB Cable,SKU_1978,1366.88
USB Cable,SKU_1692,1362.52
USB Cable,SKU_1358,1357.36
USB Cable,SKU_1052,1355.19
USB Cable,SKU_1347,1354.87
USB Cable,SKU_1193,1352.72
USB Cable,SKU_1269,1332.66
USB Cable,SKU_1325,1325.63
USB Cable,SKU_1008,1305.49
USB Cable,SKU_1463,1304.94
USB Cable,SKU_1757,1297.13
USB Cable,SKU_1751,1290.91
USB Cable,SKU_1392,1273.14
USB Cable,SKU_1063,1258.2
USB Cable,SKU_1327,1251.76
USB Cable,SKU_1467,1248.28
USB Cable,SKU_1966,1242.27
USB Cable,SKU_1165,1230.51
USB Cable,SKU_1559,1220.05
USB Cable,SKU_1109,1216.76
USB Cable,SKU_1001,1205.91
USB Cable,SKU_1643,1181.12
USB Cable,SKU_1425,1142.51
USB Cable,SKU_1240,1137.44
USB Cable,SKU_1121,1126.37
USB Cable,SKU_1582,1117.75
USB Cable,SKU_1014,1095.72
USB Cable,SKU_1742,1076.46
USB Cable,SKU_1659,1050.0
USB Cable,SKU_1674,1037.63
USB Cable,SKU_1473,1018.81
USB Cable,SKU_1646,1015.84
USB Cable,SKU_1942,1010.78
USB Cable,SKU_1965,1009.87
USB Cable,SKU_1766,950.16
USB Cable,SKU_1371,946.76
USB Cable,SKU_1292,939.07
USB Cable,SKU_1901,931.84
USB Cable,SKU_1859,923.73
USB Cable,SKU_1566,915.4
USB Cable,SKU_1025,907.58
USB Cable,SKU_1633,878.55
USB Cable,SKU_1915,867.5
USB Cable,SKU_1362,867.07
USB Cable,SKU_1896,867.07
USB Cable,SKU_1147,843.38
USB Cable,SKU_1486,841.45
USB Cable,SKU_1451,828.22
USB Cable,SKU_1105,812.17
USB Cable,SKU_1727,797.25
USB Cable,SKU_1514,786.59
USB Cable,SKU_1157,767.69
USB Cable,SKU_1866,766.55
USB Cable,SKU_1020,732.57
USB Cable,SKU_1177,694.86
USB Cable,SKU_1223,694.14
USB Cable,SKU_1972,681.2
USB Cable,SKU_1081,649.97
USB Cable,SKU_1344,641.75
USB Cable,SKU_1034,610.74
USB Cable,SKU_1083,598.19
USB Cable,SKU_1951,590.81
USB Cable,SKU_1492,581.4
USB Cable,SKU_1755,579.72
USB Cable,SKU_1249,576.53
USB Cable,SKU_1231,574.83
USB Cable,SKU_1499,568.96
USB Cable,SKU_1645,559.69
USB Cable,SKU_1380,553.87
USB Cable,SKU_1919,534.74
USB Cable,SKU_1140,527.48
USB Cable,SKU_1332,470.08
USB Cable,SKU_1156,465.42
USB Cable,SKU_1819,447.72
USB Cable,SKU_1241,443.18
USB Cable,SKU_1509,418.05
USB Cable,SKU_1164,412.73
USB Cable,SKU_1341,411.98
USB Cable,SKU_1055,400.19
USB Cable,SKU_1999,396.11
USB Cable,SKU_1210,393.29
USB Cable,SKU_1294,381.8
USB Cable,SKU_1126,378.12
USB Cable,SKU_1750,365.55
USB Cable,SKU_1849,351.13
USB Cable,SKU_1310,317.47
USB Cable,SKU_1391,312.58
USB Cable,SKU_1456,304.35
USB Cable,SKU_1613,285.98
USB Cable,SKU_1958,262.81
USB Cable,SKU_1430,244.12
USB Cable,SKU_1736,226.21
USB Cable,SKU_1746,213.52
USB Cable,SKU_1336,193.51
USB Cable,SKU_1155,188.2
USB Cable,SKU_1732,183.67
USB Cable,SKU_1530,180.16
USB Cable,SKU_1220,176.37
USB Cable,SKU_1024,165.56
USB Cable,SKU_1719,143.44
USB Cable,SKU_1578,142.74
USB Cable,SKU_1027,138.41
USB Cable,SKU_1410,129.22
USB Cable,SKU_1993,116.83
USB Cable,SKU_1316,81.0
USB Cable,SKU_1404,79.26
USB Cable,SKU_1420,68.54
USB Cable,SKU_1831,17.42
Wall Clock,SKU_1224,14647.01
Wall Clock,SKU_1536,13406.82
Wall Clock,SKU_1467,13149.26
Wall Clock,SKU_1675,12462.08
Wall Clock,SKU_1543,12446.81
Wall Clock,SKU_1898,12409.81
Wall Clock,SKU_1719,12036.45
Wall Clock,SKU_1006,12021.19
Wall Clock,SKU_1567,11835.01
Wall Clock,SKU_1785,11831.18
Wall Clock,SKU_1432,11813.1
Wall Clock,SKU_1368,11792.61
Wall Clock,SKU_1732,11781.73
Wall Clock,SKU_1555,11696.91
Wall Clock,SKU_1812,11636.96
Wall Clock,SKU_1982,11519.78
Wall Clock,SKU_1864,11481.56
Wall Clock,SKU_1968,11463.19
Wall Clock,SKU_1309,11249.56
Wall Clock,SKU_1741,11103.86
Wall Clock,SKU_1491,11083.3
Wall Clock,SKU_1507,11058.8
Wall Clock,SKU_1759,10993.0
Wall Clock,SKU_1757,10949.82
Wall Clock,SKU_1464,10859.12
Wall Clock,SKU_1984,10690.68
Wall Clock,SKU_1345,10562.41
Wall Clock,SKU_1861,10470.93
Wall Clock,SKU_1069,10439.63
Wall Clock,SKU_1706,10385.25
Wall Clock,SKU_1163,10215.08
Wall Clock,SKU_1529,10134.78
Wall Clock,SKU_1556,10109.51
Wall Clock,SKU_1395,10043.38
Wall Clock,SKU_1550,9967.03
Wall Clock,SKU_1509,9879.75
Wall Clock,SKU_1340,9846.37
Wall Clock,SKU_1082,9783.11
Wall Clock,SKU_1025,9724.88
Wall Clock,SKU_1724,9605.73
Wall Clock,SKU_1016,9599.27
Wall Clock,SKU_1042,9530.88
Wall Clock,SKU_1908,9494.85
Wall Clock,SKU_1327,9451.33
Wall Clock,SKU_1721,9415.22
Wall Clock,SKU_1247,9378.4
Wall Clock,SKU_1381,9368.57
Wall Clock,SKU_1056,9367.66
Wall Clock,SKU_1471,9283.16
Wall Clock,SKU_1338,9244.25
Wall Clock,SKU_1424,9139.17
Wall Clock,SKU_1107,9062.78
Wall Clock,SKU_1028,9060.88
Wall Clock,SKU_1901,9028.72
Wall Clock,SKU_1080,9024.74
Wall Clock,SKU_1769,9011.72
Wall Clock,SKU_1736,9004.82
Wall Clock,SKU_1329,8967.41
Wall Clock,SKU_1130,8956.24
Wall Clock,SKU_1059,8955.03
Wall Clock,SKU_1594,8954.28
Wall Clock,SKU_1955,8904.61
Wall Clock,SKU_1077,8839.84
Wall Clock,SKU_1026,8830.53
Wall Clock,SKU_1278,8769.37
Wall Clock,SKU_1638,8764.76
Wall Clock,SKU_1462,8755.39
Wall Clock,SKU_1283,8753.01
Wall Clock,SKU_1992,8734.93
Wall Clock,SKU_1571,8691.52
Wall Clock,SKU_1436,8673.29
Wall Clock,SKU_1334,8583.71
Wall Clock,SKU_1705,8580.23
Wall Clock,SKU_1339,8547.92
Wall Clock,SKU_1000,8501.91
Wall Clock,SKU_1478,8450.21
Wall Clock,SKU_1264,8425.08
Wall Clock,SKU_1149,8404.12
Wall Clock,SKU_1887,8330.43
Wall Clock,SKU_1906,8272.96
Wall Clock,SKU_1332,8186.74
Wall Clock,SKU_1775,8182.85
Wall Clock,SKU_1131,8155.0
Wall Clock,SKU_1587,8135.78
Wall Clock,SKU_1017,8126.65
Wall Clock,SKU_1937,8115.16
Wall Clock,SKU_1096,8101.78
Wall Clock,SKU_1837,8092.83
Wall Clock,SKU_1678,8088.86
Wall Clock,SKU_1967,8071.92
Wall Clock,SKU_1880,8054.72
Wall Clock,SKU_1960,8023.21
Wall Clock,SKU_1450,7989.11
Wall Clock,SKU_1177,7975.64
Wall Clock,SKU_1310,7967.73
Wall Clock,SKU_1461,7951.28
Wall Clock,SKU_1900,7897.69
Wall Clock,SKU_1822,7864.82
Wall Clock,SKU_1644,7810.19
Wall Clock,SKU_1614,7810.14
Wall Clock,SKU_1755,7800.53
Wall Clock,SKU_1326,7751.25
Wall Clock,SKU_1402,7700.47
Wall Clock,SKU_1408,7689.68
Wall Clock,SKU_1533,7687.69
Wall Clock,SKU_1039,7684.83
Wall Clock,SKU_1385,7664.17
Wall Clock,SKU_1353,7663.55
Wall Clock,SKU_1474,7657.64
Wall Clock,SKU_1651,7634.36
Wall Clock,SKU_1074,7619.1
Wall Clock,SKU_1116,7600.56
Wall Clock,SKU_1468,7581.93
Wall Clock,SKU_1712,7575.09
Wall Clock,SKU_1410,7567.06
Wall Clock,SKU_1512,7560.16
Wall Clock,SKU_1545,7542.68
Wall Clock,SKU_1733,7516.3
Wall Clock,SKU_1245,7492.18
Wall Clock,SKU_1256,7489.01
Wall Clock,SKU_1371,7485.23
Wall Clock,SKU_1049,7467.62
Wall Clock,SKU_1420,7465.29
Wall Clock,SKU_1660,7440.59
Wall Clock,SKU_1218,7431.82
Wall Clock,SKU_1809,7399.77
Wall Clock,SKU_1398,7389.69
Wall Clock,SKU_1030,7353.92
Wall Clock,SKU_1586,7351.44
Wall Clock,SKU_1268,7319.01
Wall Clock,SKU_1255,7308.54
Wall Clock,SKU_1897,7295.38
Wall Clock,SKU_1054,7288.17
Wall Clock,SKU_1366,7253.28
Wall Clock,SKU_1749,7240.7
Wall Clock,SKU_1341,7220.02
Wall Clock,SKU_1748,7217.57
Wall Clock,SKU_1878,7216.08
Wall Clock,SKU_1987,7193.87
Wall Clock,SKU_1171,7160.65
Wall Clock,SKU_1244,7148.79
Wall Clock,SKU_1363,7130.03
Wall Clock,SKU_1088,7120.71
Wall Clock,SKU_1684,7115.98
Wall Clock,SKU_1944,7111.61
Wall Clock,SKU_1214,7106.97
Wall Clock,SKU_1752,7103.17
Wall Clock,SKU_1190,7076.82
Wall Clock,SKU_1510,7038.36
Wall Clock,SKU_1718,7028.64
Wall Clock,SKU_1211,6998.67
Wall Clock,SKU_1024,6969.52
Wall Clock,SKU_1458,6957.41
Wall Clock,SKU_1084,6933.61
Wall Clock,SKU_1988,6929.52
Wall Clock,SKU_1007,6908.95
Wall Clock,SKU_1276,6904.83
Wall Clock,SKU_1271,6903.13
Wall Clock,SKU_1217,6892.17
Wall Clock,SKU_1669,6870.31
Wall Clock,SKU_1717,6849.47
Wall Clock,SKU_1151,6825.05
Wall Clock,SKU_1650,6822.88
Wall Clock,SKU_1252,6817.56
Wall Clock,SKU_1768,6802.62
Wall Clock,SKU_1063,6786.04
Wall Clock,SKU_1337,6782.88
Wall Clock,SKU_1913,6776.57
Wall Clock,SKU_1319,6770.11
Wall Clock,SKU_1105,6763.92
Wall Clock,SKU_1324,6762.77
Wall Clock,SKU_1388,6756.35
Wall Clock,SKU_1714,6719.67
Wall Clock,SKU_1548,6713.17
Wall Clock,SKU_1272,6710.67
Wall Clock,SKU_1183,6684.78
Wall Clock,SKU_1434,6670.66
Wall Clock,SKU_1561,6660.28
Wall Clock,SKU_1652,6641.62
Wall Clock,SKU_1923,6634.39
Wall Clock,SKU_1623,6627.91
Wall Clock,SKU_1174,6626.7
Wall Clock,SKU_1867,6621.73
Wall Clock,SKU_1439,6609.05
Wall Clock,SKU_1871,6592.03
Wall Clock,SKU_1617,6572.48
Wall Clock,SKU_1400,6565.37
Wall Clock,SKU_1863,6549.69
Wall Clock,SKU_1497,6545.33
Wall Clock,SKU_1795,6538.58
Wall Clock,SKU_1819,6529.42
Wall Clock,SKU_1570,6513.05
Wall Clock,SKU_1707,6508.68
Wall Clock,SKU_1999,6495.58
Wall Clock,SKU_1783,6482.1
Wall Clock,SKU_1727,6481.12
Wall Clock,SKU_1392,6477.87
Wall Clock,SKU_1676,6442.57
Wall Clock,SKU_1620,6438.49
Wall Clock,SKU_1294,6433.97
Wall Clock,SKU_1576,6428.51
Wall Clock,SKU_1568,6419.07
Wall Clock,SKU_1826,6413.64
Wall Clock,SKU_1649,6395.18
Wall Clock,SKU_1750,6392.36
Wall Clock,SKU_1525,6390.98
Wall Clock,SKU_1443,6388.85
Wall Clock,SKU_1143,6378.46
Wall Clock,SKU_1261,6374.02
Wall Clock,SKU_1115,6351.16
Wall Clock,SKU_1710,6341.41
Wall Clock,SKU_1250,6339.18
Wall Clock,SKU_1554,6306.79
Wall Clock,SKU_1815,6304.16
Wall Clock,SKU_1237,6299.89
Wall Clock,SKU_1595,6299.52
Wall Clock,SKU_1936,6285.1
Wall Clock,SKU_1355,6277.79
Wall Clock,SKU_1518,6255.46
Wall Clock,SKU_1866,6248.71
Wall Clock,SKU_1095,6245.19
Wall Clock,SKU_1234,6238.28
Wall Clock,SKU_1641,6197.98
Wall Clock,SKU_1872,6190.19
Wall Clock,SKU_1847,6182.17
Wall Clock,SKU_1383,6174.34
Wall Clock,SKU_1301,6167.87
Wall Clock,SKU_1487,6162.0
Wall Clock,SKU_1926,6161.81
Wall Clock,SKU_1995,6161.03
Wall Clock,SKU_1003,6155.26
Wall Clock,SKU_1399,6113.11
Wall Clock,SKU_1451,6105.43
Wall Clock,SKU_1753,6102.36
Wall Clock,SKU_1182,6086.07
Wall Clock,SKU_1726,6083.14
Wall Clock,SKU_1162,6036.01
Wall Clock,SKU_1746,6026.73
Wall Clock,SKU_1892,6015.53
Wall Clock,SKU_1489,6011.62
Wall Clock,SKU_1577,5971.71
Wall Clock,SKU_1653,5962.09
Wall Clock,SKU_1263,5960.12
Wall Clock,SKU_1457,5934.88
Wall Clock,SKU_1038,5931.73
Wall Clock,SKU_1504,5926.91
Wall Clock,SKU_1697,5921.02
Wall Clock,SKU_1838,5920.94
Wall Clock,SKU_1350,5917.6
Wall Clock,SKU_1405,5914.5
Wall Clock,SKU_1201,5900.98
Wall Clock,SKU_1664,5888.36
Wall Clock,SKU_1840,5878.89
Wall Clock,SKU_1376,5875.72
Wall Clock,SKU_1009,5875.45
Wall Clock,SKU_1266,5864.57
Wall Clock,SKU_1161,5864.45
Wall Clock,SKU_1437,5824.25
Wall Clock,SKU_1208,5799.57
Wall Clock,SKU_1734,5757.81
Wall Clock,SKU_1848,5755.13
Wall Clock,SKU_1352,5751.36
Wall Clock,SKU_1965,5746.53
Wall Clock,SKU_1534,5739.37
Wall Clock,SKU_1857,5726.27
Wall Clock,SKU_1883,5724.15
Wall Clock,SKU_1113,5718.03
Wall Clock,SKU_1358,5708.08
Wall Clock,SKU_1517,5701.06
Wall Clock,SKU_1751,5694.35
Wall Clock,SKU_1198,5692.33
Wall Clock,SKU_1145,5690.44
Wall Clock,SKU_1109,5683.68
Wall Clock,SKU_1133,5683.61
Wall Clock,SKU_1639,5675.36
Wall Clock,SKU_1209,5657.71
Wall Clock,SKU_1275,5640.22
Wall Clock,SKU_1971,5612.15
Wall Clock,SKU_1679,5590.71
Wall Clock,SKU_1427,5586.48
Wall Clock,SKU_1807,5557.27
Wall Clock,SKU_1952,5554.9
Wall Clock,SKU_1544,5554.58
Wall Clock,SKU_1810,5544.46
Wall Clock,SKU_1323,5543.45
Wall Clock,SKU_1043,5522.07
Wall Clock,SKU_1219,5519.58
Wall Clock,SKU_1698,5519.02
Wall Clock,SKU_1093,5511.18
Wall Clock,SKU_1680,5499.62
Wall Clock,SKU_1027,5491.71
Wall Clock,SKU_1959,5488.01
Wall Clock,SKU_1633,5480.63
Wall Clock,SKU_1134,5472.97
Wall Clock,SKU_1086,5471.29
Wall Clock,SKU_1777,5457.05
Wall Clock,SKU_1801,5452.21
Wall Clock,SKU_1480,5441.83
Wall Clock,SKU_1393,5431.9
Wall Clock,SKU_1634,5414.05
Wall Clock,SKU_1445,5402.71
Wall Clock,SKU_1806,5381.87
Wall Clock,SKU_1779,5366.54
Wall Clock,SKU_1654,5343.92
Wall Clock,SKU_1176,5336.25
Wall Clock,SKU_1986,5326.48
Wall Clock,SKU_1212,5325.07
Wall Clock,SKU_1770,5324.36
Wall Clock,SKU_1603,5322.37
Wall Clock,SKU_1365,5320.86
Wall Clock,SKU_1484,5314.8
Wall Clock,SKU_1012,5314.61
Wall Clock,SKU_1444,5310.2
Wall Clock,SKU_1029,5305.12
Wall Clock,SKU_1449,5299.74
Wall Clock,SKU_1394,5297.1
Wall Clock,SKU_1407,5289.07
Wall Clock,SKU_1909,5285.58
Wall Clock,SKU_1973,5283.25
Wall Clock,SKU_1207,5278.78
Wall Clock,SKU_1581,5272.7
Wall Clock,SKU_1206,5270.09
Wall Clock,SKU_1621,5254.52
Wall Clock,SKU_1246,5254.12
Wall Clock,SKU_1483,5246.04
Wall Clock,SKU_1814,5237.04
Wall Clock,SKU_1689,5229.38
Wall Clock,SKU_1618,5226.48
Wall Clock,SKU_1811,5226.34
Wall Clock,SKU_1728,5212.03
Wall Clock,SKU_1830,5202.39
Wall Clock,SKU_1413,5186.89
Wall Clock,SKU_1687,5166.68
Wall Clock,SKU_1845,5158.03
Wall Clock,SKU_1089,5149.62
Wall Clock,SKU_1996,5147.04
Wall Clock,SKU_1874,5137.55
Wall Clock,SKU_1943,5134.37
Wall Clock,SKU_1873,5130.29
Wall Clock,SKU_1895,5126.82
Wall Clock,SKU_1580,5126.19
Wall Clock,SKU_1286,5123.18
Wall Clock,SKU_1503,5113.83
Wall Clock,SKU_1357,5097.08
Wall Clock,SKU_1957,5084.11
Wall Clock,SKU_1001,5079.66
Wall Clock,SKU_1304,5077.89
Wall Clock,SKU_1429,5068.67
Wall Clock,SKU_1192,5065.33
Wall Clock,SKU_1373,5019.97
Wall Clock,SKU_1014,5017.43
Wall Clock,SKU_1682,5015.77
Wall Clock,SKU_1099,5007.15
Wall Clock,SKU_1265,5002.74
Wall Clock,SKU_1411,4991.22
Wall Clock,SKU_1677,4982.44
Wall Clock,SKU_1308,4975.72
Wall Clock,SKU_1547,4973.37
Wall Clock,SKU_1032,4967.76
Wall Clock,SKU_1722,4967.69
Wall Clock,SKU_1470,4962.03
Wall Clock,SKU_1628,4956.92
Wall Clock,SKU_1737,4942.52
Wall Clock,SKU_1756,4933.17
Wall Clock,SKU_1232,4926.64
Wall Clock,SKU_1314,4910.84
Wall Clock,SKU_1129,4904.5
Wall Clock,SKU_1249,4903.74
Wall Clock,SKU_1040,4902.71
Wall Clock,SKU_1488,4887.97
Wall Clock,SKU_1980,4886.98
Wall Clock,SKU_1711,4883.6
Wall Clock,SKU_1372,4873.19
Wall Clock,SKU_1167,4860.06
Wall Clock,SKU_1110,4858.44
Wall Clock,SKU_1740,4852.85
Wall Clock,SKU_1662,4837.72
Wall Clock,SKU_1159,4834.64
Wall Clock,SKU_1535,4828.97
Wall Clock,SKU_1322,4826.63
Wall Clock,SKU_1277,4819.29
Wall Clock,SKU_1715,4816.62
Wall Clock,SKU_1929,4801.99
Wall Clock,SKU_1367,4797.14
Wall Clock,SKU_1344,4794.18
Wall Clock,SKU_1904,4784.72
Wall Clock,SKU_1956,4782.54
Wall Clock,SKU_1101,4773.06
Wall Clock,SKU_1165,4772.97
Wall Clock,SKU_1251,4764.66
Wall Clock,SKU_1745,4747.46
Wall Clock,SKU_1891,4733.59
Wall Clock,SKU_1565,4722.64
Wall Clock,SKU_1927,4713.93
Wall Clock,SKU_1498,4713.59
Wall Clock,SKU_1817,4689.84
Wall Clock,SKU_1921,4688.71
Wall Clock,SKU_1803,4688.55
Wall Clock,SKU_1279,4685.1
Wall Clock,SKU_1117,4670.86
Wall Clock,SKU_1305,4667.29
Wall Clock,SKU_1128,4666.06
Wall Clock,SKU_1989,4660.31
Wall Clock,SKU_1496,4660.0
Wall Clock,SKU_1148,4659.64
Wall Clock,SKU_1114,4655.37
Wall Clock,SKU_1899,4648.41
Wall Clock,SKU_1513,4646.32
Wall Clock,SKU_1455,4623.47
Wall Clock,SKU_1843,4605.54
Wall Clock,SKU_1184,4593.0
Wall Clock,SKU_1832,4591.67
Wall Clock,SKU_1738,4588.57
Wall Clock,SKU_1406,4583.4
Wall Clock,SKU_1092,4558.12
Wall Clock,SKU_1180,4553.63
Wall Clock,SKU_1203,4552.64
Wall Clock,SKU_1583,4546.94
Wall Clock,SKU_1289,4539.7
Wall Clock,SKU_1103,4534.72
Wall Clock,SKU_1994,4514.95
Wall Clock,SKU_1997,4497.18
Wall Clock,SKU_1789,4482.63
Wall Clock,SKU_1019,4482.52
Wall Clock,SKU_1601,4480.72
Wall Clock,SKU_1185,4478.57
Wall Clock,SKU_1709,4471.21
Wall Clock,SKU_1608,4470.24
Wall Clock,SKU_1479,4466.51
Wall Clock,SKU_1170,4455.32
Wall Clock,SKU_1011,4454.9
Wall Clock,SKU_1023,4449.11
Wall Clock,SKU_1629,4448.75
Wall Clock,SKU_1940,4447.99
Wall Clock,SKU_1527,4437.02
Wall Clock,SKU_1961,4430.89
Wall Clock,SKU_1953,4430.64
Wall Clock,SKU_1804,4429.38
Wall Clock,SKU_1739,4421.01
Wall Clock,SKU_1690,4420.2
Wall Clock,SKU_1600,4412.41
Wall Clock,SKU_1991,4406.94
Wall Clock,SKU_1404,4399.95
Wall Clock,SKU_1235,4399.54
Wall Clock,SKU_1743,4393.43
Wall Clock,SKU_1317,4384.86
Wall Clock,SKU_1397,4368.47
Wall Clock,SKU_1225,4356.7
Wall Clock,SKU_1983,4350.74
Wall Clock,SKU_1647,4344.39
Wall Clock,SKU_1501,4334.2
Wall Clock,SKU_1075,4327.86
Wall Clock,SKU_1008,4318.93
Wall Clock,SKU_1764,4301.19
Wall Clock,SKU_1762,4299.67
Wall Clock,SKU_1403,4298.45
Wall Clock,SKU_1046,4292.85
Wall Clock,SKU_1611,4283.53
Wall Clock,SKU_1869,4280.1
Wall Clock,SKU_1132,4270.94
Wall Clock,SKU_1220,4247.46
Wall Clock,SKU_1781,4243.79
Wall Clock,SKU_1645,4243.73
Wall Clock,SKU_1178,4238.9
Wall Clock,SKU_1258,4233.22
Wall Clock,SKU_1511,4228.04
Wall Clock,SKU_1760,4223.23
Wall Clock,SKU_1015,4220.84
Wall Clock,SKU_1958,4199.94
Wall Clock,SKU_1108,4196.92
Wall Clock,SKU_1782,4195.32
Wall Clock,SKU_1351,4185.12
Wall Clock,SKU_1566,4159.66
Wall Clock,SKU_1930,4142.66
Wall Clock,SKU_1828,4129.75
Wall Clock,SKU_1625,4124.08
Wall Clock,SKU_1157,4110.02
Wall Clock,SKU_1316,4108.38
Wall Clock,SKU_1241,4106.72
Wall Clock,SKU_1925,4103.44
Wall Clock,SKU_1700,4094.75
Wall Clock,SKU_1951,4089.95
Wall Clock,SKU_1659,4080.78
Wall Clock,SKU_1173,4079.79
Wall Clock,SKU_1370,4071.25
Wall Clock,SKU_1453,4062.69
Wall Clock,SKU_1081,4062.41
Wall Clock,SKU_1523,4060.46
Wall Clock,SKU_1500,4054.89
Wall Clock,SKU_1298,4049.74
Wall Clock,SKU_1593,4042.74
Wall Clock,SKU_1465,4036.52
Wall Clock,SKU_1993,4034.48
Wall Clock,SKU_1799,4019.7
Wall Clock,SKU_1460,4011.56
Wall Clock,SKU_1061,4011.48
Wall Clock,SKU_1076,4008.32
Wall Clock,SKU_1643,3969.88
Wall Clock,SKU_1384,3969.39
Wall Clock,SKU_1824,3958.59
Wall Clock,SKU_1150,3948.93
Wall Clock,SKU_1422,3946.34
Wall Clock,SKU_1348,3945.15
Wall Clock,SKU_1004,3939.3
Wall Clock,SKU_1320,3920.02
Wall Clock,SKU_1044,3917.48
Wall Clock,SKU_1668,3912.81
Wall Clock,SKU_1905,3905.23
Wall Clock,SKU_1064,3897.34
Wall Clock,SKU_1627,3894.95
Wall Clock,SKU_1852,3884.02
Wall Clock,SKU_1657,3869.6
Wall Clock,SKU_1140,3860.36
Wall Clock,SKU_1972,3841.28
Wall Clock,SKU_1262,3832.97
Wall Clock,SKU_1377,3831.14
Wall Clock,SKU_1975,3828.75
Wall Clock,SKU_1142,3827.45
Wall Clock,SKU_1606,3823.63
Wall Clock,SKU_1695,3820.8
Wall Clock,SKU_1414,3811.85
Wall Clock,SKU_1421,3810.54
Wall Clock,SKU_1761,3809.3
Wall Clock,SKU_1780,3780.47
Wall Clock,SKU_1802,3763.93
Wall Clock,SKU_1590,3756.17
Wall Clock,SKU_1829,3752.02
Wall Clock,SKU_1186,3742.54
Wall Clock,SKU_1858,3738.68
Wall Clock,SKU_1085,3737.78
Wall Clock,SKU_1442,3729.21
Wall Clock,SKU_1626,3723.38
Wall Clock,SKU_1181,3698.57
Wall Clock,SKU_1193,3694.31
Wall Clock,SKU_1152,3687.72
Wall Clock,SKU_1248,3678.35
Wall Clock,SKU_1616,3675.04
Wall Clock,SKU_1924,3672.13
Wall Clock,SKU_1528,3665.93
Wall Clock,SKU_1839,3652.47
Wall Clock,SKU_1233,3647.2
Wall Clock,SKU_1744,3642.56
Wall Clock,SKU_1303,3633.77
Wall Clock,SKU_1916,3622.66
Wall Clock,SKU_1318,3620.82
Wall Clock,SKU_1481,3618.82
Wall Clock,SKU_1041,3618.49
Wall Clock,SKU_1879,3617.24
Wall Clock,SKU_1045,3611.65
Wall Clock,SKU_1579,3611.37
Wall Clock,SKU_1022,3602.55
Wall Clock,SKU_1300,3600.32
Wall Clock,SKU_1584,3594.88
Wall Clock,SKU_1097,3591.52
Wall Clock,SKU_1766,3588.85
Wall Clock,SKU_1640,3582.71
Wall Clock,SKU_1774,3579.09
Wall Clock,SKU_1656,3542.99
Wall Clock,SKU_1396,3531.59
Wall Clock,SKU_1380,3505.75
Wall Clock,SKU_1067,3505.47
Wall Clock,SKU_1747,3504.71
Wall Clock,SKU_1239,3501.49
Wall Clock,SKU_1036,3496.42
Wall Clock,SKU_1330,3492.87
Wall Clock,SKU_1505,3485.65
Wall Clock,SKU_1884,3469.53
Wall Clock,SKU_1613,3468.33
Wall Clock,SKU_1850,3456.9
Wall Clock,SKU_1720,3453.28
Wall Clock,SKU_1976,3452.19
Wall Clock,SKU_1168,3448.12
Wall Clock,SKU_1582,3445.82
Wall Clock,SKU_1725,3433.64
Wall Clock,SKU_1141,3428.98
Wall Clock,SKU_1771,3427.33
Wall Clock,SKU_1119,3425.81
Wall Clock,SKU_1456,3415.02
Wall Clock,SKU_1428,3402.91
Wall Clock,SKU_1033,3397.41
Wall Clock,SKU_1226,3393.24
Wall Clock,SKU_1702,3388.92
Wall Clock,SKU_1409,3379.14
Wall Clock,SKU_1663,3377.31
Wall Clock,SKU_1446,3374.2
Wall Clock,SKU_1452,3369.87
Wall Clock,SKU_1296,3354.31
Wall Clock,SKU_1051,3352.43
Wall Clock,SKU_1516,3347.67
Wall Clock,SKU_1290,3346.75
Wall Clock,SKU_1419,3336.7
Wall Clock,SKU_1631,3331.59
Wall Clock,SKU_1196,3329.47
Wall Clock,SKU_1499,3329.34
Wall Clock,SKU_1949,3325.57
Wall Clock,SKU_1313,3324.36
Wall Clock,SKU_1010,3323.03
Wall Clock,SKU_1851,3321.23
Wall Clock,SKU_1868,3318.65
Wall Clock,SKU_1981,3315.2
Wall Clock,SKU_1946,3310.76
Wall Clock,SKU_1963,3281.52
Wall Clock,SKU_1914,3280.28
Wall Clock,SKU_1158,3274.71
Wall Clock,SKU_1423,3268.13
Wall Clock,SKU_1494,3263.33
Wall Clock,SKU_1273,3245.87
Wall Clock,SKU_1818,3243.52
Wall Clock,SKU_1521,3237.39
Wall Clock,SKU_1674,3224.55
Wall Clock,SKU_1551,3221.73
Wall Clock,SKU_1610,3221.57
Wall Clock,SKU_1859,3210.93
Wall Clock,SKU_1560,3204.1
Wall Clock,SKU_1962,3203.12
Wall Clock,SKU_1146,3201.95
Wall Clock,SKU_1920,3197.08
Wall Clock,SKU_1447,3172.26
Wall Clock,SKU_1853,3172.18
Wall Clock,SKU_1703,3168.76
Wall Clock,SKU_1295,3149.09
Wall Clock,SKU_1070,3136.04
Wall Clock,SKU_1915,3131.47
Wall Clock,SKU_1191,3114.79
Wall Clock,SKU_1532,3111.94
Wall Clock,SKU_1672,3111.1
Wall Clock,SKU_1531,3102.49
Wall Clock,SKU_1917,3092.6
Wall Clock,SKU_1823,3089.89
Wall Clock,SKU_1440,3087.93
Wall Clock,SKU_1473,3082.02
Wall Clock,SKU_1112,3080.93
Wall Clock,SKU_1890,3078.88
Wall Clock,SKU_1941,3076.54
Wall Clock,SKU_1195,3072.28
Wall Clock,SKU_1985,3069.09
Wall Clock,SKU_1053,3057.96
Wall Clock,SKU_1127,3057.72
Wall Clock,SKU_1716,3053.53
Wall Clock,SKU_1597,3048.47
Wall Clock,SKU_1346,3034.62
Wall Clock,SKU_1855,3024.2
Wall Clock,SKU_1100,3020.4
Wall Clock,SKU_1578,3009.78
Wall Clock,SKU_1844,3008.69
Wall Clock,SKU_1013,3006.83
Wall Clock,SKU_1390,3006.06
Wall Clock,SKU_1228,3005.17
Wall Clock,SKU_1292,3002.76
Wall Clock,SKU_1299,3002.7
Wall Clock,SKU_1788,2996.3
Wall Clock,SKU_1118,2990.36
Wall Clock,SKU_1563,2987.96
Wall Clock,SKU_1539,2983.09
Wall Clock,SKU_1969,2979.11
Wall Clock,SKU_1658,2975.17
Wall Clock,SKU_1881,2957.65
Wall Clock,SKU_1862,2952.27
Wall Clock,SKU_1090,2947.07
Wall Clock,SKU_1463,2935.78
Wall Clock,SKU_1870,2934.08
Wall Clock,SKU_1347,2932.33
Wall Clock,SKU_1386,2930.74
Wall Clock,SKU_1189,2921.18
Wall Clock,SKU_1954,2915.41
Wall Clock,SKU_1990,2915.33
Wall Clock,SKU_1359,2910.12
Wall Clock,SKU_1713,2906.47
Wall Clock,SKU_1154,2892.67
Wall Clock,SKU_1418,2889.3
Wall Clock,SKU_1306,2879.88
Wall Clock,SKU_1635,2873.89
Wall Clock,SKU_1950,2871.13
Wall Clock,SKU_1068,2870.22
Wall Clock,SKU_1223,2864.67
Wall Clock,SKU_1475,2853.68
Wall Clock,SKU_1121,2843.15
Wall Clock,SKU_1671,2834.06
Wall Clock,SKU_1911,2829.92
Wall Clock,SKU_1448,2825.66
Wall Clock,SKU_1800,2813.35
Wall Clock,SKU_1412,2803.74
Wall Clock,SKU_1120,2798.33
Wall Clock,SKU_1375,2797.88
Wall Clock,SKU_1389,2794.73
Wall Clock,SKU_1808,2790.94
Wall Clock,SKU_1270,2785.31
Wall Clock,SKU_1378,2771.28
Wall Clock,SKU_1670,2770.85
Wall Clock,SKU_1284,2769.91
Wall Clock,SKU_1175,2769.1
Wall Clock,SKU_1882,2742.17
Wall Clock,SKU_1619,2723.39
Wall Clock,SKU_1425,2720.95
Wall Clock,SKU_1486,2720.66
Wall Clock,SKU_1297,2714.06
Wall Clock,SKU_1506,2708.48
Wall Clock,SKU_1624,2699.37
Wall Clock,SKU_1002,2699.08
Wall Clock,SKU_1416,2695.51
Wall Clock,SKU_1596,2671.25
Wall Clock,SKU_1877,2670.78
Wall Clock,SKU_1841,2670.71
Wall Clock,SKU_1382,2668.39
Wall Clock,SKU_1466,2649.09
Wall Clock,SKU_1778,2646.66
Wall Clock,SKU_1692,2645.27
Wall Clock,SKU_1125,2628.96
Wall Clock,SKU_1948,2627.12
Wall Clock,SKU_1977,2603.71
Wall Clock,SKU_1293,2600.68
Wall Clock,SKU_1630,2592.57
Wall Clock,SKU_1052,2581.61
Wall Clock,SKU_1153,2580.93
Wall Clock,SKU_1147,2580.47
Wall Clock,SKU_1730,2576.53
Wall Clock,SKU_1269,2566.98
Wall Clock,SKU_1124,2563.49
Wall Clock,SKU_1333,2551.83
Wall Clock,SKU_1083,2546.18
Wall Clock,SKU_1637,2541.29
Wall Clock,SKU_1970,2532.39
Wall Clock,SKU_1790,2531.04
Wall Clock,SKU_1605,2522.88
Wall Clock,SKU_1472,2521.53
Wall Clock,SKU_1673,2511.1
Wall Clock,SKU_1160,2506.61
Wall Clock,SKU_1813,2506.55
Wall Clock,SKU_1688,2497.44
Wall Clock,SKU_1260,2490.42
Wall Clock,SKU_1469,2485.3
Wall Clock,SKU_1315,2483.22
Wall Clock,SKU_1187,2482.54
Wall Clock,SKU_1559,2480.36
Wall Clock,SKU_1622,2475.34
Wall Clock,SKU_1342,2469.55
Wall Clock,SKU_1912,2461.38
Wall Clock,SKU_1820,2459.1
Wall Clock,SKU_1048,2458.8
Wall Clock,SKU_1792,2450.82
Wall Clock,SKU_1860,2439.01
Wall Clock,SKU_1599,2422.62
Wall Clock,SKU_1665,2416.6
Wall Clock,SKU_1609,2413.84
Wall Clock,SKU_1066,2392.9
Wall Clock,SKU_1836,2385.59
Wall Clock,SKU_1354,2380.62
Wall Clock,SKU_1557,2370.42
Wall Clock,SKU_1492,2362.34
Wall Clock,SKU_1696,2359.42
Wall Clock,SKU_1280,2346.6
Wall Clock,SKU_1787,2344.81
Wall Clock,SKU_1876,2340.32
Wall Clock,SKU_1213,2339.56
Wall Clock,SKU_1307,2326.57
Wall Clock,SKU_1763,2322.65
Wall Clock,SKU_1259,2313.6
Wall Clock,SKU_1515,2302.09
Wall Clock,SKU_1708,2291.69
Wall Clock,SKU_1005,2287.75
Wall Clock,SKU_1508,2287.22
Wall Clock,SKU_1935,2283.75
Wall Clock,SKU_1137,2268.89
Wall Clock,SKU_1435,2260.78
Wall Clock,SKU_1907,2259.75
Wall Clock,SKU_1254,2259.18
Wall Clock,SKU_1978,2258.67
Wall Clock,SKU_1021,2237.23
Wall Clock,SKU_1723,2234.76
Wall Clock,SKU_1942,2228.15
Wall Clock,SKU_1642,2224.64
Wall Clock,SKU_1135,2222.27
Wall Clock,SKU_1524,2220.56
Wall Clock,SKU_1426,2212.9
Wall Clock,SKU_1589,2212.62
Wall Clock,SKU_1562,2195.35
Wall Clock,SKU_1257,2189.33
Wall Clock,SKU_1166,2183.84
Wall Clock,SKU_1666,2182.49
Wall Clock,SKU_1477,2179.07
Wall Clock,SKU_1321,2173.06
Wall Clock,SKU_1797,2167.09
Wall Clock,SKU_1098,2163.5
Wall Clock,SKU_1558,2155.88
Wall Clock,SKU_1441,2149.82
Wall Clock,SKU_1215,2145.24
Wall Clock,SKU_1796,2093.19
Wall Clock,SKU_1786,2087.33
Wall Clock,SKU_1569,2085.57
Wall Clock,SKU_1349,2053.15
Wall Clock,SKU_1238,2049.36
Wall Clock,SKU_1122,2048.94
Wall Clock,SKU_1060,2043.33
Wall Clock,SKU_1742,2030.82
Wall Clock,SKU_1482,2030.0
Wall Clock,SKU_1227,2027.42
Wall Clock,SKU_1415,2023.4
Wall Clock,SKU_1865,2023.17
Wall Clock,SKU_1267,2011.83
Wall Clock,SKU_1243,2006.01
Wall Clock,SKU_1592,1996.32
Wall Clock,SKU_1104,1994.08
Wall Clock,SKU_1431,1986.01
Wall Clock,SKU_1875,1981.84
Wall Clock,SKU_1144,1981.05
Wall Clock,SKU_1526,1979.11
Wall Clock,SKU_1896,1967.45
Wall Clock,SKU_1931,1960.86
Wall Clock,SKU_1062,1951.0
Wall Clock,SKU_1485,1943.43
Wall Clock,SKU_1490,1936.64
Wall Clock,SKU_1588,1918.0
Wall Clock,SKU_1495,1908.08
Wall Clock,SKU_1667,1906.82
Wall Clock,SKU_1139,1903.87
Wall Clock,SKU_1846,1896.19
Wall Clock,SKU_1282,1895.2
Wall Clock,SKU_1336,1887.6
Wall Clock,SKU_1574,1883.88
Wall Clock,SKU_1648,1874.68
Wall Clock,SKU_1031,1871.91
Wall Clock,SKU_1939,1871.44
Wall Clock,SKU_1602,1870.24
Wall Clock,SKU_1079,1833.6
Wall Clock,SKU_1945,1833.0
Wall Clock,SKU_1537,1824.0
Wall Clock,SKU_1765,1816.11
Wall Clock,SKU_1612,1798.48
Wall Clock,SKU_1849,1797.86
Wall Clock,SKU_1204,1796.84
Wall Clock,SKU_1055,1779.61
Wall Clock,SKU_1842,1774.44
Wall Clock,SKU_1291,1774.37
Wall Clock,SKU_1078,1752.95
Wall Clock,SKU_1552,1746.23
Wall Clock,SKU_1767,1745.13
Wall Clock,SKU_1231,1739.7
Wall Clock,SKU_1360,1736.75
Wall Clock,SKU_1200,1719.62
Wall Clock,SKU_1522,1717.94
Wall Clock,SKU_1364,1698.81
Wall Clock,SKU_1793,1697.8
Wall Clock,SKU_1164,1695.97
Wall Clock,SKU_1361,1689.64
Wall Clock,SKU_1974,1684.04
Wall Clock,SKU_1156,1656.44
Wall Clock,SKU_1020,1655.85
Wall Clock,SKU_1572,1649.08
Wall Clock,SKU_1998,1645.44
Wall Clock,SKU_1194,1638.52
Wall Clock,SKU_1821,1633.49
Wall Clock,SKU_1433,1628.67
Wall Clock,SKU_1379,1626.68
Wall Clock,SKU_1459,1623.41
Wall Clock,SKU_1934,1620.25
Wall Clock,SKU_1311,1619.73
Wall Clock,SKU_1681,1616.83
Wall Clock,SKU_1126,1616.68
Wall Clock,SKU_1889,1586.83
Wall Clock,SKU_1179,1578.95
Wall Clock,SKU_1966,1577.5
Wall Clock,SKU_1216,1569.73
Wall Clock,SKU_1758,1564.72
Wall Clock,SKU_1285,1555.87
Wall Clock,SKU_1331,1530.54
Wall Clock,SKU_1573,1528.76
Wall Clock,SKU_1391,1526.47
Wall Clock,SKU_1683,1496.16
Wall Clock,SKU_1514,1486.65
Wall Clock,SKU_1035,1484.31
Wall Clock,SKU_1520,1473.27
Wall Clock,SKU_1910,1459.72
Wall Clock,SKU_1111,1456.58
Wall Clock,SKU_1328,1445.78
Wall Clock,SKU_1091,1444.19
Wall Clock,SKU_1964,1430.16
Wall Clock,SKU_1538,1425.3
Wall Clock,SKU_1018,1416.32
Wall Clock,SKU_1632,1413.04
Wall Clock,SKU_1288,1407.81
Wall Clock,SKU_1253,1397.68
Wall Clock,SKU_1693,1392.01
Wall Clock,SKU_1138,1385.22
Wall Clock,SKU_1776,1365.83
Wall Clock,SKU_1947,1363.96
Wall Clock,SKU_1229,1358.15
Wall Clock,SKU_1854,1343.16
Wall Clock,SKU_1607,1337.79
Wall Clock,SKU_1754,1333.77
Wall Clock,SKU_1374,1318.53
Wall Clock,SKU_1933,1304.34
Wall Clock,SKU_1922,1303.57
Wall Clock,SKU_1894,1289.44
Wall Clock,SKU_1835,1277.75
Wall Clock,SKU_1827,1253.19
Wall Clock,SKU_1136,1229.68
Wall Clock,SKU_1037,1223.84
Wall Clock,SKU_1784,1216.51
Wall Clock,SKU_1356,1209.42
Wall Clock,SKU_1735,1206.17
Wall Clock,SKU_1221,1190.29
Wall Clock,SKU_1476,1177.6
Wall Clock,SKU_1773,1157.54
Wall Clock,SKU_1729,1149.98
Wall Clock,SKU_1805,1127.01
Wall Clock,SKU_1893,1113.13
Wall Clock,SKU_1123,1077.38
Wall Clock,SKU_1542,1076.19
Wall Clock,SKU_1230,1072.87
Wall Clock,SKU_1094,1061.19
Wall Clock,SKU_1553,1058.5
Wall Clock,SKU_1417,1050.18
Wall Clock,SKU_1369,1049.25
Wall Clock,SKU_1034,1036.1
Wall Clock,SKU_1072,1013.14
Wall Clock,SKU_1172,995.68
Wall Clock,SKU_1886,987.01
Wall Clock,SKU_1646,984.64
Wall Clock,SKU_1564,976.87
Wall Clock,SKU_1047,951.84
Wall Clock,SKU_1242,935.25
Wall Clock,SKU_1794,931.46
Wall Clock,SKU_1343,914.23
Wall Clock,SKU_1102,908.93
Wall Clock,SKU_1856,902.23
Wall Clock,SKU_1798,901.99
Wall Clock,SKU_1502,899.12
Wall Clock,SKU_1919,892.97
Wall Clock,SKU_1335,888.34
Wall Clock,SKU_1918,882.44
Wall Clock,SKU_1833,872.95
Wall Clock,SKU_1888,866.68
Wall Clock,SKU_1699,841.91
Wall Clock,SKU_1205,841.9
Wall Clock,SKU_1694,822.89
Wall Clock,SKU_1655,798.16
Wall Clock,SKU_1199,797.0
Wall Clock,SKU_1087,784.23
Wall Clock,SKU_1685,781.48
Wall Clock,SKU_1549,779.9
Wall Clock,SKU_1902,761.34
Wall Clock,SKU_1169,757.88
Wall Clock,SKU_1106,735.58
Wall Clock,SKU_1691,720.71
Wall Clock,SKU_1938,717.84
Wall Clock,SKU_1050,712.5
Wall Clock,SKU_1401,697.57
Wall Clock,SKU_1825,691.23
Wall Clock,SKU_1519,687.82
Wall Clock,SKU_1530,673.85
Wall Clock,SKU_1661,672.7
Wall Clock,SKU_1831,658.56
Wall Clock,SKU_1591,652.96
Wall Clock,SKU_1312,651.69
Wall Clock,SKU_1731,650.82
Wall Clock,SKU_1701,650.27
Wall Clock,SKU_1302,647.54
Wall Clock,SKU_1791,645.73
Wall Clock,SKU_1058,597.57
Wall Clock,SKU_1885,551.9
Wall Clock,SKU_1979,543.54
Wall Clock,SKU_1057,533.54
Wall Clock,SKU_1598,472.87
Wall Clock,SKU_1541,449.89
Wall Clock,SKU_1430,444.46
Wall Clock,SKU_1325,437.86
Wall Clock,SKU_1493,427.59
Wall Clock,SKU_1071,412.55
Wall Clock,SKU_1197,411.06
Wall Clock,SKU_1585,404.04
Wall Clock,SKU_1615,385.21
Wall Clock,SKU_1222,366.91
Wall Clock,SKU_1575,366.67
Wall Clock,SKU_1834,359.29
Wall Clock,SKU_1540,342.86
Wall Clock,SKU_1155,332.65
Wall Clock,SKU_1210,328.23
Wall Clock,SKU_1202,319.59
Wall Clock,SKU_1274,311.68
Wall Clock,SKU_1438,302.88
Wall Clock,SKU_1903,302.56
Wall Clock,SKU_1281,241.97
Wall Clock,SKU_1240,196.08
Wall Clock,SKU_1236,191.74
Wall Clock,SKU_1387,188.06
Wall Clock,SKU_1188,117.19
Wall Clock,SKU_1636,116.84
Wall Clock,SKU_1686,76.69
Wall Clock,SKU_1772,74.88
Wall Clock,SKU_1454,67.8
Wall Clock,SKU_1704,64.43
Wall Clock,SKU_1362,56.03
White Mug,SKU_1162,18824.89
White Mug,SKU_1466,17353.13
White Mug,SKU_1161,15098.08
White Mug,SKU_1976,14959.43
White Mug,SKU_1555,14867.11
White Mug,SKU_1927,14790.69
White Mug,SKU_1775,14681.33
White Mug,SKU_1381,14469.84
White Mug,SKU_1645,13843.47
White Mug,SKU_1229,13321.51
White Mug,SKU_1364,12933.72
White Mug,SKU_1639,12771.17
White Mug,SKU_1320,12736.13
White Mug,SKU_1224,12588.03
White Mug,SKU_1227,12465.18
White Mug,SKU_1151,12370.6
White Mug,SKU_1342,12059.2
White Mug,SKU_1014,11975.0
White Mug,SKU_1097,11966.83
White Mug,SKU_1893,11773.04
White Mug,SKU_1655,11710.35
White Mug,SKU_1272,11673.73
White Mug,SKU_1793,11435.83
White Mug,SKU_1336,11413.17
White Mug,SKU_1232,11359.69
White Mug,SKU_1788,11216.13
White Mug,SKU_1479,11211.09
White Mug,SKU_1007,11198.27
White Mug,SKU_1970,11152.46
White Mug,SKU_1166,11146.96
White Mug,SKU_1515,11114.07
White Mug,SKU_1080,10777.48
White Mug,SKU_1420,10767.65
White Mug,SKU_1623,10729.79
White Mug,SKU_1429,10712.47
White Mug,SKU_1488,10542.71
White Mug,SKU_1051,10521.24
White Mug,SKU_1529,10487.63
White Mug,SKU_1803,10464.98
White Mug,SKU_1790,10364.92
White Mug,SKU_1741,10262.52
White Mug,SKU_1855,10250.38
White Mug,SKU_1638,10228.9
White Mug,SKU_1982,10201.71
White Mug,SKU_1188,10166.77
White Mug,SKU_1553,10111.26
White Mug,SKU_1728,10038.91
White Mug,SKU_1678,10029.78
White Mug,SKU_1465,10024.32
White Mug,SKU_1857,9981.93
White Mug,SKU_1968,9965.29
White Mug,SKU_1103,9944.53
White Mug,SKU_1898,9931.86
White Mug,SKU_1401,9849.71
White Mug,SKU_1129,9810.44
White Mug,SKU_1463,9780.74
White Mug,SKU_1241,9748.3
White Mug,SKU_1179,9603.64
White Mug,SKU_1953,9585.8
White Mug,SKU_1005,9477.7
White Mug,SKU_1609,9466.07
White Mug,SKU_1366,9356.91
White Mug,SKU_1293,9318.31
White Mug,SKU_1514,9298.45
White Mug,SKU_1119,9291.37
White Mug,SKU_1118,9286.31
White Mug,SKU_1279,9272.9
White Mug,SKU_1863,9229.63
White Mug,SKU_1070,9186.03
White Mug,SKU_1380,9177.76
White Mug,SKU_1475,9133.58
White Mug,SKU_1225,9126.58
White Mug,SKU_1290,9091.96
White Mug,SKU_1506,9081.49
White Mug,SKU_1808,9065.07
White Mug,SKU_1246,9021.38
White Mug,SKU_1263,8987.27
White Mug,SKU_1439,8972.4
White Mug,SKU_1009,8959.17
White Mug,SKU_1886,8931.98
White Mug,SKU_1404,8919.68
White Mug,SKU_1455,8875.27
White Mug,SKU_1337,8864.49
White Mug,SKU_1306,8778.27
White Mug,SKU_1020,8749.43
White Mug,SKU_1287,8722.85
White Mug,SKU_1755,8702.26
White Mug,SKU_1143,8650.24
White Mug,SKU_1016,8607.11
White Mug,SKU_1157,8602.44
White Mug,SKU_1346,8589.84
White Mug,SKU_1764,8492.41
White Mug,SKU_1180,8403.2
White Mug,SKU_1223,8362.65
White Mug,SKU_1554,8329.43
White Mug,SKU_1882,8315.85
White Mug,SKU_1106,8314.03
White Mug,SKU_1408,8313.21
White Mug,SKU_1830,8312.08
White Mug,SKU_1935,8277.79
White Mug,SKU_1538,8247.1
White Mug,SKU_1234,8246.23
White Mug,SKU_1231,8243.11
White Mug,SKU_1323,8235.81
White Mug,SKU_1063,8232.18
White Mug,SKU_1104,8216.98
White Mug,SKU_1218,8209.24
White Mug,SKU_1986,8178.61
White Mug,SKU_1606,8144.16
White Mug,SKU_1148,8134.77
White Mug,SKU_1817,8116.85
White Mug,SKU_1810,8107.43
White Mug,SKU_1253,8087.67
White Mug,SKU_1677,8075.21
White Mug,SKU_1213,8065.41
White Mug,SKU_1318,8020.53
White Mug,SKU_1013,7990.53
White Mug,SKU_1291,7969.23
White Mug,SKU_1134,7957.05
White Mug,SKU_1871,7908.13
White Mug,SKU_1732,7897.39
White Mug,SKU_1749,7872.67
White Mug,SKU_1628,7864.29
White Mug,SKU_1786,7835.85
White Mug,SKU_1037,7820.53
White Mug,SKU_1525,7809.78
White Mug,SKU_1470,7793.17
White Mug,SKU_1489,7785.65
White Mug,SKU_1694,7745.25
White Mug,SKU_1155,7734.74
White Mug,SKU_1950,7720.16
White Mug,SKU_1277,7679.32
White Mug,SKU_1914,7651.85
White Mug,SKU_1867,7646.46
White Mug,SKU_1220,7638.54
White Mug,SKU_1724,7598.99
White Mug,SKU_1586,7590.1
White Mug,SKU_1753,7557.53
White Mug,SKU_1680,7548.65
White Mug,SKU_1384,7473.97
White Mug,SKU_1146,7469.61
White Mug,SKU_1407,7456.21
White Mug,SKU_1580,7456.17
White Mug,SKU_1001,7446.37
White Mug,SKU_1706,7445.63
White Mug,SKU_1021,7445.47
White Mug,SKU_1198,7439.51
White Mug,SKU_1653,7439.16
White Mug,SKU_1827,7408.6
White Mug,SKU_1940,7408.43
White Mug,SKU_1961,7384.59
White Mug,SKU_1026,7367.03
White Mug,SKU_1018,7351.08
White Mug,SKU_1505,7349.17
White Mug,SKU_1499,7342.91
White Mug,SKU_1854,7325.56
White Mug,SKU_1647,7325.35
White Mug,SKU_1430,7319.05
White Mug,SKU_1520,7316.13
White Mug,SKU_1835,7237.81
White Mug,SKU_1410,7217.96
White Mug,SKU_1589,7209.4
White Mug,SKU_1156,7196.95
White Mug,SKU_1056,7196.49
White Mug,SKU_1657,7172.07
White Mug,SKU_1829,7168.81
White Mug,SKU_1614,7160.64
White Mug,SKU_1948,7159.4
White Mug,SKU_1562,7156.34
White Mug,SKU_1904,7126.71
White Mug,SKU_1077,7113.48
White Mug,SKU_1045,7102.07
White Mug,SKU_1776,7091.62
White Mug,SKU_1190,7076.76
White Mug,SKU_1206,7067.76
White Mug,SKU_1418,7064.42
White Mug,SKU_1383,7046.43
White Mug,SKU_1254,7031.06
White Mug,SKU_1660,6976.69
White Mug,SKU_1382,6942.75
White Mug,SKU_1215,6930.79
White Mug,SKU_1452,6873.28
White Mug,SKU_1193,6872.41
White Mug,SKU_1128,6867.35
White Mug,SKU_1378,6840.21
White Mug,SKU_1330,6838.01
White Mug,SKU_1409,6831.5
White Mug,SKU_1286,6831.05
White Mug,SKU_1376,6827.12
White Mug,SKU_1864,6816.08
White Mug,SKU_1458,6814.31
White Mug,SKU_1838,6805.6
White Mug,SKU_1497,6801.08
White Mug,SKU_1074,6790.89
White Mug,SKU_1738,6770.15
White Mug,SKU_1087,6768.69
White Mug,SKU_1433,6766.15
White Mug,SKU_1002,6753.11
White Mug,SKU_1735,6728.57
White Mug,SKU_1150,6726.75
White Mug,SKU_1714,6693.18
White Mug,SKU_1897,6692.25
White Mug,SKU_1038,6667.34
White Mug,SKU_1991,6637.79
White Mug,SKU_1559,6629.42
White Mug,SKU_1207,6611.56
White Mug,SKU_1012,6589.8
White Mug,SKU_1335,6586.21
White Mug,SKU_1856,6548.77
White Mug,SKU_1922,6542.4
White Mug,SKU_1053,6540.83
White Mug,SKU_1245,6540.08
White Mug,SKU_1805,6529.22
White Mug,SKU_1891,6516.02
White Mug,SKU_1634,6509.02
White Mug,SKU_1302,6490.08
White Mug,SKU_1997,6489.75
White Mug,SKU_1884,6453.61
White Mug,SKU_1249,6430.74
White Mug,SKU_1205,6423.78
White Mug,SKU_1192,6422.33
White Mug,SKU_1845,6411.89
White Mug,SKU_1965,6372.93
White Mug,SKU_1066,6365.78
White Mug,SKU_1177,6359.09
White Mug,SKU_1943,6357.94
White Mug,SKU_1757,6340.23
White Mug,SKU_1111,6314.89
White Mug,SKU_1522,6301.0
White Mug,SKU_1723,6289.03
White Mug,SKU_1196,6283.47
White Mug,SKU_1503,6272.71
White Mug,SKU_1930,6264.28
White Mug,SKU_1252,6255.03
White Mug,SKU_1549,6245.25
White Mug,SKU_1523,6213.76
White Mug,SKU_1089,6197.31
White Mug,SKU_1831,6194.5
White Mug,SKU_1126,6183.51
White Mug,SKU_1640,6166.31
White Mug,SKU_1054,6163.27
White Mug,SKU_1230,6153.95
White Mug,SKU_1416,6145.21
White Mug,SKU_1203,6138.18
White Mug,SKU_1212,6131.01
White Mug,SKU_1328,6101.11
White Mug,SKU_1648,6076.63
White Mug,SKU_1591,6022.83
White Mug,SKU_1269,6010.22
White Mug,SKU_1259,5995.8
White Mug,SKU_1841,5984.77
White Mug,SKU_1955,5981.91
White Mug,SKU_1008,5964.82
White Mug,SKU_1296,5922.04
White Mug,SKU_1848,5901.83
White Mug,SKU_1504,5885.56
White Mug,SKU_1674,5879.89
White Mug,SKU_1853,5870.92
White Mug,SKU_1629,5835.82
White Mug,SKU_1971,5824.53
White Mug,SKU_1610,5819.7
White Mug,SKU_1507,5813.19
White Mug,SKU_1852,5804.85
White Mug,SKU_1348,5803.38
White Mug,SKU_1931,5802.89
White Mug,SKU_1307,5792.21
White Mug,SKU_1821,5790.71
White Mug,SKU_1147,5769.3
White Mug,SKU_1807,5748.87
White Mug,SKU_1630,5748.3
White Mug,SKU_1832,5746.44
White Mug,SKU_1341,5730.66
White Mug,SKU_1368,5728.43
White Mug,SKU_1152,5724.72
White Mug,SKU_1572,5712.33
White Mug,SKU_1308,5696.6
White Mug,SKU_1603,5692.98
White Mug,SKU_1257,5689.57
White Mug,SKU_1168,5678.09
White Mug,SKU_1000,5672.01
White Mug,SKU_1951,5654.11
White Mug,SKU_1487,5641.82
White Mug,SKU_1902,5632.06
White Mug,SKU_1683,5627.46
White Mug,SKU_1617,5623.84
White Mug,SKU_1044,5623.76
White Mug,SKU_1512,5618.1
White Mug,SKU_1962,5611.44
White Mug,SKU_1868,5610.81
White Mug,SKU_1327,5585.5
White Mug,SKU_1024,5579.64
White Mug,SKU_1402,5572.16
White Mug,SKU_1338,5570.4
White Mug,SKU_1427,5565.91
White Mug,SKU_1413,5561.07
White Mug,SKU_1598,5529.02
White Mug,SKU_1375,5507.6
White Mug,SKU_1652,5484.45
White Mug,SKU_1799,5478.67
White Mug,SKU_1616,5471.23
White Mug,SKU_1860,5468.03
White Mug,SKU_1195,5467.99
White Mug,SKU_1957,5461.52
White Mug,SKU_1075,5458.57
White Mug,SKU_1349,5451.62
White Mug,SKU_1361,5445.69
White Mug,SKU_1781,5444.17
White Mug,SKU_1921,5433.63
White Mug,SKU_1228,5425.92
White Mug,SKU_1385,5419.65
White Mug,SKU_1387,5395.27
White Mug,SKU_1579,5376.25
White Mug,SKU_1354,5370.01
White Mug,SKU_1936,5362.76
White Mug,SKU_1685,5355.41
White Mug,SKU_1209,5339.86
White Mug,SKU_1025,5335.77
White Mug,SKU_1027,5324.4
White Mug,SKU_1339,5321.91
White Mug,SKU_1878,5317.73
White Mug,SKU_1661,5313.82
White Mug,SKU_1078,5296.08
White Mug,SKU_1667,5295.34
White Mug,SKU_1552,5294.23
White Mug,SKU_1709,5293.44
White Mug,SKU_1456,5290.43
White Mug,SKU_1486,5279.74
White Mug,SKU_1686,5276.37
White Mug,SKU_1907,5273.78
White Mug,SKU_1959,5262.62
White Mug,SKU_1967,5253.69
White Mug,SKU_1125,5253.66
White Mug,SKU_1394,5228.95
White Mug,SKU_1905,5215.3
White Mug,SKU_1664,5213.93
White Mug,SKU_1345,5212.81
White Mug,SKU_1711,5212.7
White Mug,SKU_1697,5198.69
White Mug,SKU_1260,5187.62
White Mug,SKU_1098,5173.47
White Mug,SKU_1216,5158.1
White Mug,SKU_1200,5156.76
White Mug,SKU_1984,5154.88
White Mug,SKU_1396,5150.17
White Mug,SKU_1670,5147.55
White Mug,SKU_1550,5143.88
White Mug,SKU_1360,5143.61
White Mug,SKU_1022,5142.14
White Mug,SKU_1112,5142.1
White Mug,SKU_1918,5137.82
White Mug,SKU_1311,5130.02
White Mug,SKU_1251,5119.42
White Mug,SKU_1999,5114.5
White Mug,SKU_1896,5109.87
White Mug,SKU_1163,5104.86
White Mug,SKU_1313,5097.52
White Mug,SKU_1794,5085.37
White Mug,SKU_1294,5079.5
White Mug,SKU_1035,5077.39
White Mug,SKU_1105,5075.41
White Mug,SKU_1379,5064.62
White Mug,SKU_1419,5063.97
White Mug,SKU_1369,5062.59
White Mug,SKU_1701,5055.08
White Mug,SKU_1546,5048.18
White Mug,SKU_1219,5043.7
White Mug,SKU_1906,5021.1
White Mug,SKU_1288,5019.02
White Mug,SKU_1889,5017.7
White Mug,SKU_1133,5002.45
White Mug,SKU_1748,5000.73
White Mug,SKU_1415,4994.28
White Mug,SKU_1138,4985.14
White Mug,SKU_1676,4983.67
White Mug,SKU_1556,4983.16
White Mug,SKU_1204,4970.08
White Mug,SKU_1571,4961.32
White Mug,SKU_1217,4955.17
White Mug,SKU_1492,4935.19
White Mug,SKU_1892,4913.34
White Mug,SKU_1746,4899.58
White Mug,SKU_1508,4883.58
White Mug,SKU_1036,4875.0
White Mug,SKU_1542,4854.66
White Mug,SKU_1666,4854.33
White Mug,SKU_1851,4847.89
White Mug,SKU_1528,4844.87
White Mug,SKU_1947,4841.93
White Mug,SKU_1171,4836.79
White Mug,SKU_1547,4835.49
White Mug,SKU_1963,4832.71
White Mug,SKU_1141,4823.25
White Mug,SKU_1592,4818.02
White Mug,SKU_1910,4817.26
White Mug,SKU_1981,4810.5
White Mug,SKU_1500,4779.77
White Mug,SKU_1656,4778.28
White Mug,SKU_1576,4750.18
White Mug,SKU_1996,4748.93
White Mug,SKU_1626,4736.95
White Mug,SKU_1496,4730.67
White Mug,SKU_1102,4722.8
White Mug,SKU_1834,4709.85
White Mug,SKU_1350,4701.01
White Mug,SKU_1887,4700.81
White Mug,SKU_1191,4699.3
White Mug,SKU_1773,4688.35
White Mug,SKU_1849,4653.57
White Mug,SKU_1064,4631.27
White Mug,SKU_1710,4627.09
White Mug,SKU_1777,4596.71
White Mug,SKU_1144,4595.5
White Mug,SKU_1019,4563.5
White Mug,SKU_1397,4561.71
White Mug,SKU_1123,4560.4
White Mug,SKU_1705,4555.17
White Mug,SKU_1958,4553.29
White Mug,SKU_1619,4550.9
White Mug,SKU_1581,4530.45
White Mug,SKU_1011,4523.07
White Mug,SKU_1513,4519.59
White Mug,SKU_1476,4519.24
White Mug,SKU_1754,4507.51
White Mug,SKU_1082,4506.9
White Mug,SKU_1283,4495.15
White Mug,SKU_1682,4492.38
White Mug,SKU_1285,4462.18
White Mug,SKU_1443,4444.37
White Mug,SKU_1668,4432.35
White Mug,SKU_1344,4427.54
White Mug,SKU_1516,4421.36
White Mug,SKU_1949,4413.19
White Mug,SKU_1130,4404.97
White Mug,SKU_1594,4401.35
White Mug,SKU_1894,4399.91
White Mug,SKU_1574,4397.09
White Mug,SKU_1726,4380.69
White Mug,SKU_1980,4375.75
White Mug,SKU_1334,4372.8
White Mug,SKU_1284,4365.04
White Mug,SKU_1663,4364.58
White Mug,SKU_1917,4361.32
White Mug,SKU_1915,4335.35
White Mug,SKU_1086,4334.18
White Mug,SKU_1954,4326.65
White Mug,SKU_1802,4317.48
White Mug,SKU_1833,4313.73
White Mug,SKU_1248,4300.92
White Mug,SKU_1178,4291.69
White Mug,SKU_1718,4290.79
White Mug,SKU_1985,4289.42
White Mug,SKU_1238,4279.39
White Mug,SKU_1300,4271.84
White Mug,SKU_1440,4266.23
White Mug,SKU_1621,4258.82
White Mug,SKU_1094,4256.9
White Mug,SKU_1814,4251.54
White Mug,SKU_1620,4250.12
White Mug,SKU_1695,4248.23
White Mug,SKU_1137,4244.57
White Mug,SKU_1256,4241.59
White Mug,SKU_1722,4215.28
White Mug,SKU_1973,4208.93
White Mug,SKU_1847,4207.62
White Mug,SKU_1688,4201.23
White Mug,SKU_1169,4193.4
White Mug,SKU_1690,4192.47
White Mug,SKU_1422,4187.17
White Mug,SKU_1960,4179.48
White Mug,SKU_1389,4177.48
White Mug,SKU_1751,4175.29
White Mug,SKU_1923,4158.88
White Mug,SKU_1944,4130.41
White Mug,SKU_1028,4110.86
White Mug,SKU_1932,4110.19
White Mug,SKU_1373,4108.49
White Mug,SKU_1109,4097.17
White Mug,SKU_1818,4095.58
White Mug,SKU_1840,4091.62
White Mug,SKU_1643,4091.51
White Mug,SKU_1441,4090.78
White Mug,SKU_1939,4082.2
White Mug,SKU_1613,4078.23
White Mug,SKU_1752,4064.22
White Mug,SKU_1524,4057.3
White Mug,SKU_1881,4056.77
White Mug,SKU_1843,4049.81
White Mug,SKU_1874,4047.9
White Mug,SKU_1646,4046.04
White Mug,SKU_1405,4037.33
White Mug,SKU_1417,4023.04
White Mug,SKU_1226,4017.43
White Mug,SKU_1004,4016.19
White Mug,SKU_1100,4008.78
White Mug,SKU_1478,4004.15
White Mug,SKU_1543,3995.69
White Mug,SKU_1780,3989.02
White Mug,SKU_1933,3988.8
White Mug,SKU_1585,3988.27
White Mug,SKU_1221,3988.2
White Mug,SKU_1665,3971.42
White Mug,SKU_1745,3956.94
White Mug,SKU_1929,3945.39
White Mug,SKU_1412,3944.3
White Mug,SKU_1659,3939.63
White Mug,SKU_1798,3938.29
White Mug,SKU_1945,3915.85
White Mug,SKU_1289,3912.07
White Mug,SKU_1595,3905.11
White Mug,SKU_1730,3893.91
White Mug,SKU_1472,3891.33
White Mug,SKU_1315,3880.96
White Mug,SKU_1331,3856.88
White Mug,SKU_1333,3844.66
White Mug,SKU_1049,3843.77
White Mug,SKU_1789,3824.8
White Mug,SKU_1395,3815.93
White Mug,SKU_1725,3812.3
White Mug,SKU_1739,3809.85
White Mug,SKU_1604,3795.78
White Mug,SKU_1737,3794.23
White Mug,SKU_1813,3791.11
White Mug,SKU_1607,3790.32
White Mug,SKU_1702,3780.87
White Mug,SKU_1618,3769.16
White Mug,SKU_1356,3762.19
White Mug,SKU_1987,3717.13
White Mug,SKU_1716,3712.12
White Mug,SKU_1468,3707.07
White Mug,SKU_1796,3706.63
White Mug,SKU_1812,3697.73
White Mug,SKU_1240,3692.32
White Mug,SKU_1365,3682.9
White Mug,SKU_1712,3679.38
White Mug,SKU_1003,3679.09
White Mug,SKU_1978,3667.3
White Mug,SKU_1357,3666.59
White Mug,SKU_1774,3663.49
White Mug,SKU_1636,3650.54
White Mug,SKU_1073,3648.54
White Mug,SKU_1201,3647.73
White Mug,SKU_1823,3644.48
White Mug,SKU_1120,3639.09
White Mug,SKU_1535,3638.25
White Mug,SKU_1631,3613.87
White Mug,SKU_1176,3606.74
White Mug,SKU_1322,3599.52
White Mug,SKU_1924,3572.59
White Mug,SKU_1946,3563.19
White Mug,SKU_1309,3552.33
White Mug,SKU_1493,3540.98
White Mug,SKU_1583,3526.4
White Mug,SKU_1662,3521.43
White Mug,SKU_1596,3520.82
White Mug,SKU_1719,3516.06
White Mug,SKU_1858,3503.64
White Mug,SKU_1530,3500.92
White Mug,SKU_1115,3486.84
White Mug,SKU_1370,3485.33
White Mug,SKU_1017,3480.48
White Mug,SKU_1761,3480.27
White Mug,SKU_1046,3478.65
White Mug,SKU_1174,3476.47
White Mug,SKU_1321,3471.85
White Mug,SKU_1305,3455.86
White Mug,SKU_1450,3454.83
White Mug,SKU_1170,3447.82
White Mug,SKU_1879,3446.5
White Mug,SKU_1442,3434.23
White Mug,SKU_1183,3432.72
White Mug,SKU_1099,3432.53
White Mug,SKU_1235,3427.21
White Mug,SKU_1548,3421.1
White Mug,SKU_1966,3410.14
White Mug,SKU_1250,3408.93
White Mug,SKU_1392,3407.08
White Mug,SKU_1575,3405.43
White Mug,SKU_1485,3386.57
White Mug,SKU_1972,3383.03
White Mug,SKU_1989,3381.43
White Mug,SKU_1474,3380.82
White Mug,SKU_1866,3376.15
White Mug,SKU_1729,3372.69
White Mug,SKU_1140,3366.7
White Mug,SKU_1736,3356.64
White Mug,SKU_1819,3345.9
White Mug,SKU_1211,3337.79
White Mug,SKU_1633,3329.35
White Mug,SKU_1765,3313.72
White Mug,SKU_1273,3313.37
White Mug,SKU_1778,3311.83
White Mug,SKU_1850,3300.88
White Mug,SKU_1675,3297.04
White Mug,SKU_1101,3275.34
White Mug,SKU_1447,3268.66
White Mug,SKU_1446,3267.07
White Mug,SKU_1233,3265.22
White Mug,SKU_1779,3257.23
White Mug,SKU_1058,3246.53
White Mug,SKU_1601,3236.97
White Mug,SKU_1039,3225.34
White Mug,SKU_1145,3217.28
White Mug,SKU_1919,3213.27
White Mug,SKU_1974,3213.04
White Mug,SKU_1108,3211.73
White Mug,SKU_1539,3208.55
White Mug,SKU_1324,3203.87
White Mug,SKU_1113,3198.07
White Mug,SKU_1403,3182.61
White Mug,SKU_1451,3179.8
White Mug,SKU_1895,3179.11
White Mug,SKU_1372,3171.39
White Mug,SKU_1704,3165.61
White Mug,SKU_1462,3160.2
White Mug,SKU_1587,3160.03
White Mug,SKU_1367,3149.32
White Mug,SKU_1391,3133.88
White Mug,SKU_1010,3132.36
White Mug,SKU_1993,3126.68
White Mug,SKU_1187,3116.63
White Mug,SKU_1570,3113.26
White Mug,SKU_1352,3112.86
White Mug,SKU_1135,3108.25
White Mug,SKU_1491,3106.78
White Mug,SKU_1374,3104.78
White Mug,SKU_1837,3084.99
White Mug,SKU_1558,3074.8
White Mug,SKU_1501,3063.99
White Mug,SKU_1658,3043.67
White Mug,SKU_1768,3041.22
White Mug,SKU_1062,3038.96
White Mug,SKU_1071,3037.5
White Mug,SKU_1124,3035.98
White Mug,SKU_1149,3014.2
White Mug,SKU_1329,2999.97
White Mug,SKU_1081,2998.78
White Mug,SKU_1763,2990.21
White Mug,SKU_1941,2988.89
White Mug,SKU_1406,2988.58
White Mug,SKU_1942,2971.16
White Mug,SKU_1060,2948.2
White Mug,SKU_1717,2943.77
White Mug,SKU_1363,2926.52
White Mug,SKU_1411,2926.18
White Mug,SKU_1622,2919.83
White Mug,SKU_1258,2905.57
White Mug,SKU_1072,2900.13
White Mug,SKU_1816,2891.35
White Mug,SKU_1811,2890.73
White Mug,SKU_1457,2882.79
White Mug,SKU_1132,2876.16
White Mug,SKU_1042,2874.09
White Mug,SKU_1184,2872.08
White Mug,SKU_1720,2868.2
White Mug,SKU_1092,2853.54
White Mug,SKU_1992,2846.02
White Mug,SKU_1759,2845.57
White Mug,SKU_1110,2841.37
White Mug,SKU_1909,2840.17
White Mug,SKU_1340,2839.29
White Mug,SKU_1371,2831.82
White Mug,SKU_1654,2813.33
White Mug,SKU_1721,2810.96
White Mug,SKU_1869,2797.61
White Mug,SKU_1707,2793.78
White Mug,SKU_1029,2790.3
White Mug,SKU_1445,2789.47
White Mug,SKU_1611,2781.09
White Mug,SKU_1743,2775.69
White Mug,SKU_1900,2774.18
White Mug,SKU_1566,2753.8
White Mug,SKU_1434,2748.48
White Mug,SKU_1979,2720.78
White Mug,SKU_1030,2713.08
White Mug,SKU_1107,2698.17
White Mug,SKU_1578,2697.92
White Mug,SKU_1127,2678.73
White Mug,SKU_1437,2673.36
White Mug,SKU_1568,2663.92
White Mug,SKU_1482,2655.94
White Mug,SKU_1186,2655.05
White Mug,SKU_1484,2653.99
White Mug,SKU_1436,2647.48
White Mug,SKU_1114,2647.37
White Mug,SKU_1582,2643.94
White Mug,SKU_1314,2640.29
White Mug,SKU_1303,2638.02
White Mug,SKU_1635,2636.34
White Mug,SKU_1047,2630.24
White Mug,SKU_1998,2621.08
White Mug,SKU_1822,2615.46
White Mug,SKU_1977,2613.96
White Mug,SKU_1292,2607.15
White Mug,SKU_1637,2605.78
White Mug,SKU_1268,2598.82
White Mug,SKU_1590,2579.34
White Mug,SKU_1480,2576.29
White Mug,SKU_1791,2570.34
White Mug,SKU_1627,2567.63
White Mug,SKU_1511,2561.25
White Mug,SKU_1461,2557.8
White Mug,SKU_1154,2552.43
White Mug,SKU_1495,2550.09
White Mug,SKU_1536,2540.09
White Mug,SKU_1920,2539.26
White Mug,SKU_1359,2538.84
White Mug,SKU_1136,2532.6
White Mug,SKU_1744,2529.13
White Mug,SKU_1055,2509.82
White Mug,SKU_1386,2487.38
White Mug,SKU_1669,2480.59
White Mug,SKU_1438,2472.03
White Mug,SKU_1681,2448.85
White Mug,SKU_1673,2448.53
White Mug,SKU_1708,2447.03
White Mug,SKU_1043,2443.1
White Mug,SKU_1800,2435.22
White Mug,SKU_1527,2433.07
White Mug,SKU_1069,2417.22
White Mug,SKU_1518,2415.62
White Mug,SKU_1876,2404.64
White Mug,SKU_1649,2404.36
White Mug,SKU_1934,2379.61
White Mug,SKU_1783,2358.68
White Mug,SKU_1181,2353.5
White Mug,SKU_1068,2348.05
White Mug,SKU_1784,2347.74
White Mug,SKU_1772,2339.42
White Mug,SKU_1771,2337.75
White Mug,SKU_1750,2334.64
White Mug,SKU_1700,2331.71
White Mug,SKU_1091,2328.69
White Mug,SKU_1131,2308.71
White Mug,SKU_1426,2307.27
White Mug,SKU_1885,2307.11
White Mug,SKU_1424,2306.97
White Mug,SKU_1557,2301.25
White Mug,SKU_1050,2279.82
White Mug,SKU_1687,2270.42
White Mug,SKU_1767,2270.32
White Mug,SKU_1544,2261.99
White Mug,SKU_1428,2248.13
White Mug,SKU_1274,2231.23
White Mug,SKU_1398,2230.81
White Mug,SKU_1444,2219.15
White Mug,SKU_1122,2213.82
White Mug,SKU_1431,2201.48
White Mug,SKU_1861,2192.78
White Mug,SKU_1202,2189.19
White Mug,SKU_1210,2187.85
White Mug,SKU_1377,2182.79
White Mug,SKU_1651,2181.0
White Mug,SKU_1956,2179.27
White Mug,SKU_1278,2174.28
White Mug,SKU_1270,2165.27
White Mug,SKU_1267,2154.33
White Mug,SKU_1242,2150.82
White Mug,SKU_1844,2150.14
White Mug,SKU_1756,2133.36
White Mug,SKU_1727,2127.46
White Mug,SKU_1699,2125.52
White Mug,SKU_1473,2121.45
White Mug,SKU_1052,2120.14
White Mug,SKU_1795,2113.85
White Mug,SKU_1255,2106.29
White Mug,SKU_1715,2095.34
White Mug,SKU_1785,2089.03
White Mug,SKU_1938,2063.45
White Mug,SKU_1908,2057.52
White Mug,SKU_1903,2056.21
White Mug,SKU_1261,2053.38
White Mug,SKU_1519,2040.34
White Mug,SKU_1153,2035.02
White Mug,SKU_1605,2034.03
White Mug,SKU_1175,2029.58
White Mug,SKU_1399,2027.07
White Mug,SKU_1873,2019.61
White Mug,SKU_1343,2019.6
White Mug,SKU_1282,2019.13
White Mug,SKU_1964,2011.59
White Mug,SKU_1625,2004.49
White Mug,SKU_1299,2001.93
White Mug,SKU_1093,1994.24
White Mug,SKU_1684,1990.68
White Mug,SKU_1541,1981.68
White Mug,SKU_1531,1969.2
White Mug,SKU_1477,1968.63
White Mug,SKU_1588,1960.76
White Mug,SKU_1916,1947.11
White Mug,SKU_1880,1944.62
White Mug,SKU_1533,1944.37
White Mug,SKU_1517,1941.71
White Mug,SKU_1059,1940.54
White Mug,SKU_1828,1930.6
White Mug,SKU_1067,1913.69
White Mug,SKU_1952,1907.65
White Mug,SKU_1208,1893.64
White Mug,SKU_1185,1886.45
White Mug,SKU_1975,1879.23
White Mug,SKU_1679,1877.77
White Mug,SKU_1937,1870.45
White Mug,SKU_1490,1865.95
White Mug,SKU_1194,1863.12
White Mug,SKU_1172,1859.4
White Mug,SKU_1295,1845.34
White Mug,SKU_1994,1825.64
White Mug,SKU_1797,1822.15
White Mug,SKU_1449,1821.71
White Mug,SKU_1804,1801.5
White Mug,SKU_1703,1797.75
White Mug,SKU_1526,1778.49
White Mug,SKU_1787,1760.59
White Mug,SKU_1448,1758.81
White Mug,SKU_1820,1737.73
White Mug,SKU_1577,1730.64
White Mug,SKU_1015,1723.78
White Mug,SKU_1600,1715.7
White Mug,SKU_1182,1713.66
White Mug,SKU_1551,1701.52
White Mug,SKU_1836,1699.77
White Mug,SKU_1095,1691.66
White Mug,SKU_1565,1687.69
White Mug,SKU_1713,1681.88
White Mug,SKU_1353,1666.15
White Mug,SKU_1561,1647.39
White Mug,SKU_1281,1644.66
White Mug,SKU_1165,1642.48
White Mug,SKU_1691,1637.28
White Mug,SKU_1085,1633.09
White Mug,SKU_1494,1631.55
White Mug,SKU_1317,1625.21
White Mug,SKU_1262,1622.73
White Mug,SKU_1602,1619.3
White Mug,SKU_1264,1618.87
White Mug,SKU_1650,1608.46
White Mug,SKU_1142,1599.32
White Mug,SKU_1173,1593.28
White Mug,SKU_1758,1583.09
White Mug,SKU_1023,1582.56
White Mug,SKU_1769,1569.98
White Mug,SKU_1760,1567.3
White Mug,SKU_1569,1566.84
White Mug,SKU_1859,1556.75
White Mug,SKU_1301,1531.39
White Mug,SKU_1325,1526.25
White Mug,SKU_1870,1525.96
White Mug,SKU_1006,1524.36
White Mug,SKU_1421,1500.89
White Mug,SKU_1597,1486.08
White Mug,SKU_1083,1482.04
White Mug,SKU_1033,1481.58
White Mug,SKU_1197,1481.11
White Mug,SKU_1117,1475.19
White Mug,SKU_1510,1466.76
White Mug,SKU_1502,1463.36
White Mug,SKU_1615,1462.4
White Mug,SKU_1901,1421.97
White Mug,SKU_1160,1409.75
White Mug,SKU_1088,1394.49
White Mug,SKU_1351,1393.81
White Mug,SKU_1983,1370.24
White Mug,SKU_1782,1343.01
White Mug,SKU_1057,1333.61
White Mug,SKU_1298,1327.04
White Mug,SKU_1096,1309.75
White Mug,SKU_1509,1292.14
White Mug,SKU_1459,1275.16
White Mug,SKU_1988,1275.15
White Mug,SKU_1672,1268.96
White Mug,SKU_1809,1264.03
White Mug,SKU_1236,1254.4
White Mug,SKU_1842,1249.98
White Mug,SKU_1347,1244.25
White Mug,SKU_1969,1234.86
White Mug,SKU_1304,1231.82
White Mug,SKU_1995,1221.13
White Mug,SKU_1355,1183.85
White Mug,SKU_1875,1182.67
White Mug,SKU_1332,1178.02
White Mug,SKU_1584,1176.69
White Mug,SKU_1237,1165.1
White Mug,SKU_1158,1155.58
White Mug,SKU_1671,1143.9
White Mug,SKU_1483,1142.7
White Mug,SKU_1400,1133.88
White Mug,SKU_1276,1128.75
White Mug,SKU_1540,1094.04
White Mug,SKU_1297,1081.49
White Mug,SKU_1065,1062.32
White Mug,SKU_1762,1061.17
White Mug,SKU_1040,1059.44
White Mug,SKU_1877,1058.24
White Mug,SKU_1222,1055.91
White Mug,SKU_1467,1042.4
White Mug,SKU_1545,1032.99
White Mug,SKU_1393,1030.25
White Mug,SKU_1275,1028.0
White Mug,SKU_1139,1013.21
White Mug,SKU_1846,987.76
White Mug,SKU_1481,980.45
White Mug,SKU_1608,955.31
White Mug,SKU_1824,950.41
White Mug,SKU_1740,942.94
White Mug,SKU_1214,923.1
White Mug,SKU_1747,923.05
White Mug,SKU_1312,907.28
White Mug,SKU_1061,892.07
White Mug,SKU_1471,875.38
White Mug,SKU_1498,865.98
White Mug,SKU_1792,859.97
White Mug,SKU_1612,855.73
White Mug,SKU_1247,853.08
White Mug,SKU_1911,851.2
White Mug,SKU_1564,848.51
White Mug,SKU_1806,844.74
White Mug,SKU_1362,838.02
White Mug,SKU_1696,836.9
White Mug,SKU_1041,813.89
White Mug,SKU_1390,811.73
White Mug,SKU_1199,805.49
White Mug,SKU_1593,804.4
White Mug,SKU_1031,797.2
White Mug,SKU_1692,792.71
White Mug,SKU_1460,773.06
White Mug,SKU_1319,772.16
White Mug,SKU_1733,765.27
White Mug,SKU_1742,756.14
White Mug,SKU_1310,751.83
White Mug,SKU_1326,751.1
White Mug,SKU_1641,742.81
White Mug,SKU_1280,740.3
White Mug,SKU_1265,727.39
White Mug,SKU_1632,724.73
White Mug,SKU_1899,698.6
White Mug,SKU_1414,692.27
White Mug,SKU_1164,688.39
White Mug,SKU_1534,670.49
White Mug,SKU_1469,663.71
White Mug,SKU_1766,643.83
White Mug,SKU_1826,625.79
White Mug,SKU_1316,624.66
White Mug,SKU_1567,616.44
White Mug,SKU_1599,605.25
White Mug,SKU_1624,575.34
White Mug,SKU_1521,571.88
White Mug,SKU_1121,559.74
White Mug,SKU_1801,545.74
White Mug,SKU_1913,542.03
White Mug,SKU_1084,537.85
White Mug,SKU_1079,521.3
White Mug,SKU_1464,514.07
White Mug,SKU_1731,477.92
White Mug,SKU_1167,468.7
White Mug,SKU_1825,455.51
White Mug,SKU_1532,454.29
White Mug,SKU_1734,453.8
White Mug,SKU_1890,447.89
White Mug,SKU_1573,440.15
White Mug,SKU_1032,423.92
White Mug,SKU_1839,419.57
White Mug,SKU_1815,419.07
White Mug,SKU_1435,414.28
White Mug,SKU_1563,409.56
White Mug,SKU_1926,378.93
White Mug,SKU_1453,349.92
White Mug,SKU_1928,342.25
White Mug,SKU_1090,319.28
White Mug,SKU_1048,303.12
White Mug,SKU_1990,292.63
White Mug,SKU_1862,281.28
White Mug,SKU_1076,266.16
White Mug,SKU_1423,243.12
White Mug,SKU_1266,226.45
White Mug,SKU_1537,225.29
White Mug,SKU_1693,186.22
White Mug,SKU_1872,166.5
White Mug,SKU_1770,163.09
White Mug,SKU_1358,160.37
White Mug,SKU_1698,149.99
White Mug,SKU_1865,111.87
White Mug,SKU_1689,106.19
White Mug,SKU_1432,91.86
White Mug,SKU_1888,50.41
White Mug,SKU_1560,47.43
White Mug,SKU_1244,36.49
White Mug,SKU_1243,2.79
Wireless Mouse,SKU_1372,17173.6
Wireless Mouse,SKU_1106,15032.51
Wireless Mouse,SKU_1166,13980.77
Wireless Mouse,SKU_1148,13843.25
Wireless Mouse,SKU_1728,13153.51
Wireless Mouse,SKU_1726,12955.53
Wireless Mouse,SKU_1654,12695.43
Wireless Mouse,SKU_1336,12665.05
Wireless Mouse,SKU_1608,12399.01
Wireless Mouse,SKU_1693,12375.58
Wireless Mouse,SKU_1255,12328.07
Wireless Mouse,SKU_1185,12271.15
Wireless Mouse,SKU_1312,12200.7
Wireless Mouse,SKU_1871,12048.76
Wireless Mouse,SKU_1856,11963.25
Wireless Mouse,SKU_1995,11867.11
Wireless Mouse,SKU_1600,11323.97
Wireless Mouse,SKU_1895,11300.01
Wireless Mouse,SKU_1760,11289.52
Wireless Mouse,SKU_1504,11275.38
Wireless Mouse,SKU_1803,11211.99
Wireless Mouse,SKU_1771,10939.03
Wireless Mouse,SKU_1295,10938.24
Wireless Mouse,SKU_1580,10800.23
Wireless Mouse,SKU_1137,10681.0
Wireless Mouse,SKU_1169,10646.06
Wireless Mouse,SKU_1398,10635.54
Wireless Mouse,SKU_1087,10603.62
Wireless Mouse,SKU_1343,10588.08
Wireless Mouse,SKU_1024,10471.1
Wireless Mouse,SKU_1421,10464.58
Wireless Mouse,SKU_1378,10381.01
Wireless Mouse,SKU_1762,10360.17
Wireless Mouse,SKU_1278,10321.01
Wireless Mouse,SKU_1170,10245.16
Wireless Mouse,SKU_1897,10185.39
Wireless Mouse,SKU_1405,10174.64
Wireless Mouse,SKU_1077,10092.47
Wireless Mouse,SKU_1757,10050.45
Wireless Mouse,SKU_1541,10032.89
Wireless Mouse,SKU_1173,10030.1
Wireless Mouse,SKU_1376,9992.24
Wireless Mouse,SKU_1741,9967.38
Wireless Mouse,SKU_1383,9911.82
Wireless Mouse,SKU_1100,9848.25
Wireless Mouse,SKU_1651,9822.02
Wireless Mouse,SKU_1086,9792.98
Wireless Mouse,SKU_1257,9709.84
Wireless Mouse,SKU_1307,9690.75
Wireless Mouse,SKU_1446,9624.35
Wireless Mouse,SKU_1439,9611.11
Wireless Mouse,SKU_1072,9486.02
Wireless Mouse,SKU_1944,9448.13
Wireless Mouse,SKU_1784,9353.27
Wireless Mouse,SKU_1236,9343.33
Wireless Mouse,SKU_1281,9293.56
Wireless Mouse,SKU_1322,9198.52
Wireless Mouse,SKU_1605,9183.55
Wireless Mouse,SKU_1526,9054.1
Wireless Mouse,SKU_1228,9052.13
Wireless Mouse,SKU_1606,8981.08
Wireless Mouse,SKU_1357,8963.7
Wireless Mouse,SKU_1513,8884.75
Wireless Mouse,SKU_1085,8881.44
Wireless Mouse,SKU_1776,8868.22
Wireless Mouse,SKU_1496,8849.95
Wireless Mouse,SKU_1276,8843.8
Wireless Mouse,SKU_1451,8779.75
Wireless Mouse,SKU_1285,8769.3
Wireless Mouse,SKU_1349,8765.53
Wireless Mouse,SKU_1575,8732.58
Wireless Mouse,SKU_1221,8724.6
Wireless Mouse,SKU_1066,8685.84
Wireless Mouse,SKU_1418,8673.97
Wireless Mouse,SKU_1355,8655.99
Wireless Mouse,SKU_1663,8484.4
Wireless Mouse,SKU_1556,8461.04
Wireless Mouse,SKU_1566,8459.42
Wireless Mouse,SKU_1577,8420.24
Wireless Mouse,SKU_1329,8411.25
Wireless Mouse,SKU_1284,8316.73
Wireless Mouse,SKU_1537,8308.97
Wireless Mouse,SKU_1214,8303.43
Wireless Mouse,SKU_1465,8292.26
Wireless Mouse,SKU_1968,8254.99
Wireless Mouse,SKU_1233,8251.74
Wireless Mouse,SKU_1538,8228.63
Wireless Mouse,SKU_1341,8222.94
Wireless Mouse,SKU_1436,8168.33
Wireless Mouse,SKU_1104,8121.73
Wireless Mouse,SKU_1210,8118.87
Wireless Mouse,SKU_1585,8117.93
Wireless Mouse,SKU_1554,8110.35
Wireless Mouse,SKU_1884,8097.21
Wireless Mouse,SKU_1353,8063.89
Wireless Mouse,SKU_1867,8055.76
Wireless Mouse,SKU_1344,8035.55
Wireless Mouse,SKU_1516,8022.41
Wireless Mouse,SKU_1692,7984.24
Wireless Mouse,SKU_1977,7979.17
Wireless Mouse,SKU_1415,7957.11
Wireless Mouse,SKU_1030,7947.61
Wireless Mouse,SKU_1788,7935.28
Wireless Mouse,SKU_1769,7932.36
Wireless Mouse,SKU_1193,7903.56
Wireless Mouse,SKU_1065,7861.17
Wireless Mouse,SKU_1517,7845.29
Wireless Mouse,SKU_1112,7841.28
Wireless Mouse,SKU_1718,7830.47
Wireless Mouse,SKU_1424,7808.04
Wireless Mouse,SKU_1392,7771.34
Wireless Mouse,SKU_1622,7763.25
Wireless Mouse,SKU_1062,7758.3
Wireless Mouse,SKU_1110,7735.64
Wireless Mouse,SKU_1799,7730.55
Wireless Mouse,SKU_1502,7715.08
Wireless Mouse,SKU_1652,7672.86
Wireless Mouse,SKU_1117,7645.69
Wireless Mouse,SKU_1909,7644.8
Wireless Mouse,SKU_1740,7642.44
Wireless Mouse,SKU_1479,7610.92
Wireless Mouse,SKU_1186,7583.96
Wireless Mouse,SKU_1748,7541.83
Wireless Mouse,SKU_1931,7531.95
Wireless Mouse,SKU_1974,7519.23
Wireless Mouse,SKU_1719,7423.98
Wireless Mouse,SKU_1567,7417.74
Wireless Mouse,SKU_1306,7411.63
Wireless Mouse,SKU_1206,7410.28
Wireless Mouse,SKU_1144,7381.28
Wireless Mouse,SKU_1655,7361.95
Wireless Mouse,SKU_1321,7326.78
Wireless Mouse,SKU_1579,7292.61
Wireless Mouse,SKU_1670,7278.64
Wireless Mouse,SKU_1953,7254.26
Wireless Mouse,SKU_1911,7221.72
Wireless Mouse,SKU_1794,7202.0
Wireless Mouse,SKU_1397,7199.87
Wireless Mouse,SKU_1964,7182.03
Wireless Mouse,SKU_1621,7172.75
Wireless Mouse,SKU_1126,7169.26
Wireless Mouse,SKU_1542,7155.2
Wireless Mouse,SKU_1644,7151.6
Wireless Mouse,SKU_1809,7141.53
Wireless Mouse,SKU_1796,7131.88
Wireless Mouse,SKU_1093,7121.43
Wireless Mouse,SKU_1766,7086.18
Wireless Mouse,SKU_1949,7071.09
Wireless Mouse,SKU_1303,7054.05
Wireless Mouse,SKU_1099,7039.93
Wireless Mouse,SKU_1912,7035.61
Wireless Mouse,SKU_1125,7030.18
Wireless Mouse,SKU_1438,7024.86
Wireless Mouse,SKU_1990,7023.64
Wireless Mouse,SKU_1153,7023.35
Wireless Mouse,SKU_1225,7013.62
Wireless Mouse,SKU_1598,6989.4
Wireless Mouse,SKU_1872,6979.48
Wireless Mouse,SKU_1640,6974.7
Wireless Mouse,SKU_1140,6957.1
Wireless Mouse,SKU_1224,6956.35
Wireless Mouse,SKU_1497,6954.2
Wireless Mouse,SKU_1954,6935.32
Wireless Mouse,SKU_1131,6917.07
Wireless Mouse,SKU_1940,6913.35
Wireless Mouse,SKU_1817,6893.12
Wireless Mouse,SKU_1509,6884.59
Wireless Mouse,SKU_1660,6862.69
Wireless Mouse,SKU_1975,6820.59
Wireless Mouse,SKU_1988,6801.26
Wireless Mouse,SKU_1500,6799.05
Wireless Mouse,SKU_1187,6793.76
Wireless Mouse,SKU_1956,6786.1
Wireless Mouse,SKU_1441,6775.35
Wireless Mouse,SKU_1133,6768.92
Wireless Mouse,SKU_1051,6757.26
Wireless Mouse,SKU_1927,6744.48
Wireless Mouse,SKU_1962,6739.84
Wireless Mouse,SKU_1090,6720.11
Wireless Mouse,SKU_1723,6712.83
Wireless Mouse,SKU_1557,6710.75
Wireless Mouse,SKU_1387,6704.41
Wireless Mouse,SKU_1761,6699.21
Wireless Mouse,SKU_1449,6687.65
Wireless Mouse,SKU_1354,6665.48
Wireless Mouse,SKU_1037,6648.79
Wireless Mouse,SKU_1011,6607.81
Wireless Mouse,SKU_1834,6588.38
Wireless Mouse,SKU_1395,6560.01
Wireless Mouse,SKU_1609,6554.73
Wireless Mouse,SKU_1546,6516.19
Wireless Mouse,SKU_1623,6490.16
Wireless Mouse,SKU_1265,6459.77
Wireless Mouse,SKU_1929,6458.55
Wireless Mouse,SKU_1716,6428.58
Wireless Mouse,SKU_1641,6414.02
Wireless Mouse,SKU_1755,6391.72
Wireless Mouse,SKU_1463,6376.56
Wireless Mouse,SKU_1380,6365.13
Wireless Mouse,SKU_1116,6358.32
Wireless Mouse,SKU_1853,6317.31
Wireless Mouse,SKU_1420,6277.07
Wireless Mouse,SKU_1852,6265.05
Wireless Mouse,SKU_1426,6238.45
Wireless Mouse,SKU_1417,6236.47
Wireless Mouse,SKU_1620,6215.67
Wireless Mouse,SKU_1373,6185.51
Wireless Mouse,SKU_1053,6147.77
Wireless Mouse,SKU_1524,6145.71
Wireless Mouse,SKU_1905,6143.43
Wireless Mouse,SKU_1283,6134.65
Wireless Mouse,SKU_1878,6108.13
Wireless Mouse,SKU_1165,6102.17
Wireless Mouse,SKU_1056,6101.09
Wireless Mouse,SKU_1074,6069.86
Wireless Mouse,SKU_1079,6054.04
Wireless Mouse,SKU_1829,6048.94
Wireless Mouse,SKU_1041,6040.12
Wireless Mouse,SKU_1695,6033.83
Wireless Mouse,SKU_1067,6020.68
Wireless Mouse,SKU_1179,6001.38
Wireless Mouse,SKU_1317,5990.89
Wireless Mouse,SKU_1008,5982.71
Wireless Mouse,SKU_1414,5969.23
Wireless Mouse,SKU_1646,5955.85
Wireless Mouse,SKU_1658,5948.93
Wireless Mouse,SKU_1001,5948.72
Wireless Mouse,SKU_1381,5947.08
Wireless Mouse,SKU_1572,5939.83
Wireless Mouse,SKU_1044,5928.17
Wireless Mouse,SKU_1338,5927.56
Wireless Mouse,SKU_1702,5927.06
Wireless Mouse,SKU_1866,5923.76
Wireless Mouse,SKU_1512,5923.73
Wireless Mouse,SKU_1146,5919.51
Wireless Mouse,SKU_1029,5913.4
Wireless Mouse,SKU_1362,5893.69
Wireless Mouse,SKU_1750,5884.48
Wireless Mouse,SKU_1573,5883.73
Wireless Mouse,SKU_1241,5882.97
Wireless Mouse,SKU_1923,5876.7
Wireless Mouse,SKU_1476,5873.2
Wireless Mouse,SKU_1836,5853.98
Wireless Mouse,SKU_1201,5853.84
Wireless Mouse,SKU_1979,5849.89
Wireless Mouse,SKU_1202,5847.73
Wireless Mouse,SKU_1523,5833.38
Wireless Mouse,SKU_1493,5821.62
Wireless Mouse,SKU_1563,5815.23
Wireless Mouse,SKU_1020,5803.36
Wireless Mouse,SKU_1208,5801.89
Wireless Mouse,SKU_1406,5799.97
Wireless Mouse,SKU_1293,5777.26
Wireless Mouse,SKU_1367,5770.06
Wireless Mouse,SKU_1471,5755.01
Wireless Mouse,SKU_1894,5732.07
Wireless Mouse,SKU_1260,5731.28
Wireless Mouse,SKU_1114,5722.17
Wireless Mouse,SKU_1681,5720.11
Wireless Mouse,SKU_1198,5712.77
Wireless Mouse,SKU_1880,5711.77
Wireless Mouse,SKU_1634,5699.57
Wireless Mouse,SKU_1057,5688.32
Wireless Mouse,SKU_1470,5668.57
Wireless Mouse,SKU_1091,5666.81
Wireless Mouse,SKU_1268,5659.55
Wireless Mouse,SKU_1614,5643.36
Wireless Mouse,SKU_1544,5639.35
Wireless Mouse,SKU_1286,5609.33
Wireless Mouse,SKU_1893,5603.98
Wireless Mouse,SKU_1838,5601.5
Wireless Mouse,SKU_1980,5594.47
Wireless Mouse,SKU_1847,5593.46
Wireless Mouse,SKU_1111,5541.43
Wireless Mouse,SKU_1973,5533.63
Wireless Mouse,SKU_1998,5531.43
Wireless Mouse,SKU_1941,5516.3
Wireless Mouse,SKU_1006,5504.75
Wireless Mouse,SKU_1935,5503.07
Wireless Mouse,SKU_1452,5502.95
Wireless Mouse,SKU_1797,5496.88
Wireless Mouse,SKU_1244,5489.58
Wireless Mouse,SKU_1806,5485.69
Wireless Mouse,SKU_1023,5478.93
Wireless Mouse,SKU_1547,5471.97
Wireless Mouse,SKU_1427,5464.91
Wireless Mouse,SKU_1128,5450.62
Wireless Mouse,SKU_1485,5448.13
Wireless Mouse,SKU_1063,5441.36
Wireless Mouse,SKU_1584,5438.35
Wireless Mouse,SKU_1261,5416.96
Wireless Mouse,SKU_1763,5408.74
Wireless Mouse,SKU_1976,5406.77
Wireless Mouse,SKU_1272,5406.05
Wireless Mouse,SKU_1643,5405.42
Wireless Mouse,SKU_1917,5401.5
Wireless Mouse,SKU_1389,5397.35
Wireless Mouse,SKU_1713,5386.74
Wireless Mouse,SKU_1690,5379.34
Wireless Mouse,SKU_1189,5350.87
Wireless Mouse,SKU_1003,5348.17
Wireless Mouse,SKU_1174,5343.08
Wireless Mouse,SKU_1947,5342.45
Wireless Mouse,SKU_1429,5323.66
Wireless Mouse,SKU_1226,5320.74
Wireless Mouse,SKU_1808,5312.59
Wireless Mouse,SKU_1050,5302.84
Wireless Mouse,SKU_1183,5287.79
Wireless Mouse,SKU_1251,5278.96
Wireless Mouse,SKU_1864,5276.85
Wireless Mouse,SKU_1550,5276.17
Wireless Mouse,SKU_1982,5272.38
Wireless Mouse,SKU_1301,5271.76
Wireless Mouse,SKU_1330,5266.67
Wireless Mouse,SKU_1046,5261.18
Wireless Mouse,SKU_1445,5253.36
Wireless Mouse,SKU_1249,5246.11
Wireless Mouse,SKU_1896,5238.32
Wireless Mouse,SKU_1870,5237.14
Wireless Mouse,SKU_1351,5229.65
Wireless Mouse,SKU_1739,5228.87
Wireless Mouse,SKU_1996,5224.15
Wireless Mouse,SKU_1562,5211.27
Wireless Mouse,SKU_1404,5173.51
Wireless Mouse,SKU_1591,5167.24
Wireless Mouse,SKU_1073,5164.19
Wireless Mouse,SKU_1960,5141.31
Wireless Mouse,SKU_1305,5138.26
Wireless Mouse,SKU_1805,5136.4
Wireless Mouse,SKU_1155,5136.34
Wireless Mouse,SKU_1080,5121.77
Wireless Mouse,SKU_1175,5098.05
Wireless Mouse,SKU_1592,5089.76
Wireless Mouse,SKU_1328,5086.1
Wireless Mouse,SKU_1671,5085.4
Wireless Mouse,SKU_1907,5057.39
Wireless Mouse,SKU_1461,5052.19
Wireless Mouse,SKU_1370,5045.69
Wireless Mouse,SKU_1252,5043.25
Wireless Mouse,SKU_1167,5042.99
Wireless Mouse,SKU_1540,5040.49
Wireless Mouse,SKU_1650,5038.13
Wireless Mouse,SKU_1070,5032.84
Wireless Mouse,SKU_1696,5026.48
Wireless Mouse,SKU_1913,5020.95
Wireless Mouse,SKU_1121,5000.79
Wireless Mouse,SKU_1484,4999.49
Wireless Mouse,SKU_1963,4998.01
Wireless Mouse,SKU_1248,4997.31
Wireless Mouse,SKU_1532,4985.53
Wireless Mouse,SKU_1019,4983.42
Wireless Mouse,SKU_1163,4977.29
Wireless Mouse,SKU_1710,4972.03
Wireless Mouse,SKU_1156,4953.75
Wireless Mouse,SKU_1752,4945.15
Wireless Mouse,SKU_1758,4932.13
Wireless Mouse,SKU_1899,4921.03
Wireless Mouse,SKU_1416,4918.21
Wireless Mouse,SKU_1288,4917.96
Wireless Mouse,SKU_1522,4911.86
Wireless Mouse,SKU_1983,4898.57
Wireless Mouse,SKU_1859,4895.19
Wireless Mouse,SKU_1874,4876.06
Wireless Mouse,SKU_1356,4872.99
Wireless Mouse,SKU_1135,4871.08
Wireless Mouse,SKU_1178,4848.27
Wireless Mouse,SKU_1366,4844.19
Wireless Mouse,SKU_1738,4842.63
Wireless Mouse,SKU_1890,4820.58
Wireless Mouse,SKU_1138,4819.33
Wireless Mouse,SKU_1410,4813.23
Wireless Mouse,SKU_1368,4808.89
Wireless Mouse,SKU_1645,4803.5
Wireless Mouse,SKU_1342,4803.09
Wireless Mouse,SKU_1390,4788.48
Wireless Mouse,SKU_1171,4786.85
Wireless Mouse,SKU_1457,4772.74
Wireless Mouse,SKU_1253,4760.01
Wireless Mouse,SKU_1049,4755.49
Wireless Mouse,SKU_1627,4740.05
Wireless Mouse,SKU_1891,4738.71
Wireless Mouse,SKU_1900,4733.22
Wireless Mouse,SKU_1207,4722.28
Wireless Mouse,SKU_1399,4722.22
Wireless Mouse,SKU_1993,4720.66
Wireless Mouse,SKU_1162,4719.24
Wireless Mouse,SKU_1108,4714.31
Wireless Mouse,SKU_1031,4695.1
Wireless Mouse,SKU_1211,4682.21
Wireless Mouse,SKU_1802,4661.42
Wireless Mouse,SKU_1969,4651.73
Wireless Mouse,SKU_1466,4651.01
Wireless Mouse,SKU_1849,4639.04
Wireless Mouse,SKU_1459,4637.43
Wireless Mouse,SKU_1751,4618.74
Wireless Mouse,SKU_1682,4609.2
Wireless Mouse,SKU_1431,4600.28
Wireless Mouse,SKU_1574,4591.96
Wireless Mouse,SKU_1180,4573.78
Wireless Mouse,SKU_1568,4564.23
Wireless Mouse,SKU_1141,4558.95
Wireless Mouse,SKU_1460,4558.13
Wireless Mouse,SKU_1300,4554.01
Wireless Mouse,SKU_1408,4551.6
Wireless Mouse,SKU_1082,4548.34
Wireless Mouse,SKU_1258,4547.16
Wireless Mouse,SKU_1401,4540.04
Wireless Mouse,SKU_1987,4526.67
Wireless Mouse,SKU_1833,4521.24
Wireless Mouse,SKU_1742,4500.84
Wireless Mouse,SKU_1015,4500.82
Wireless Mouse,SKU_1705,4496.79
Wireless Mouse,SKU_1863,4493.96
Wireless Mouse,SKU_1409,4493.69
Wireless Mouse,SKU_1299,4493.35
Wireless Mouse,SKU_1403,4492.44
Wireless Mouse,SKU_1323,4475.16
Wireless Mouse,SKU_1531,4467.57
Wireless Mouse,SKU_1335,4461.95
Wireless Mouse,SKU_1733,4461.83
Wireless Mouse,SKU_1473,4455.11
Wireless Mouse,SKU_1617,4450.81
Wireless Mouse,SKU_1274,4449.94
Wireless Mouse,SKU_1647,4446.5
Wireless Mouse,SKU_1727,4432.29
Wireless Mouse,SKU_1529,4425.82
Wireless Mouse,SKU_1136,4407.2
Wireless Mouse,SKU_1422,4405.6
Wireless Mouse,SKU_1965,4401.04
Wireless Mouse,SKU_1687,4383.89
Wireless Mouse,SKU_1775,4380.38
Wireless Mouse,SKU_1302,4380.13
Wireless Mouse,SKU_1440,4379.95
Wireless Mouse,SKU_1277,4373.64
Wireless Mouse,SKU_1339,4368.46
Wireless Mouse,SKU_1089,4360.04
Wireless Mouse,SKU_1243,4353.83
Wireless Mouse,SKU_1388,4304.86
Wireless Mouse,SKU_1200,4303.12
Wireless Mouse,SKU_1970,4302.59
Wireless Mouse,SKU_1835,4302.38
Wireless Mouse,SKU_1521,4301.36
Wireless Mouse,SKU_1811,4291.73
Wireless Mouse,SKU_1352,4291.31
Wireless Mouse,SKU_1391,4279.3
Wireless Mouse,SKU_1631,4271.95
Wireless Mouse,SKU_1972,4251.83
Wireless Mouse,SKU_1539,4247.22
Wireless Mouse,SKU_1176,4244.53
Wireless Mouse,SKU_1720,4243.63
Wireless Mouse,SKU_1730,4231.37
Wireless Mouse,SKU_1594,4228.3
Wireless Mouse,SKU_1881,4221.04
Wireless Mouse,SKU_1060,4218.02
Wireless Mouse,SKU_1129,4217.94
Wireless Mouse,SKU_1628,4211.33
Wireless Mouse,SKU_1088,4189.77
Wireless Mouse,SKU_1092,4180.61
Wireless Mouse,SKU_1337,4171.85
Wireless Mouse,SKU_1649,4166.56
Wireless Mouse,SKU_1697,4165.14
Wireless Mouse,SKU_1957,4160.7
Wireless Mouse,SKU_1898,4160.29
Wireless Mouse,SKU_1016,4158.06
Wireless Mouse,SKU_1992,4152.23
Wireless Mouse,SKU_1768,4143.6
Wireless Mouse,SKU_1054,4140.82
Wireless Mouse,SKU_1304,4116.73
Wireless Mouse,SKU_1958,4101.24
Wireless Mouse,SKU_1447,4095.03
Wireless Mouse,SKU_1235,4095.02
Wireless Mouse,SKU_1843,4094.97
Wireless Mouse,SKU_1081,4060.56
Wireless Mouse,SKU_1616,4056.35
Wireless Mouse,SKU_1703,4052.91
Wireless Mouse,SKU_1828,4048.47
Wireless Mouse,SKU_1280,4041.6
Wireless Mouse,SKU_1602,4032.11
Wireless Mouse,SKU_1662,4027.41
Wireless Mouse,SKU_1215,4021.92
Wireless Mouse,SKU_1413,4018.25
Wireless Mouse,SKU_1209,4015.72
Wireless Mouse,SKU_1263,4003.85
Wireless Mouse,SKU_1810,4003.25
Wireless Mouse,SKU_1014,3993.9
Wireless Mouse,SKU_1820,3992.74
Wireless Mouse,SKU_1204,3991.26
Wireless Mouse,SKU_1749,3982.38
Wireless Mouse,SKU_1332,3976.01
Wireless Mouse,SKU_1519,3968.21
Wireless Mouse,SKU_1477,3954.51
Wireless Mouse,SKU_1325,3943.01
Wireless Mouse,SKU_1275,3942.67
Wireless Mouse,SKU_1360,3942.49
Wireless Mouse,SKU_1747,3942.47
Wireless Mouse,SKU_1886,3941.54
Wireless Mouse,SKU_1264,3937.24
Wireless Mouse,SKU_1938,3931.12
Wireless Mouse,SKU_1677,3924.42
Wireless Mouse,SKU_1454,3922.6
Wireless Mouse,SKU_1735,3921.8
Wireless Mouse,SKU_1700,3916.0
Wireless Mouse,SKU_1814,3913.32
Wireless Mouse,SKU_1369,3908.17
Wireless Mouse,SKU_1753,3905.45
Wireless Mouse,SKU_1570,3897.01
Wireless Mouse,SKU_1919,3896.76
Wireless Mouse,SKU_1518,3895.54
Wireless Mouse,SKU_1932,3875.95
Wireless Mouse,SKU_1474,3848.16
Wireless Mouse,SKU_1047,3839.37
Wireless Mouse,SKU_1494,3838.35
Wireless Mouse,SKU_1607,3820.65
Wireless Mouse,SKU_1851,3818.84
Wireless Mouse,SKU_1340,3804.97
Wireless Mouse,SKU_1934,3800.35
Wireless Mouse,SKU_1603,3799.43
Wireless Mouse,SKU_1412,3794.7
Wireless Mouse,SKU_1442,3794.45
Wireless Mouse,SKU_1936,3779.8
Wireless Mouse,SKU_1487,3772.57
Wireless Mouse,SKU_1924,3768.29
Wireless Mouse,SKU_1625,3761.99
Wireless Mouse,SKU_1152,3752.82
Wireless Mouse,SKU_1999,3746.84
Wireless Mouse,SKU_1918,3735.66
Wireless Mouse,SKU_1428,3718.06
Wireless Mouse,SKU_1630,3712.18
Wireless Mouse,SKU_1553,3707.29
Wireless Mouse,SKU_1875,3706.75
Wireless Mouse,SKU_1407,3704.2
Wireless Mouse,SKU_1297,3697.67
Wireless Mouse,SKU_1036,3685.78
Wireless Mouse,SKU_1737,3680.96
Wireless Mouse,SKU_1333,3666.25
Wireless Mouse,SKU_1374,3663.96
Wireless Mouse,SKU_1507,3659.7
Wireless Mouse,SKU_1147,3648.79
Wireless Mouse,SKU_1854,3643.5
Wireless Mouse,SKU_1707,3611.85
Wireless Mouse,SKU_1505,3607.29
Wireless Mouse,SKU_1115,3598.31
Wireless Mouse,SKU_1656,3583.16
Wireless Mouse,SKU_1384,3579.71
Wireless Mouse,SKU_1375,3576.53
Wireless Mouse,SKU_1673,3559.16
Wireless Mouse,SKU_1855,3537.96
Wireless Mouse,SKU_1419,3520.74
Wireless Mouse,SKU_1565,3490.89
Wireless Mouse,SKU_1227,3488.65
Wireless Mouse,SKU_1259,3487.68
Wireless Mouse,SKU_1708,3463.19
Wireless Mouse,SKU_1684,3459.79
Wireless Mouse,SKU_1394,3456.59
Wireless Mouse,SKU_1642,3451.43
Wireless Mouse,SKU_1961,3446.77
Wireless Mouse,SKU_1393,3441.31
Wireless Mouse,SKU_1831,3432.92
Wireless Mouse,SKU_1865,3432.76
Wireless Mouse,SKU_1289,3426.58
Wireless Mouse,SKU_1361,3416.27
Wireless Mouse,SKU_1826,3403.99
Wireless Mouse,SKU_1197,3388.41
Wireless Mouse,SKU_1107,3386.66
Wireless Mouse,SKU_1455,3385.33
Wireless Mouse,SKU_1182,3376.18
Wireless Mouse,SKU_1846,3374.43
Wireless Mouse,SKU_1942,3367.64
Wireless Mouse,SKU_1989,3362.79
Wireless Mouse,SKU_1736,3346.01
Wireless Mouse,SKU_1985,3339.05
Wireless Mouse,SKU_1629,3329.02
Wireless Mouse,SKU_1948,3318.62
Wireless Mouse,SKU_1203,3307.09
Wireless Mouse,SKU_1691,3302.43
Wireless Mouse,SKU_1279,3289.42
Wireless Mouse,SKU_1331,3274.7
Wireless Mouse,SKU_1480,3274.19
Wireless Mouse,SKU_1902,3262.08
Wireless Mouse,SKU_1194,3258.46
Wireless Mouse,SKU_1231,3253.26
Wireless Mouse,SKU_1481,3247.55
Wireless Mouse,SKU_1078,3241.09
Wireless Mouse,SKU_1101,3239.8
Wireless Mouse,SKU_1005,3237.39
Wireless Mouse,SKU_1012,3212.39
Wireless Mouse,SKU_1764,3211.17
Wireless Mouse,SKU_1240,3205.25
Wireless Mouse,SKU_1142,3203.03
Wireless Mouse,SKU_1578,3202.68
Wireless Mouse,SKU_1348,3192.6
Wireless Mouse,SKU_1475,3190.82
Wireless Mouse,SKU_1624,3177.64
Wireless Mouse,SKU_1159,3175.01
Wireless Mouse,SKU_1120,3169.49
Wireless Mouse,SKU_1168,3161.09
Wireless Mouse,SKU_1793,3146.33
Wireless Mouse,SKU_1955,3141.03
Wireless Mouse,SKU_1815,3135.6
Wireless Mouse,SKU_1400,3130.3
Wireless Mouse,SKU_1638,3125.32
Wireless Mouse,SKU_1823,3121.49
Wireless Mouse,SKU_1319,3106.62
Wireless Mouse,SKU_1689,3100.46
Wireless Mouse,SKU_1058,3093.02
Wireless Mouse,SKU_1071,3084.0
Wireless Mouse,SKU_1589,3078.97
Wireless Mouse,SKU_1659,3077.92
Wireless Mouse,SKU_1596,3073.38
Wireless Mouse,SKU_1262,3056.26
Wireless Mouse,SKU_1786,3048.13
Wireless Mouse,SKU_1887,3042.79
Wireless Mouse,SKU_1109,3021.82
Wireless Mouse,SKU_1256,3012.76
Wireless Mouse,SKU_1105,3009.26
Wireless Mouse,SKU_1039,3006.42
Wireless Mouse,SKU_1801,2989.51
Wireless Mouse,SKU_1876,2988.53
Wireless Mouse,SKU_1423,2987.71
Wireless Mouse,SKU_1782,2982.74
Wireless Mouse,SKU_1472,2974.78
Wireless Mouse,SKU_1377,2970.91
Wireless Mouse,SKU_1587,2969.45
Wireless Mouse,SKU_1097,2963.49
Wireless Mouse,SKU_1456,2961.16
Wireless Mouse,SKU_1916,2958.95
Wireless Mouse,SKU_1365,2946.78
Wireless Mouse,SKU_1239,2941.58
Wireless Mouse,SKU_1132,2933.68
Wireless Mouse,SKU_1746,2927.37
Wireless Mouse,SKU_1316,2917.8
Wireless Mouse,SKU_1514,2916.71
Wireless Mouse,SKU_1922,2914.24
Wireless Mouse,SKU_1997,2905.93
Wireless Mouse,SKU_1527,2901.21
Wireless Mouse,SKU_1543,2896.63
Wireless Mouse,SKU_1795,2893.02
Wireless Mouse,SKU_1699,2891.75
Wireless Mouse,SKU_1222,2891.45
Wireless Mouse,SKU_1266,2886.22
Wireless Mouse,SKU_1506,2878.11
Wireless Mouse,SKU_1134,2872.82
Wireless Mouse,SKU_1021,2855.08
Wireless Mouse,SKU_1633,2849.04
Wireless Mouse,SKU_1783,2845.51
Wireless Mouse,SKU_1945,2834.24
Wireless Mouse,SKU_1098,2827.73
Wireless Mouse,SKU_1666,2826.04
Wireless Mouse,SKU_1291,2821.25
Wireless Mouse,SKU_1294,2817.38
Wireless Mouse,SKU_1396,2815.66
Wireless Mouse,SKU_1832,2813.72
Wireless Mouse,SKU_1678,2813.08
Wireless Mouse,SKU_1095,2811.65
Wireless Mouse,SKU_1770,2809.42
Wireless Mouse,SKU_1164,2808.22
Wireless Mouse,SKU_1683,2804.2
Wireless Mouse,SKU_1212,2781.37
Wireless Mouse,SKU_1813,2780.2
Wireless Mouse,SKU_1844,2775.61
Wireless Mouse,SKU_1469,2770.29
Wireless Mouse,SKU_1103,2762.65
Wireless Mouse,SKU_1582,2757.53
Wireless Mouse,SKU_1711,2754.57
Wireless Mouse,SKU_1038,2752.82
Wireless Mouse,SKU_1382,2749.9
Wireless Mouse,SKU_1619,2746.78
Wireless Mouse,SKU_1754,2743.75
Wireless Mouse,SKU_1045,2743.57
Wireless Mouse,SKU_1334,2730.0
Wireless Mouse,SKU_1495,2718.99
Wireless Mouse,SKU_1914,2714.18
Wireless Mouse,SKU_1246,2713.81
Wireless Mouse,SKU_1032,2709.48
Wireless Mouse,SKU_1094,2703.39
Wireless Mouse,SKU_1468,2689.09
Wireless Mouse,SKU_1551,2676.25
Wireless Mouse,SKU_1888,2674.44
Wireless Mouse,SKU_1952,2661.85
Wireless Mouse,SKU_1549,2658.89
Wireless Mouse,SKU_1966,2658.09
Wireless Mouse,SKU_1219,2656.65
Wireless Mouse,SKU_1818,2647.06
Wireless Mouse,SKU_1679,2633.24
Wireless Mouse,SKU_1632,2627.94
Wireless Mouse,SKU_1694,2617.43
Wireless Mouse,SKU_1564,2614.09
Wireless Mouse,SKU_1026,2600.63
Wireless Mouse,SKU_1458,2596.76
Wireless Mouse,SKU_1986,2588.78
Wireless Mouse,SKU_1151,2586.19
Wireless Mouse,SKU_1991,2575.02
Wireless Mouse,SKU_1123,2565.8
Wireless Mouse,SKU_1597,2560.99
Wireless Mouse,SKU_1229,2560.34
Wireless Mouse,SKU_1515,2559.99
Wireless Mouse,SKU_1545,2559.39
Wireless Mouse,SKU_1635,2557.82
Wireless Mouse,SKU_1064,2555.96
Wireless Mouse,SKU_1345,2547.85
Wireless Mouse,SKU_1869,2540.6
Wireless Mouse,SKU_1724,2539.52
Wireless Mouse,SKU_1734,2535.52
Wireless Mouse,SKU_1639,2518.98
Wireless Mouse,SKU_1951,2518.96
Wireless Mouse,SKU_1534,2516.1
Wireless Mouse,SKU_1933,2511.04
Wireless Mouse,SKU_1327,2509.42
Wireless Mouse,SKU_1350,2501.53
Wireless Mouse,SKU_1118,2499.84
Wireless Mouse,SKU_1561,2498.03
Wireless Mouse,SKU_1503,2491.74
Wireless Mouse,SKU_1709,2489.46
Wireless Mouse,SKU_1612,2480.8
Wireless Mouse,SKU_1778,2468.89
Wireless Mouse,SKU_1717,2452.68
Wireless Mouse,SKU_1555,2435.66
Wireless Mouse,SKU_1048,2422.05
Wireless Mouse,SKU_1511,2407.66
Wireless Mouse,SKU_1873,2390.74
Wireless Mouse,SKU_1157,2379.22
Wireless Mouse,SKU_1745,2379.16
Wireless Mouse,SKU_1195,2378.67
Wireless Mouse,SKU_1839,2370.6
Wireless Mouse,SKU_1604,2356.93
Wireless Mouse,SKU_1245,2353.71
Wireless Mouse,SKU_1669,2353.64
Wireless Mouse,SKU_1488,2351.64
Wireless Mouse,SKU_1320,2341.88
Wireless Mouse,SKU_1004,2339.36
Wireless Mouse,SKU_1837,2337.77
Wireless Mouse,SKU_1482,2330.05
Wireless Mouse,SKU_1667,2308.59
Wireless Mouse,SKU_1269,2300.11
Wireless Mouse,SKU_1725,2297.88
Wireless Mouse,SKU_1804,2283.38
Wireless Mouse,SKU_1937,2278.39
Wireless Mouse,SKU_1601,2260.31
Wireless Mouse,SKU_1486,2239.32
Wireless Mouse,SKU_1994,2226.49
Wireless Mouse,SKU_1950,2225.66
Wireless Mouse,SKU_1310,2217.13
Wireless Mouse,SKU_1181,2214.46
Wireless Mouse,SKU_1848,2208.46
Wireless Mouse,SKU_1043,2207.97
Wireless Mouse,SKU_1559,2198.93
Wireless Mouse,SKU_1076,2196.05
Wireless Mouse,SKU_1675,2177.01
Wireless Mouse,SKU_1055,2159.03
Wireless Mouse,SKU_1315,2158.31
Wireless Mouse,SKU_1425,2137.78
Wireless Mouse,SKU_1287,2126.31
Wireless Mouse,SKU_1234,2119.13
Wireless Mouse,SKU_1491,2119.09
Wireless Mouse,SKU_1648,2105.17
Wireless Mouse,SKU_1825,2101.07
Wireless Mouse,SKU_1807,2099.93
Wireless Mouse,SKU_1122,2095.13
Wireless Mouse,SKU_1595,2093.69
Wireless Mouse,SKU_1358,2087.13
Wireless Mouse,SKU_1618,2075.26
Wireless Mouse,SKU_1296,2074.93
Wireless Mouse,SKU_1347,2073.1
Wireless Mouse,SKU_1084,2055.58
Wireless Mouse,SKU_1926,2055.23
Wireless Mouse,SKU_1536,2037.99
Wireless Mouse,SKU_1827,2036.29
Wireless Mouse,SKU_1773,2029.86
Wireless Mouse,SKU_1199,2028.96
Wireless Mouse,SKU_1217,2024.67
Wireless Mouse,SKU_1759,2011.68
Wireless Mouse,SKU_1840,2006.67
Wireless Mouse,SKU_1033,1994.54
Wireless Mouse,SKU_1959,1980.97
Wireless Mouse,SKU_1213,1958.66
Wireless Mouse,SKU_1216,1958.5
Wireless Mouse,SKU_1971,1958.18
Wireless Mouse,SKU_1013,1951.35
Wireless Mouse,SKU_1560,1942.51
Wireless Mouse,SKU_1184,1938.13
Wireless Mouse,SKU_1040,1936.51
Wireless Mouse,SKU_1830,1935.66
Wireless Mouse,SKU_1653,1919.69
Wireless Mouse,SKU_1731,1918.64
Wireless Mouse,SKU_1819,1913.65
Wireless Mouse,SKU_1772,1905.75
Wireless Mouse,SKU_1483,1904.72
Wireless Mouse,SKU_1901,1897.62
Wireless Mouse,SKU_1767,1886.48
Wireless Mouse,SKU_1119,1883.37
Wireless Mouse,SKU_1308,1870.95
Wireless Mouse,SKU_1154,1869.58
Wireless Mouse,SKU_1379,1846.19
Wireless Mouse,SKU_1318,1835.49
Wireless Mouse,SKU_1889,1834.21
Wireless Mouse,SKU_1774,1808.04
Wireless Mouse,SKU_1850,1807.23
Wireless Mouse,SKU_1172,1798.52
Wireless Mouse,SKU_1435,1795.56
Wireless Mouse,SKU_1588,1788.38
Wireless Mouse,SKU_1250,1786.75
Wireless Mouse,SKU_1326,1782.28
Wireless Mouse,SKU_1443,1753.48
Wireless Mouse,SKU_1860,1750.6
Wireless Mouse,SKU_1714,1747.85
Wireless Mouse,SKU_1290,1746.34
Wireless Mouse,SKU_1657,1741.21
Wireless Mouse,SKU_1150,1734.08
Wireless Mouse,SKU_1489,1732.81
Wireless Mouse,SKU_1161,1723.88
Wireless Mouse,SKU_1779,1719.92
Wireless Mouse,SKU_1492,1716.88
Wireless Mouse,SKU_1535,1710.89
Wireless Mouse,SKU_1017,1705.0
Wireless Mouse,SKU_1883,1700.69
Wireless Mouse,SKU_1385,1689.18
Wireless Mouse,SKU_1841,1684.94
Wireless Mouse,SKU_1781,1682.64
Wireless Mouse,SKU_1792,1670.54
Wireless Mouse,SKU_1984,1659.99
Wireless Mouse,SKU_1188,1655.42
Wireless Mouse,SKU_1701,1647.61
Wireless Mouse,SKU_1892,1641.48
Wireless Mouse,SKU_1143,1631.55
Wireless Mouse,SKU_1581,1628.73
Wireless Mouse,SKU_1787,1628.6
Wireless Mouse,SKU_1232,1622.42
Wireless Mouse,SKU_1069,1616.56
Wireless Mouse,SKU_1558,1614.72
Wireless Mouse,SKU_1685,1614.47
Wireless Mouse,SKU_1586,1605.22
Wireless Mouse,SKU_1433,1603.33
Wireless Mouse,SKU_1789,1589.99
Wireless Mouse,SKU_1921,1588.18
Wireless Mouse,SKU_1177,1580.61
Wireless Mouse,SKU_1672,1573.06
Wireless Mouse,SKU_1680,1572.18
Wireless Mouse,SKU_1593,1564.58
Wireless Mouse,SKU_1552,1555.19
Wireless Mouse,SKU_1904,1551.78
Wireless Mouse,SKU_1042,1548.91
Wireless Mouse,SKU_1223,1548.52
Wireless Mouse,SKU_1599,1547.84
Wireless Mouse,SKU_1267,1546.53
Wireless Mouse,SKU_1313,1537.59
Wireless Mouse,SKU_1075,1532.56
Wireless Mouse,SKU_1636,1527.42
Wireless Mouse,SKU_1498,1525.21
Wireless Mouse,SKU_1885,1525.04
Wireless Mouse,SKU_1722,1517.6
Wireless Mouse,SKU_1160,1517.53
Wireless Mouse,SKU_1139,1515.73
Wireless Mouse,SKU_1254,1504.83
Wireless Mouse,SKU_1590,1496.95
Wireless Mouse,SKU_1661,1465.95
Wireless Mouse,SKU_1946,1462.19
Wireless Mouse,SKU_1034,1460.5
Wireless Mouse,SKU_1002,1458.84
Wireless Mouse,SKU_1191,1454.03
Wireless Mouse,SKU_1721,1439.89
Wireless Mouse,SKU_1462,1430.41
Wireless Mouse,SKU_1824,1425.77
Wireless Mouse,SKU_1879,1405.61
Wireless Mouse,SKU_1908,1391.05
Wireless Mouse,SKU_1877,1354.96
Wireless Mouse,SKU_1910,1344.5
Wireless Mouse,SKU_1615,1343.04
Wireless Mouse,SKU_1862,1340.25
Wireless Mouse,SKU_1611,1337.18
Wireless Mouse,SKU_1220,1322.56
Wireless Mouse,SKU_1437,1315.23
Wireless Mouse,SKU_1450,1315.04
Wireless Mouse,SKU_1190,1312.12
Wireless Mouse,SKU_1732,1285.71
Wireless Mouse,SKU_1083,1273.92
Wireless Mouse,SKU_1218,1254.59
Wireless Mouse,SKU_1915,1251.86
Wireless Mouse,SKU_1192,1233.78
Wireless Mouse,SKU_1610,1220.59
Wireless Mouse,SKU_1800,1211.08
Wireless Mouse,SKU_1821,1208.85
Wireless Mouse,SKU_1798,1208.09
Wireless Mouse,SKU_1359,1193.3
Wireless Mouse,SKU_1967,1181.81
Wireless Mouse,SKU_1903,1173.61
Wireless Mouse,SKU_1765,1172.97
Wireless Mouse,SKU_1706,1172.62
Wireless Mouse,SKU_1113,1171.17
Wireless Mouse,SKU_1010,1165.59
Wireless Mouse,SKU_1882,1141.55
Wireless Mouse,SKU_1712,1108.92
Wireless Mouse,SKU_1861,1098.05
Wireless Mouse,SKU_1271,1080.7
Wireless Mouse,SKU_1145,1079.16
Wireless Mouse,SKU_1411,1075.7
Wireless Mouse,SKU_1664,1074.7
Wireless Mouse,SKU_1637,1074.02
Wireless Mouse,SKU_1939,1063.56
Wireless Mouse,SKU_1363,1062.89
Wireless Mouse,SKU_1576,1054.44
Wireless Mouse,SKU_1704,1047.21
Wireless Mouse,SKU_1842,1047.01
Wireless Mouse,SKU_1743,1045.68
Wireless Mouse,SKU_1027,1043.41
Wireless Mouse,SKU_1432,1038.0
Wireless Mouse,SKU_1448,1037.69
Wireless Mouse,SKU_1230,1035.47
Wireless Mouse,SKU_1676,1023.19
Wireless Mouse,SKU_1022,1021.89
Wireless Mouse,SKU_1583,1017.54
Wireless Mouse,SKU_1785,1013.22
Wireless Mouse,SKU_1364,1012.85
Wireless Mouse,SKU_1386,1004.03
Wireless Mouse,SKU_1858,993.58
Wireless Mouse,SKU_1035,977.18
Wireless Mouse,SKU_1478,973.53
Wireless Mouse,SKU_1205,968.7
Wireless Mouse,SKU_1007,948.27
Wireless Mouse,SKU_1061,934.99
Wireless Mouse,SKU_1270,934.19
Wireless Mouse,SKU_1292,929.61
Wireless Mouse,SKU_1237,905.8
Wireless Mouse,SKU_1149,903.75
Wireless Mouse,SKU_1688,876.21
Wireless Mouse,SKU_1025,863.87
Wireless Mouse,SKU_1665,846.32
Wireless Mouse,SKU_1816,827.5
Wireless Mouse,SKU_1102,819.55
Wireless Mouse,SKU_1444,791.58
Wireless Mouse,SKU_1791,774.74
Wireless Mouse,SKU_1777,769.86
Wireless Mouse,SKU_1729,768.37
Wireless Mouse,SKU_1464,764.03
Wireless Mouse,SKU_1314,759.32
Wireless Mouse,SKU_1978,754.75
Wireless Mouse,SKU_1626,753.5
Wireless Mouse,SKU_1928,729.25
Wireless Mouse,SKU_1247,724.2
Wireless Mouse,SKU_1548,717.55
Wireless Mouse,SKU_1686,716.73
Wireless Mouse,SKU_1510,699.64
Wireless Mouse,SKU_1981,682.8
Wireless Mouse,SKU_1857,672.84
Wireless Mouse,SKU_1068,660.99
Wireless Mouse,SKU_1158,650.68
Wireless Mouse,SKU_1525,620.15
Wireless Mouse,SKU_1028,619.94
Wireless Mouse,SKU_1371,617.67
Wireless Mouse,SKU_1499,586.3
Wireless Mouse,SKU_1000,584.03
Wireless Mouse,SKU_1943,583.78
Wireless Mouse,SKU_1309,528.5
Wireless Mouse,SKU_1453,502.47
Wireless Mouse,SKU_1530,500.59
Wireless Mouse,SKU_1009,451.27
Wireless Mouse,SKU_1273,411.75
Wireless Mouse,SKU_1520,388.55
Wireless Mouse,SKU_1052,387.65
Wireless Mouse,SKU_1324,382.78
Wireless Mouse,SKU_1242,382.67
Wireless Mouse,SKU_1744,369.81
Wireless Mouse,SKU_1698,360.76
Wireless Mouse,SKU_1569,360.11
Wireless Mouse,SKU_1508,358.91
Wireless Mouse,SKU_1127,351.35
Wireless Mouse,SKU_1533,337.22
Wireless Mouse,SKU_1790,316.55
Wireless Mouse,SKU_1402,304.24
Wireless Mouse,SKU_1346,291.97
Wireless Mouse,SKU_1868,280.16
Wireless Mouse,SKU_1674,270.26
Wireless Mouse,SKU_1196,263.44
Wireless Mouse,SKU_1920,261.37
Wireless Mouse,SKU_1812,249.51
Wireless Mouse,SKU_1930,248.32
Wireless Mouse,SKU_1238,234.29
Wireless Mouse,SKU_1906,216.38
Wireless Mouse,SKU_1715,179.92
Wireless Mouse,SKU_1925,130.89
Wireless Mouse,SKU_1780,117.96
Wireless Mouse,SKU_1571,110.07
Wireless Mouse,SKU_1096,88.09
Wireless Mouse,SKU_1490,77.04
Wireless Mouse,SKU_1756,70.09
Wireless Mouse,SKU_1130,63.02
Wireless Mouse,SKU_1501,45.47
Wireless Mouse,SKU_1018,2.44
